AB	Alba Iulia	46.07327	23.58049	55722
AB	Sebeș	45.95956	23.56638	20345
AB	Cugir	45.83706	23.36751	18869
AB	Aiud	46.30866	23.72456	16657
AB	Blaj	46.17472	23.91846	11905
AB	Ocna Mureș	46.38208	23.85207	6863
AB	Teiuș	46.20242	23.67804	5920
AB	Câmpeni	46.36282	23.04597	4807
AB	Petrești	45.92012	23.56286	4176
AB	Abrud	46.27269	23.06579	3856
AB	Zlatna	46.10751	23.2312	3724
AB	Unirea	46.42223	23.77366	3414
AB	Vințu de Jos	45.99203	23.48647	3113
AB	Uioara de Sus	46.38983	23.86875	3046
AB	Daia Română	46.00664	23.66758	2773
AB	Bărăbanț	46.09927	23.59545	2521
AB	Aiudul de Sus	46.31871	23.68451	2382
AB	Oarda	46.01876	23.59487	2241
AB	Bucerdea Grânoasă	46.20038	23.85973	2212
AB	Șard	46.12337	23.53113	2208
AB	Micești	46.10356	23.55264	2142
AB	Baia de Arieș	46.38065	23.28229	2097
AB	Vinerea	45.88487	23.35505	2097
AB	Mihalț	46.16111	23.76256	2013
AB	Galda de Jos	46.22387	23.56829	2006
AB	Bistra	46.3787	23.10211	1988
AB	Crăciunelu de Jos	46.17146	23.83609	1954
AB	Lunca Mureșului	46.43303	23.90903	1951
AB	Cetatea de Baltă	46.24666	24.16978	1800
AB	Valea Lungă	46.13121	24.08003	1719
AB	Tiur	46.16009	23.88927	1644
AB	Lancrăm	45.98847	23.55487	1521
AB	Veza	46.16747	23.9247	1505
AB	Gârbova	45.85933	23.72019	1496
AB	Pianu de Sus	45.90537	23.47479	1486
AB	Sâncel	46.19992	23.95325	1418
AB	Sânmiclăuș	46.24751	24.05255	1381
AB	Câlnic	45.88611	23.65306	1326
AB	Stremț	46.2266	23.63689	1303
AB	Săsciori	45.87893	23.57612	1287
AB	Războieni-Cetate	46.41293	23.87056	1286
AB	Sântimbru	46.13524	23.64443	1273
AB	Ighiu	46.14389	23.51216	1266
AB	Șibot	45.93271	23.33678	1256
AB	Sebeșel	45.88844	23.56416	1255
AB	Ciumbrud	46.3081	23.76222	1204
AB	Săliștea	45.89619	23.40714	1202
AB	Cricău	46.17428	23.56972	1198
AB	Șugag	45.77769	23.62061	1143
AB	Biia	46.23224	24.00162	1132
AB	Jidvei	46.22266	24.10989	1113
AB	Cut	45.94249	23.66749	1075
AB	Mănărade	46.14144	23.97076	1067
AB	Bălcaciu	46.18796	24.05823	1062
AB	Pianu de Jos	45.93494	23.48894	1032
AB	Șona	46.21728	24.01476	1025
AB	Lopadea Nouă	46.29202	23.81751	1006
AB	Țelna	46.16018	23.4982	1006
AB	Veseuș	46.27313	24.1394	988
AB	Răhău	45.90596	23.62195	977
AB	Abrud-Sat	46.28608	23.04583	973
AB	Cergău Mare	46.0968	23.92223	962
AB	Uioara de Jos	46.36898	23.8395	960
AB	Răchita	45.87756	23.51901	959
AB	Cenade	46.04691	24.00476	933
AB	Ighiel	46.14532	23.47946	930
AB	Feneș	46.10694	23.28665	910
AB	Pâclișa	46.04706	23.51696	910
AB	Căpâlna	45.84339	23.601	842
AB	Mirăslău	46.36199	23.70689	813
AB	Oiejdea	46.15791	23.63317	806
AB	Șeușa	46.0593	23.62549	764
AB	Noșlac	46.40659	23.93082	749
AB	Feisa	46.2249	24.14237	740
AB	Tătârlaua	46.20488	24.16668	740
AB	Șpring	45.97473	23.73844	737
AB	Roșia de Secaș	46.05671	23.88667	734
AB	Berghin	46.07211	23.73675	732
AB	Geoagiu de Sus	46.2529	23.59172	725
AB	Scărișoara	46.45794	22.87144	718
AB	Căpâlna de Jos	46.23932	24.10909	714
AB	Decea	46.38243	23.76407	681
AB	Ampoița	46.11844	23.46385	665
AB	Sâncrai	46.29227	23.74728	660
AB	Tărtăria	45.93421	23.41121	656
AB	Valea Lupșii	46.39048	23.2225	655
AB	Livezile	46.38859	23.55613	634
AB	Ciuguzel	46.28226	23.85883	631
AB	Rădești	46.27283	23.72333	628
AB	Lupșa	46.3691	23.20633	624
AB	Valea Șesii (Lupșa)	46.37914	23.24068	624
AB	Roșia Montană	46.30703	23.12989	618
AB	Pănade	46.22505	23.95698	605
AB	Cisteiu de Mureș	46.37728	23.81052	590
AB	Vingard	46.0128	23.74283	589
AB	Tăuți	46.09405	23.46589	588
AB	Rimetea	46.45298	23.56641	584
AB	Sălciua de Jos	46.40002	23.42751	584
AB	Hăpria	46.079	23.66798	581
AB	Loman	45.85645	23.55264	578
AB	Cunța	45.92687	23.72153	576
AB	Dăroaia	46.30421	23.05114	570
AB	Petrisat	46.19298	23.91735	561
AB	Blandiana	45.98631	23.3619	543
AB	Ciugud	46.06526	23.64721	542
AB	Colțești	46.42238	23.5612	542
AB	Mărtinie	45.7928	23.60879	542
AB	Băgău	46.31056	23.79375	539
AB	Ciuruleasa	46.25619	23.02762	535
AB	Mușca	46.35832	23.16799	531
AB	Balomiru de Câmp	45.93838	23.35995	527
AB	Cistei	46.1852	23.75648	523
AB	Albac	46.44888	22.96532	517
AB	Drașov	45.93808	23.74205	515
AB	Obreja	46.17279	23.76407	511
AB	Totoi	46.11542	23.65427	511
AB	Fărău	46.33866	24.00219	509
AB	Ghirbom	46.03261	23.72143	505
AB	Dobra	45.76325	23.65227	503
AB	Măgina	46.34081	23.65015	496
AB	Vurpăr	46.00049	23.46775	485
AB	Doștat	45.95199	23.796	483
AB	Ohaba	46.07046	23.80728	481
AB	Benic	46.2125	23.59144	480
AB	Sălciua de Sus	46.39432	23.40113	475
AB	Gâmbaș	46.34524	23.7225	473
AB	Boz	45.94739	23.80261	462
AB	Valea Vințului	46.01848	23.44716	458
AB	Mătișești (Ciuruleasa)	46.22849	23.01851	454
AB	Mătișești (Horea)	46.507	22.90614	454
AB	Gura Arieșului	46.42957	23.95618	453
AB	Tău	46.06891	23.84291	442
AB	Galtiu	46.14193	23.66293	441
AB	Cetea	46.24121	23.58442	422
AB	Lunca Târnavei	46.21851	23.98644	407
AB	Dumbrava (Săsciori)	45.88347	23.60565	402
AB	Dumbrava (Unirea)	46.43647	23.77248	402
AB	Dumbrava (Zlatna)	46.13907	23.19706	402
AB	Drâmbar	46.07695	23.63124	401
AB	Teleac	46.08791	23.62725	401
AB	Beța	46.25231	23.81374	398
AB	Almașu Mare	46.11067	23.1164	394
AB	Coșlariu	46.15921	23.68491	394
AB	Gârbova de Jos	46.25807	23.66936	394
AB	Trâmpoiele	46.1511	23.1452	392
AB	Dealu Frumos (Gârda de Sus)	46.48975	22.83159	391
AB	Gârda de Sus	46.50606	22.81731	391
AB	Valea Mică	46.07829	23.27644	391
AB	Cărpiniș (Gârbova)	45.82924	23.65998	390
AB	Cărpiniș (Roșia Montană)	46.31986	23.05481	390
AB	Galda de Sus	46.22316	23.56282	388
AB	Iclod	46.21242	23.934	388
AB	Tibru	46.19659	23.56296	382
AB	Presaca Ampoiului	46.09782	23.32898	377
AB	Poșaga de Jos	46.43063	23.43847	372
AB	Ungurei	46.01392	23.82641	366
AB	Gârde	46.38595	23.13931	360
AB	Limba	46.04028	23.59722	359
AB	Valea Bistrii	46.37785	23.06749	356
AB	Ciugudu de Jos	46.4177	23.74514	355
AB	Deal	45.85847	23.62383	355
AB	După Deal (Lupșa)	46.3404	23.1574	355
AB	După Deal (Ponor)	46.32077	23.42789	355
AB	Galați	46.09069	23.29195	354
AB	Târsa	46.37842	22.80004	353
AB	Horea	46.50047	22.94904	350
AB	Meteș	46.10075	23.41172	348
AB	Acmariu	45.96446	23.36131	347
AB	Muncelu	46.37455	23.25469	347
AB	Straja	46.0666	23.68139	346
AB	Ocoliș	46.47763	23.46759	341
AB	Dârlești	46.51961	22.92747	333
AB	Craiva	46.16899	23.55053	332
AB	Silivaș	46.33969	23.87441	329
AB	Geomal	46.26065	23.62286	327
AB	Sartăș	46.39277	23.29662	326
AB	Șilea	46.32512	24.11413	325
AB	Tăuni	46.15101	24.13012	323
AB	Pătrângeni	46.08921	23.26367	315
AB	Hădărău	46.36266	23.19499	311
AB	Henig	46.10393	23.72974	310
AB	Căpud	46.20618	23.72717	305
AB	Izvoru Ampoiului	46.15686	23.17133	304
AB	Căptălan	46.40938	23.94117	302
AB	Cergău Mic	46.08047	23.93896	300
AB	Purcăreți	45.83538	23.47077	300
AB	Poiana Aiudului	46.36435	23.60334	298
AB	Hodișești	46.40094	23.10318	296
AB	Reciu	45.86506	23.67402	294
AB	Cioara de Sus	46.37662	23.31137	293
AB	Leorinț	46.25368	23.72406	292
AB	Micoșlaca	46.36882	23.79129	291
AB	Poiana Ampoiului	46.09083	23.38476	281
AB	Văleni (Bucium)	46.27906	23.15142	279
AB	Văleni (Meteș)	46.09227	23.42468	279
AB	Cib	46.05439	23.19138	277
AB	Săliștea-Deal	45.90077	23.42362	276
AB	Măhăceni	46.44654	23.7411	274
AB	Sântămărie	46.2426	24.14546	271
AB	Heria	46.36438	23.97789	269
AB	Lopadea Veche	46.37703	23.66138	267
AB	Sânbenedic	46.31495	24.04595	267
AB	Băcăinți	45.93826	23.28772	266
AB	Hopârta	46.33063	23.9125	264
AB	Ocoale	46.5117	22.80853	264
AB	Găbud	46.40968	24.01137	258
AB	Ciuldești	46.39082	23.10761	256
AB	Pârău Gruiului	46.15195	23.18544	253
AB	Brăzești	46.40064	23.32189	251
AB	Fața	46.46275	22.95965	250
AB	Gârbova de Sus	46.29329	23.62413	245
AB	Tonea	45.80411	23.5282	232
AB	Meșcreac	46.24211	23.73781	231
AB	Beldiu	46.23775	23.71591	230
AB	Lupu	46.09974	23.96879	228
AB	Sohodol	46.32494	23.00408	227
AB	Sohodol (Albac)	46.47121	22.9436	227
AB	Dealu Lămășoi	46.48586	22.98364	225
AB	Săgagea	46.48537	23.31419	224
AB	Strungari	45.85753	23.50157	223
AB	Secășel	46.09447	23.80998	221
AB	Arți	45.7486	23.59902	217
AB	Glod	46.05922	23.15705	215
AB	Turdaș	46.30717	23.91818	213
AB	Mesentea	46.19158	23.60332	211
AB	Lodroman	46.11712	24.07233	210
AB	Cobleș	46.49811	22.73287	201
AB	Dealu Capsei	46.40026	23.06772	201
AB	Medveș	46.30632	24.06186	199
AB	Mihoești	46.37019	23.02614	194
AB	Inoc	46.38519	23.78612	193
AB	Dealu Frumos (Vadu Moților)	46.42332	22.97845	192
AB	Vadu Moților	46.39443	22.96844	192
AB	Galbena	46.47117	22.73004	189
AB	Crețești	46.36131	23.10952	188
AB	Sărăcsău	45.94393	23.308	187
AB	Stâna de Mureș	46.42648	23.99875	187
AB	Gura Sohodol	46.35563	23.02922	181
AB	Poșaga de Sus	46.47084	23.37722	179
AB	Vama Seacă	46.35058	23.93562	179
AB	Fața Cristesei	46.48558	22.74962	178
AB	Bucium-Sat	46.26156	23.12099	177
AB	Pătrușești	46.5199	22.98007	177
AB	Poiana Vadului	46.39835	22.87952	176
AB	Costești (Albac)	46.48671	22.9122	173
AB	Costești (Poiana Vadului)	46.42152	22.85661	173
AB	Necșești	46.3888	22.99	173
AB	Boncești	46.36072	23.07306	172
AB	Știuleți	46.46213	22.91462	171
AB	Bărăști	46.45831	22.99705	169
AB	Curături	46.32978	23.04974	169
AB	Făgetu de Sus	46.39577	22.83923	168
AB	Șpălnaca	46.33921	23.90244	167
AB	Valea Mănăstirii	46.30229	23.51891	166
AB	Brădeana	46.3323	22.9779	162
AB	Glogoveț	46.14794	24.00781	162
AB	Mereteu	45.99766	23.4344	162
AB	Almașu de Mijloc	46.06502	23.10337	159
AB	Ciugudu de Sus	46.42601	23.70146	158
AB	Ponor	46.32606	23.37705	157
AB	Lunca Ampoiței	46.14281	23.38623	156
AB	Vârși	46.35441	23.07363	156
AB	Copand	46.42054	23.97967	155
AB	Pirita	46.137	23.15817	155
AB	Rogoz	46.42821	22.96132	153
AB	Soharu	46.27536	23.02947	151
AB	Gârda Seacă	46.48378	22.79371	149
AB	Pețelca	46.22211	23.7324	149
AB	Dealu Bajului	46.45764	22.778	148
AB	Simulești	46.34765	23.31505	147
AB	Fericet	46.48684	22.93409	146
AB	Bârsana	45.76126	23.56969	144
AB	Lunca Merilor	46.36944	23.09807	142
AB	Nădăștia	46.08074	23.14757	141
AB	Sub Piatră	46.38331	23.46078	140
AB	Corna	46.28534	23.12199	138
AB	Arieșeni	46.47126	22.74169	137
AB	Cicău	46.39904	23.67678	137
AB	Izvoarele (Blaj)	46.16903	23.90428	137
AB	Izvoarele (Gârda de Sus)	46.45742	22.84684	137
AB	Izvoarele (Livezile)	46.40106	23.53673	137
AB	Necrilești	46.21041	23.36531	137
AB	Suseni	46.09396	23.25184	137
AB	Lipaia	46.38323	23.07789	135
AB	Poiana Galdei	46.2434	23.52794	135
AB	Lazuri (Lupșa)	46.34694	23.16794	133
AB	Lazuri (Sohodol)	46.36414	23.02486	133
AB	Păgida	46.34092	23.74219	133
AB	Pițiga	46.37147	23.1686	131
AB	După Pleșe	46.43521	22.94017	129
AB	Negești	46.51025	22.85614	129
AB	Vârtop	46.32171	23.07282	129
AB	Păștești	46.39853	22.82613	128
AB	Poduri-Bricești	46.42354	22.95349	128
AB	Popeștii de Jos	46.40259	22.96279	127
AB	Văi	46.34831	23.21031	127
AB	Buninginea	46.23143	23.04028	126
AB	Fața Abrudului	46.34278	23.05549	126
AB	Pârău lui Mihai	46.01213	23.48366	125
AB	Vale în Jos	46.34172	23.43051	125
AB	Fața Lăpușului	46.46666	22.76821	124
AB	Gârbovița	46.28084	23.64054	124
AB	Popeștii de Sus	46.41666	22.93364	124
AB	Izlaz	46.48113	22.72779	123
AB	Vălișoara	46.38823	23.5607	123
AB	Budăiești	46.47456	22.96968	122
AB	Asinip	46.29667	23.88826	121
AB	Bodești	46.41215	22.98783	121
AB	Câmpu Goblii	45.99837	23.44853	121
AB	Crăciunelu de Sus	46.17256	24.18088	119
AB	Ghețari	46.4918	22.81883	118
AB	Mugești	45.81429	23.44093	118
AB	Geogel	46.31009	23.38364	116
AB	Tău Bistra	45.67991	23.58993	116
AB	Bilănești	46.33948	22.99809	113
AB	Stănești	46.41134	22.87939	113
AB	Alecuș	46.29043	23.99361	112
AB	Valea Morii	46.35775	22.95953	112
AB	Podu lui Paul	46.10155	23.24873	110
AB	Plai (Avram Iancu)	46.40149	22.76911	109
AB	Plai (Gârda de Sus)	46.44462	22.79937	109
AB	Țifra	46.2577	23.69305	108
AB	Cerbu	46.24483	23.10476	107
AB	Poduri	46.35361	23.05182	106
AB	Coasta Henții	46.31027	23.05533	105
AB	Avram Iancu	46.37462	22.76844	104
AB	Dumitra	46.09699	23.68085	104
AB	Spătac	46.13859	23.94076	104
AB	Bordeștii Poieni	46.35241	22.92653	103
AB	Cionești	46.45179	22.97553	103
AB	Poieni (Blandiana)	46.02086	23.34453	103
AB	Poieni (Bucium)	46.2526	23.19837	103
AB	Poieni (Vidra)	46.35241	22.92653	103
AB	Poienile-Mogoș	46.27436	23.24416	102
AB	Bubești	46.4995	22.70654	101
AB	Haiducești	46.39402	22.92702	101
AB	Valea Largă	46.36409	23.39734	101
AB	Dric	46.41401	23.04022	100
AB	Păntești	46.47581	22.77736	100
AB	Bucium	46.26281	23.17425	99
AB	Lunca Meteșului	46.13995	23.36441	99
AB	Valea Poienii (Bucium)	46.22653	23.14173	99
AB	Valea Șesii (Bucium)	46.27454	23.17849	99
AB	Hudricești	46.39466	23.08958	98
AB	Pleși	45.81777	23.57476	97
AB	Dolești	46.369	22.8395	96
AB	Gura Roșiei	46.30728	23.06196	96
AB	Ștei-Arieșeni	46.46883	22.75027	96
AB	Tomuțești	46.41056	22.92509	96
AB	Duduieni	46.40497	22.83156	95
AB	Valea Caselor	46.40219	23.02435	94
AB	Gura Cornei	46.26465	23.09465	92
AB	Valea Goblii	46.00966	23.44723	92
AB	Coșlariu Nou	46.17409	23.67898	91
AB	Gârda-Bărbulești	46.32545	23.11759	90
AB	Mogoș	46.26347	23.29194	90
AB	Călene	45.83201	23.40682	88
AB	Dealu Bistrii	46.37032	23.05527	88
AB	Țarina	46.31731	23.12611	88
AB	Valea Abruzel	46.26716	23.14655	88
AB	Vlădoșești	46.34567	23.02848	88
AB	Biharia	46.42479	22.76726	87
AB	Pleșcuța	46.3609	22.95062	87
AB	Trișorești	46.41295	23.12848	87
AB	Giurgiuț	46.51723	22.94774	85
AB	Boglești	46.23986	23.02433	84
AB	Hănășești (Gârda de Sus)	46.48259	22.82652	84
AB	Hănășești (Poiana Vadului)	46.3914	22.8534	84
AB	Brădet	46.10562	23.09285	83
AB	Pleșești	46.44696	22.93998	83
AB	Călugărești	46.40377	22.78765	82
AB	Luminești	46.32965	22.955	82
AB	Vidrișoara	46.3417	22.83652	82
AB	Cocești	46.3594	22.78909	81
AB	Lunca Vesești	46.379	22.94424	81
AB	Ormeniș	46.39645	23.71613	81
AB	Munună	46.47406	22.83093	80
AB	Făgetu de Jos	46.40152	22.90199	79
AB	Goiești	46.37637	22.91932	79
AB	Burzonești	46.36585	23.01084	78
AB	Dealu Goiești	46.38906	22.9011	78
AB	Drăgoiești-Luncă	46.36553	22.984	78
AB	Ignățești	46.30753	23.0786	78
AB	Vulcan	46.23959	22.97208	78
AB	Bucuru	45.78651	23.39862	77
AB	Coasta Vâscului	46.41707	23.04816	77
AB	Dealu Muntelui	46.37947	23.11632	77
AB	Huzărești	46.43976	22.84208	77
AB	Rătitiș	46.41567	23.09493	77
AB	Sfoartea	46.5246	22.846	77
AB	Teiu	46.50707	22.98226	77
AB	Mănăstire	46.37896	23.17502	76
AB	Fața-Lăzești	46.43045	22.86077	74
AB	Valea Albă	46.26083	23.22333	74
AB	Bobărești (Sohodol)	46.34191	22.98663	73
AB	Bobărești (Vidra)	46.37062	22.9876	73
AB	Dănduț	46.3509	23.08418	73
AB	Șoal	46.33272	23.07157	73
AB	Certege	46.41418	23.02654	72
AB	Fețeni	45.81051	23.35272	72
AB	Gănești	46.38627	23.12892	72
AB	Preluca	46.50808	22.97149	72
AB	Prelucă	46.50808	22.97149	72
AB	Vidolm	46.48011	23.51179	72
AB	Borlești	46.40969	23.00638	71
AB	Incești (Avram Iancu)	46.35964	22.86081	71
AB	Incești (Poșaga)	46.46747	23.26758	71
AB	Lespezea	46.47488	22.9022	71
AB	Ponorel	46.36778	22.9719	71
AB	Ciuculești	46.2616	23.18433	70
AB	Dealu Caselor	46.37866	23.38416	70
AB	Bălești-Cătun	46.43631	23.09316	69
AB	Rusești	46.47984	22.95745	69
AB	Snide	46.44918	22.7897	69
AB	Ghedulești	46.2354	23.0702	68
AB	Măncești	46.48834	22.94796	67
AB	Oidești	46.37804	22.93087	67
AB	Culdești	46.38407	22.95916	66
AB	Dos	46.36875	22.95534	66
AB	Helerești	46.36802	22.83897	66
AB	Potionci	46.44083	22.92705	65
AB	Valea Barnii	46.25999	23.32867	65
AB	Valea Negrilesii	46.24379	23.21595	64
AB	Fața Pietrii	46.29714	23.52952	63
AB	Mărgineni	45.90804	23.40065	63
AB	Nemeși	46.36293	22.87516	63
AB	Petelei	46.4192	22.83005	62
AB	Zânzești	46.53225	22.95467	62
AB	Budeni	46.18998	23.12542	61
AB	Ghioncani	46.24118	23.32213	61
AB	Ivăniș	46.2269	23.38104	61
AB	Jidoștina	45.71776	23.58553	61
AB	Valea Inzelului	46.3339	23.50747	61
AB	Ceru-Băcăinți	45.97381	23.27124	60
AB	Coleșeni	46.25485	23.12732	59
AB	Întregalde	46.24447	23.41226	59
AB	Valea Cerbului	46.23956	23.11763	59
AB	Verdești	46.3823	22.7914	59
AB	Dobrești	46.46828	22.81929	58
AB	Dumești	46.38438	23.44415	58
AB	Vâltori (Vadu Moților)	46.40513	22.9403	57
AB	Vâltori (Zlatna)	46.14319	23.21458	57
AB	Dealu Geoagiului	46.27959	23.4194	56
AB	Pătrăhăițești	46.44635	22.74585	56
AB	Vârtănești	46.37194	22.9537	56
AB	Casa de Piatră	46.5365	22.78396	55
AB	Țărănești	46.4026	23.1202	55
AB	Lunca Goiești	46.37074	22.91528	54
AB	Puiulețești	46.37111	22.99647	54
AB	Râmeț	46.31506	23.53004	53
AB	Sucești	46.43605	22.79649	53
AB	Valea Poienii (Râmeț)	46.35203	23.47062	53
AB	Nămaș	46.39731	23.13061	52
AB	Petreasa	46.53611	22.94242	52
AB	Sturu	46.46922	22.80125	52
AB	Izbita	46.24355	23.14035	51
AB	Niculești	46.50228	22.95397	51
AB	Peleș	46.33335	22.98227	51
AB	Orgești	46.38191	22.79093	49
AB	Șoimuș	46.22724	23.78672	49
AB	Valea Mlacii	46.23468	23.25843	49
AB	Vârșii Mici	46.34747	23.11512	49
AB	Dâmbureni	46.41379	23.07103	48
AB	Hodobana	46.51642	22.77094	48
AB	Lunca (Lupșa)	46.37982	23.22718	48
AB	Lunca (Poșaga)	46.44024	23.46146	48
AB	Lunca (Valea Lungă)	46.10451	24.05519	48
AB	Lunca (Vidra)	46.37346	22.90913	48
AB	Lunca Largă (Bistra)	46.3788	23.12835	48
AB	Lunca Largă (Ocoliș)	46.52647	23.42103	48
AB	Cucuta	45.98437	23.26301	47
AB	Mihăiești	46.35171	23.11004	47
AB	Pătruțești	46.37598	22.83267	47
AB	Cârțulești	46.38638	22.7711	46
AB	Mărtești	46.3587	22.8637	46
AB	Sebișești	46.35384	22.99219	46
AB	Coroiești	46.3563	22.8173	45
AB	Inuri	46.04389	23.45328	45
AB	Lunca Bisericii	46.36799	22.88714	45
AB	Poșogani	46.3645	23.1961	45
AB	Baba	46.50128	22.9662	44
AB	Bălmoșești	46.31048	23.1048	44
AB	Colibi	46.10975	23.78646	44
AB	Ruși	46.20829	23.09864	44
AB	Sfârcea	46.21334	23.31216	44
AB	Tomușești	46.42633	23.01053	44
AB	Valea lui Mihai	46.02519	23.47569	44
AB	Dilimani	46.35537	23.01402	43
AB	Iacobești	46.30785	23.06969	43
AB	Morărești (Ciuruleasa)	46.25619	23.02762	43
AB	Morărești (Sohodol)	46.3368	23.0236	43
AB	Nicorești	46.3227	23.0127	43
AB	Vidra	46.35747	22.92947	43
AB	Dumăcești	46.39633	22.79295	42
AB	Durăști	46.4392	23.10193	42
AB	Valea Uzei	46.31649	23.51326	42
AB	Plaiuri	45.83608	23.50793	41
AB	Valea Bucurului	46.3257	23.36993	41
AB	Vința	46.30822	23.22919	41
AB	Anghelești	46.24409	23.0964	40
AB	Cristești	46.27662	23.30424	40
AB	Runc (Ocoliș)	46.5008	23.45155	40
AB	Runc (Scărișoara)	46.48995	22.86076	40
AB	Runc (Vidra)	46.3791	22.9944	40
AB	Runc (Zlatna)	46.18424	23.21122	40
AB	Toțești	46.42641	22.92643	40
AB	Ficărești	46.37771	22.9668	39
AB	Lunca de Jos	46.37544	22.91322	39
AB	Valea Țupilor	46.2677	23.27814	39
AB	Jojei	46.34095	22.83107	38
AB	Maței	46.43183	22.90976	38
AB	Odverem	46.25967	23.83492	38
AB	Roșești	46.47827	22.93119	38
AB	Șoicești	46.35764	22.82829	38
AB	Vâlcăneasa	46.3665	22.93461	38
AB	Brădești	46.33214	23.46892	37
AB	Dumbrăvița	45.98502	23.24242	37
AB	Tecșești	46.27285	23.47674	37
AB	Valea Cocești	46.29395	23.27361	37
AB	Valea Făgetului	46.35308	23.51394	37
AB	Valea Uțului	46.35373	22.82885	37
AB	Dealu Ferului	46.00153	23.41653	36
AB	Florești (Bucium)	46.29236	23.14975	36
AB	Florești (Câmpeni)	46.39497	23.00322	36
AB	Florești (Râmeț)	46.33692	23.495	36
AB	Florești (Scărișoara)	46.45173	22.90389	36
AB	Lupulești	46.25294	23.19237	36
AB	Bogdănești (Mogoș)	46.28696	23.33839	35
AB	Bogdănești (Vidra)	46.28696	23.33839	35
AB	Curpeni	45.99147	23.28259	35
AB	Surdești	46.323	23.0029	35
AB	Căsoaia	46.39831	22.74887	34
AB	Făget	46.1518	24.16616	34
AB	Morcănești	46.40428	22.91736	34
AB	Sicoiești	46.34364	22.97845	34
AB	Măcărești	46.30335	23.39141	33
AB	Bidigești	46.2599	23.018	32
AB	Lehești	46.30617	22.9809	32
AB	Năpăiești	46.34626	23.00483	32
AB	Bârzan	46.35939	23.23243	31
AB	Burzești	46.40179	22.94713	31
AB	Ferești	46.24056	23.10111	31
AB	Goașele	45.77638	23.45988	31
AB	Mămăligani	46.28543	23.275	31
AB	Peste Valea Bistrii	46.43598	23.04321	31
AB	Deve	46.45618	22.93304	30
AB	Gojeiești	46.38004	22.82838	30
AB	Tamborești	46.44803	22.92517	30
AB	Vâlcea	46.26561	23.16117	30
AB	Valea Giogești	46.30817	23.281	30
AB	Vanvucești	46.47859	22.7218	30
AB	Curmătură	46.34214	23.22731	29
AB	Groși	46.00513	23.24529	29
AB	Șimocești	46.31	23.00007	29
AB	Văsești	46.3784	22.90221	29
AB	Deoncești	46.29896	22.99262	28
AB	Lăzești (Scărișoara)	46.42261	22.91596	28
AB	Lăzești (Vadu Moților)	46.41953	22.93801	28
AB	Ștefanca	46.36814	23.13086	28
AB	Achimețești	46.3859	22.802	27
AB	Băzești	46.31868	23.01203	27
AB	Cojocani	46.28274	23.36386	27
AB	Crișeni	46.04089	23.48886	27
AB	Lupăiești	46.40945	22.91835	27
AB	Răcătău	46.03141	23.32473	27
AB	Valea Bârluțești	46.30245	23.26639	27
AB	Bodrești	46.272	22.9736	26
AB	Gura Cuțului	46.03699	23.40817	26
AB	Helești	46.28471	23.14272	26
AB	Ocnișoara	46.25205	23.8737	26
AB	Pădurea	46.08875	23.48016	26
AB	Cârăști	46.37094	22.8236	25
AB	Scoarța	46.43594	22.78194	25
AB	Bocșitura	45.76845	23.41415	24
AB	Vlădești	46.30687	23.56188	24
AB	Bălești	46.42848	23.09423	23
AB	Lupșeni	46.21982	23.54482	23
AB	Pârâu-Cărbunări	46.35364	23.20906	23
AB	Poienița (Arieșeni)	46.51605	22.72428	23
AB	Poienița (Vințu de Jos)	46.03225	23.45621	23
AB	Bârlești (Bistra)	46.35712	23.13064	22
AB	Bârlești (Mogoș)	46.26346	23.28611	22
AB	Bârlești (Scărișoara)	46.42849	22.88809	22
AB	Bârzogani	46.3079	23.33512	22
AB	Bisericani	46.28902	23.15801	22
AB	Botești (Câmpeni)	46.3874	23.01806	22
AB	Botești (Scărișoara)	46.45269	22.88584	22
AB	Botești (Zlatna)	46.17485	23.15347	22
AB	Jeflești	46.37662	22.87466	22
AB	Munești	46.29086	23.00696	22
AB	Novăcești	46.41759	23.13196	22
AB	Modolești (Întregalde)	46.25795	23.42444	21
AB	Modolești (Vidra)	46.3777	22.8753	21
AB	Nelegești	46.31175	23.02907	21
AB	Răicani	46.26611	23.49762	21
AB	Ravicești	46.48472	22.77713	21
AB	Valea Holhorii	46.32058	23.20395	21
AB	Bărbești	46.27701	23.32883	20
AB	Bolovănești	46.00076	23.25836	20
AB	Cheile Cibului	46.03424	23.18276	20
AB	Dosu Luncii	46.36219	22.89815	20
AB	Geamăna	46.33	23.20428	20
AB	Hațegana	46.02977	23.4473	20
AB	Măgura (Bucium)	46.24672	23.13583	20
AB	Măgura (Galda de Jos)	46.2347	23.5403	20
AB	Târsa-Plai	46.39254	22.78543	20
AB	Avrămești (Arieșeni)	46.47947	22.74328	19
AB	Avrămești (Avram Iancu)	46.3914	22.8238	19
AB	Blidești	46.30154	23.08895	19
AB	Stâlnișoara	46.23914	23.20374	19
AB	Valea Mare	46.02069	23.2577	19
AB	Bădăi	46.4076	22.75426	18
AB	Dogărești	46.2708	23.12502	18
AB	Pitărcești	46.37486	22.99966	18
AB	Sălăgești	46.4028	23.08103	18
AB	Sorlița	46.37979	23.00699	18
AB	Butești (Horea)	46.51043	22.94392	17
AB	Butești (Mogoș)	46.29336	23.34683	17
AB	Gura Izbitei	46.24751	23.15727	17
AB	Remetea	46.12002	23.42781	17
AB	Urdeș	46.37187	22.94061	17
AB	Gligorești	46.3842	22.8451	16
AB	Poiana (Bistra)	46.45496	23.12753	16
AB	Poiana (Bucium)	46.299	23.17043	16
AB	Poiana (Sohodol)	46.2996	22.9721	16
AB	Poiu	46.38637	23.09535	16
AB	Tolăcești	46.3526	23.1449	16
AB	Trâncești	46.47532	22.85808	16
AB	Olteni	46.34188	23.53051	15
AB	Iliești	46.27531	23.38655	14
AB	Isca	46.12228	23.37476	14
AB	Bârlești-Cătun	46.28719	23.37984	13
AB	Cheleteni	46.44879	23.09702	13
AB	Furduiești (Câmpeni)	46.33699	23.07377	13
AB	Furduiești (Sohodol)	46.33699	23.07377	13
AB	Pliști	46.48443	22.80947	13
AB	Runcuri	46.41357	23.15302	13
AB	Segaj	46.37298	22.86195	12
AB	Valea Verde	46.3112	22.9498	12
AB	Dealu Doștatului	45.965	23.84973	11
AB	Dobrot	46.16842	23.13784	11
AB	Măghierat	46.05136	23.81669	11
AB	Pădure	46.19551	23.88034	11
AB	Popești	46.25705	23.39355	11
AB	Tomești	46.29693	23.36545	11
AB	Corțești	46.44581	23.30198	10
AB	Izbicioara	46.24117	23.17068	10
AB	Poiana Ursului	46.0709	23.42597	10
AB	Robești	46.29324	22.98535	10
AB	Tomnatec	46.42323	23.07279	10
AB	Valea Ciuciului	46.408	23.9944	10
AB	Valea Sasului	46.28296	24.02575	10
AB	Vârșii Mari	46.34397	23.1315	10
AB	Aronești	46.43609	23.12692	9
AB	Boldești	46.3427	22.8379	9
AB	Bulbuc	46.02288	23.29136	9
AB	Holobani	46.31977	23.23281	9
AB	Laz (Săsciori)	45.86943	23.5794	9
AB	Laz (Vințu de Jos)	46.0523	23.4179	9
AB	Mărinești	46.26893	23.39268	9
AB	Negrești	46.26385	23.30486	9
AB	Boțani	46.28527	23.43551	8
AB	Cornu	46.22094	23.81389	8
AB	Dosu Văsești	46.36787	22.86823	8
AB	Fântânele	46.02954	23.26917	8
AB	Gorgan	46.09227	24.00661	8
AB	Perjești	46.3483	23.146	8
AB	Stăuini	46.03295	23.4921	8
AB	Valea Maciului	46.33775	22.83127	8
AB	Băi	46.33545	22.91411	7
AB	Bocești	46.28058	23.3387	7
AB	Ștertești	46.35382	22.84193	7
AB	Vârși-Rontu	46.3466	23.1584	7
AB	Bunta	46.27682	23.1205	6
AB	Jurcuiești	46.29407	23.18314	6
AB	Rachiș	46.39489	23.62469	6
AB	Trifești (Horea)	46.52694	22.93029	6
AB	Trifești (Lupșa)	46.32038	23.19311	6
AB	Bârdești	46.31452	23.1939	5
AB	Dealu Crișului	46.33578	22.8414	5
AB	Hoancă (Sohodol)	46.33028	22.97145	5
AB	Hoancă (Vidra)	46.34258	22.91773	5
AB	Pușelești	46.37847	22.83284	5
AB	Viezuri	46.00313	23.29408	5
AB	Cheia	46.30391	23.45461	4
AB	Ciocașu	46.03807	23.47287	4
AB	Dealu Roatei	46.12635	23.14906	4
AB	Oncești	46.30052	23.4118	4
AB	Pânca	46.2286	23.88668	4
AB	Zăgriș	46.227	23.53868	4
AB	Zărieș	46.1834	23.70567	4
AB	Carpen	45.96618	23.70717	3
AB	Cocoșești	46.3742	22.812	3
AB	Mărgaia	46.36338	23.22785	3
AB	Mătăcina	46.03505	23.42001	3
AB	Muntari	46.30127	23.15834	3
AB	Vâlcești	46.37856	22.87148	3
AB	Bucerdea Vinoasă	46.16299	23.52588	0
AB	Cândești	46.4156	22.7673	0
AB	Capu Dealului	46.08865	24.02451	0
AB	Carpenii de Sus	45.96618	23.70717	0
AB	Cergău	46.1	23.91667	0
AB	Cicârd	46.2747	23.9065	0
AB	Cotorăști	46.32961	23.54029	0
AB	Dealu Ordâncușii	46.5121	22.8399	0
AB	Deleni-Obârșie	46.09537	23.85024	0
AB	Doptău	46.2646	23.927	0
AB	Flitești	46.11393	23.87094	0
AB	Haneș Mină	46.15589	23.55561	0
AB	Hărăști	46.34922	22.89827	0
AB	Ibru	46.01911	23.357	0
AB	Joldișești	46.3237	22.93983	0
AB	Medrești	46.2957	22.953	0
AB	Motorăști	46.38254	23.04391	0
AB	Orăști	46.44942	23.33676	0
AB	Petreni	46.29455	23.16613	0
AB	Pianu	45.93333	23.48333	0
AB	Poșaga	46.46667	23.38333	0
AB	Sălciua	46.4	23.41667	0
AB	Șasa	46.34316	23.21073	0
AB	Țoci	46.29356	22.97935	0
AG	Pitești	44.85648	24.86918	155383
AG	Câmpulung	45.27061	25.0531	31273
AG	Mioveni	44.95712	24.94721	26907
AG	Curtea de Argeș	45.1406	24.66852	26572
AG	Topoloveni	44.81055	25.07702	8802
AG	Rucăr	45.38927	25.1761	5610
AG	Bascov	44.8907	24.78537	4653
AG	Valea Mare-Podgoria	44.87111	24.90202	4318
AG	Bradu	44.8008	24.91759	4021
AG	Ștefăneștii Noi	44.86106	24.9293	3809
AG	Mărăcineni	44.89279	24.87781	3228
AG	Domnești	45.20332	24.83868	3201
AG	Geamăna	44.82863	24.8934	3109
AG	Bughea de Sus	45.29318	25.03125	2997
AG	Bughea de Jos	45.27568	24.9993	2862
AG	Vlădești	45.14388	24.9233	2663
AG	Vlădești (Tigveni)	45.15405	24.52839	2663
AG	Lerești	45.33419	25.06959	2550
AG	Oarja	44.76008	24.97593	2341
AG	Izvoru	44.50116	25.06976	2292
AG	Smeura	44.82826	24.82573	2237
AG	Lăzărești (Moșoaia)	44.83417	24.74667	2134
AG	Lăzărești (Schitu Golești)	45.16759	24.99784	2134
AG	Albeștii Ungureni	45.22162	24.66753	2079
AG	Vulturești	45.06657	25.08425	2075
AG	Berevoești	45.22677	24.93623	2018
AG	Călinești	44.82903	25.04026	2007
AG	Argeșelu	44.92246	24.87255	1965
AG	Dragoslavele	45.34931	25.16528	1961
AG	Ștefan cel Mare	44.49011	25.24584	1948
AG	Colibași	44.93841	24.9105	1899
AG	Albota	44.78947	24.8494	1865
AG	Conțești	44.98604	25.0119	1860
AG	Recea	44.52524	25.0333	1753
AG	Recea (Căteasca)	44.80714	24.97259	1753
AG	Bogați	44.88484	25.15053	1725
AG	Racovița	44.97702	24.99477	1719
AG	Hârsești	44.53047	24.77829	1699
AG	Micești	44.94807	24.8635	1673
AG	Poiana Lacului	44.80925	24.71028	1660
AG	Retevoiești	45.1438	24.83788	1657
AG	Boteni	45.18894	25.12494	1653
AG	Albeștii Pământeni	45.20636	24.66899	1650
AG	Voinești	45.30768	25.07607	1623
AG	Bădești (Bârla)	44.39719	24.76183	1569
AG	Bădești (Pietroșani)	45.16977	24.85999	1569
AG	Tutana	45.04268	24.65192	1562
AG	Sălătrucu	45.33799	24.51269	1542
AG	Schitu Golești	45.19866	25.00346	1541
AG	Țițești	45.00898	24.98002	1531
AG	Miroși	44.41505	24.93822	1513
AG	Leordeni	44.7891	25.12643	1510
AG	Tigveni	45.13921	24.55532	1486
AG	Tigveni (Rătești)	44.73739	25.14161	1486
AG	Șerboeni	44.64226	24.88942	1484
AG	Valea Danului	45.18053	24.62982	1483
AG	Corbi	45.2815	24.81732	1453
AG	Oeștii Pământeni	45.25363	24.65819	1448
AG	Stâlpeni	45.05802	24.97727	1377
AG	Pietroșani	45.17281	24.84147	1370
AG	Mihăești	45.10236	25.01085	1367
AG	Valea Popii (Mihăești)	45.09326	25.0179	1367
AG	Mozăceni	44.57932	25.14341	1362
AG	Teiu	44.65619	25.12516	1345
AG	Stolnici	44.56248	24.78306	1341
AG	Livezeni	45.04281	24.9786	1332
AG	Mălureni	45.06096	24.78258	1321
AG	Arefu	45.47443	24.62582	1291
AG	Cetățeni	45.18327	25.20745	1280
AG	Moșoaia	44.83013	24.79095	1260
AG	Rădești	45.06664	24.99888	1243
AG	Vrănești	44.85018	25.00789	1241
AG	Uiasca	44.87799	24.80826	1226
AG	Gura Pravăț	45.32621	25.12766	1211
AG	Poienari (Corbeni)	45.31577	24.65612	1204
AG	Poienari (Poienarii de Argeș)	45.0738	24.53217	1204
AG	Poienari (Poienarii de Muscel)	45.21789	25.05454	1204
AG	Poienarii de Argeș	45.0738	24.53217	1204
AG	Valea Mănăstirii	45.03153	25.01365	1176
AG	Budeasa Mare	44.92101	24.83072	1169
AG	Slănic	45.23028	24.88892	1166
AG	Gămăcești	45.24768	24.92939	1165
AG	Valea Mare-Pravăț	45.29348	25.09405	1140
AG	Valea Corbului	44.91063	25.03245	1139
AG	Bucșenești-Lotași	45.02023	24.9663	1132
AG	Jugur	45.18966	25.08466	1127
AG	Jupânești	45.07003	24.848	1123
AG	Făgetu	44.90743	24.91068	1119
AG	Albești	45.30887	25.00685	1106
AG	Albeștii de Argeș	45.21667	24.66667	1106
AG	Aninoasa	45.19428	24.92814	1106
AG	Băjești	45.02685	24.94051	1103
AG	Stroești	45.12578	24.79217	1095
AG	Zăvoi	44.86436	24.89382	1053
AG	Ciofrângeni	45.10332	24.5495	1046
AG	Ciulnița	44.7873	25.14986	1040
AG	Drăghici	45.13205	25.05413	1034
AG	Surdulești	44.38765	24.95085	1031
AG	Valea Stânii	44.98411	24.9617	1026
AG	Coșești	45.06028	24.8767	1024
AG	Mareș	44.77833	24.78822	1011
AG	Pătuleni	44.73294	25.16058	1011
AG	Păuleasca (Mălureni)	45.04282	24.82145	1011
AG	Păuleasca (Micești)	45.00963	24.83876	1011
AG	Văleni-Podgoria	44.85738	24.9876	1004
AG	Cornățel	44.57842	24.95266	999
AG	Bârla	44.42549	24.78225	996
AG	Ciocănești	44.85148	24.97051	995
AG	Mozăcenii-Vale	44.4014	24.80183	992
AG	Valea Cetățuia	45.21409	25.20764	980
AG	Gorganu	44.84278	25.03959	971
AG	Zărnești	45.0216	24.78389	967
AG	Capu Piscului (Godeni)	45.17969	24.97799	965
AG	Dârmănești	45.01367	24.90117	965
AG	Godeni	45.20806	24.97914	965
AG	Bărăști	45.25375	24.59249	955
AG	Oeștii Ungureni	45.25583	24.6486	955
AG	Șerbănești (Poienarii de Muscel)	45.19918	25.05459	955
AG	Șerbănești (Rociu)	44.68167	24.99514	955
AG	Leicești	45.1062	24.85537	954
AG	Bârlogu	44.62281	25.0785	948
AG	Căldăraru	44.46132	24.9393	945
AG	Cotenești	45.23358	25.18444	943
AG	Dobrești	44.94462	25.11749	939
AG	Izvorani	44.87875	24.94093	939
AG	Păduroiu din Deal	44.79104	24.71173	932
AG	Șuici	45.25342	24.50133	925
AG	Hârtiești	45.11163	25.1148	922
AG	Valea Ursului	44.88959	24.76607	908
AG	Vulpești	44.59639	24.93874	903
AG	Piscani	44.97283	24.91157	898
AG	Furnicoși	45.14194	25.00114	891
AG	Negrași	44.59467	25.12514	890
AG	Dobrotu	45.20724	24.65432	889
AG	Mușătești	45.22639	24.77656	889
AG	Boțești	45.01051	25.13273	885
AG	Mățău	45.23695	25.07432	873
AG	Furești	44.93242	25.10607	869
AG	Petrești	45.04364	24.88989	864
AG	Zigoneni	45.09	24.67803	864
AG	Valea Bădenilor	45.26387	25.1963	841
AG	Schiau	44.9202	24.79144	838
AG	Bârseștii de Jos	45.18202	24.56359	826
AG	Ungheni	44.52138	24.93403	816
AG	Cerșani	44.71844	24.9218	812
AG	Dobrogostea	44.92827	24.7806	812
AG	Poienița	45.11276	24.92348	807
AG	Toplița	45.0935	24.72758	807
AG	Rudeni (Mihăești)	45.12349	25.00822	806
AG	Rudeni (Șuici)	45.22926	24.55269	806
AG	Băbana	44.88093	24.69372	804
AG	Budeasa Mică	44.91383	24.85106	803
AG	Capu Piscului (Merișani)	45.00488	24.74627	802
AG	Merișani	44.96634	24.74158	802
AG	Bucșenești	45.29603	24.65255	800
AG	Lăicăi	45.1721	25.21255	797
AG	Noapteș	45.1042	24.64861	787
AG	Păduroiu din Vale	44.7833	24.69982	782
AG	Cireșu	44.76192	25.03155	779
AG	Stoenești	45.26467	25.2274	779
AG	Cârstieni	44.8897	25.02933	775
AG	Bădeni	45.24477	25.17932	772
AG	Corbșori	45.2548	24.82611	771
AG	Malu Vânăt	44.98551	24.72553	770
AG	Humele	44.52488	24.97171	760
AG	Bunești (Cotmeana)	45.03422	24.61047	759
AG	Bunești (Mălureni)	45.01371	24.75634	759
AG	Gliganu de Sus	44.65556	25.00152	751
AG	Groșani	45.2314	25.03403	746
AG	Purcăreni (Micești)	44.95393	24.8863	744
AG	Purcăreni (Popești)	44.44652	25.13386	744
AG	Glâmbocelu	44.82794	25.14259	740
AG	Rotunda	45.28144	24.65369	739
AG	Hințești	44.83631	24.83895	732
AG	Păcioiu	45.07558	24.8696	730
AG	Cerbu	44.75697	24.81932	727
AG	Viișoara	44.85443	24.95783	719
AG	Ciobănești	44.86753	24.74078	709
AG	Ionești	44.61132	24.90092	706
AG	Babaroaga	44.54852	25.18557	705
AG	Valea Nandrii	44.97383	24.89125	703
AG	Râca	44.43518	25.04098	699
AG	Beleți	44.90943	25.08259	696
AG	Beleți-Negrești	44.9634	25.0692	696
AG	Gălășești (Budeasa)	44.95184	24.79371	696
AG	Gălășești (Suseni)	44.70263	24.96857	696
AG	Vedea	44.76622	24.6401	696
AG	Cotești	45.20053	24.97406	694
AG	Calotești	44.97899	24.76189	693
AG	Vernești	45.20058	24.60471	693
AG	Paraschivești	44.88115	25.08707	692
AG	Stănești	45.23919	24.82625	692
AG	Gănești	45.12234	24.83932	685
AG	Urlucea	44.87806	25.02619	683
AG	Morărești	45.0161	24.56791	682
AG	Văleni	45.26412	24.53622	678
AG	Udeni-Zăvoi	44.82529	24.99673	674
AG	Ciocănăi	44.84502	24.7826	669
AG	Cotmeana	44.98642	24.62726	668
AG	Cotmeana (Stolnici)	44.59563	24.7564	668
AG	Mustățești	45.19037	24.67364	659
AG	Urlueni	44.48137	24.77868	659
AG	Lunca Corbului	44.66577	24.77718	656
AG	Valea Hotarului	45.31885	25.1697	652
AG	Davidești	45.00479	25.02455	647
AG	Pârvu Roșu	44.73095	24.91038	643
AG	Căteasca	44.76233	25.08784	641
AG	Burdea	44.44829	24.90048	637
AG	Lacurile	45.10001	24.53685	634
AG	Radu Negru	44.86565	25.00784	632
AG	Negreni	44.98663	24.91086	624
AG	Valea Siliștii	45.19051	24.90738	620
AG	Mica	44.88709	24.74742	619
AG	Crâmpotani	45.01455	24.6935	613
AG	Drăganu-Olteni	44.92537	24.71539	610
AG	Găujani	44.5443	24.95153	610
AG	Ceaușești	44.75759	24.96014	607
AG	Voroveni	45.02723	25.06395	604
AG	Borlești	44.94677	24.76206	602
AG	Văcarea	45.11047	25.04271	597
AG	Sămara	44.82706	24.71325	592
AG	Priboieni	44.87474	25.0801	589
AG	Valea Popii (Priboieni)	44.86472	25.08329	589
AG	Bărbătești	44.91097	24.63011	588
AG	Valea lui Enache	45.08356	24.64125	588
AG	Bârzești	45.04664	25.07919	587
AG	Căpățânenii Pământeni	45.31625	24.64589	586
AG	Brăileni	44.88393	24.7772	578
AG	Nămăești	45.30767	25.11614	574
AG	Prislopu Mare	44.89682	24.74005	573
AG	Mănicești	45.01834	24.72011	572
AG	Siliștea	44.73685	25.05436	570
AG	Furduești	44.72438	25.10241	566
AG	Ceparii Pământeni	45.21108	24.56698	564
AG	Valea Pechii	45.19231	25.01068	561
AG	Valea Brazilor	45.05164	24.68038	555
AG	Valea Mare-Bratia	45.05667	24.95372	555
AG	Băiculești	45.06981	24.69034	554
AG	Cochinești	44.57161	24.76477	551
AG	Catanele	44.80022	24.99697	549
AG	Lespezi	45.13777	25.12275	547
AG	Podu Dâmboviței	45.40611	25.20569	545
AG	Lunca	45.15859	25.1189	544
AG	Lunca Gârtii	45.29396	25.16393	544
AG	Pitoi	44.87561	25.08962	544
AG	Glâmbocata-Deal	44.78359	25.16569	542
AG	Dumbrăvești	44.96432	24.68583	541
AG	Suseni	44.70299	24.94585	541
AG	Suseni (Bogați)	44.90287	25.14228	541
AG	Cărpeniș	45.2199	24.5229	540
AG	Zgripcești	44.94125	25.07365	537
AG	Enculești	44.90283	24.94113	529
AG	Căpățânenii Ungureni	45.33229	24.64121	528
AG	Piatra (Brăduleț)	45.24868	24.769	525
AG	Piatra (Ciofrângeni)	45.10099	24.5108	525
AG	Piatra (Stoenești)	45.27996	25.15175	525
AG	Slatina	45.35587	24.79898	524
AG	Cerbureni	45.20655	24.69385	515
AG	Cicănești	45.24451	24.61111	506
AG	Deagu de Sus	44.55834	25.01248	504
AG	Glavacioc	44.46812	25.25582	495
AG	Gliganu de Jos	44.65775	25.03431	495
AG	Valea Rumâneștilor	45.26596	25.08097	494
AG	Priboaia	45.09174	24.94176	491
AG	Rătești	44.74238	25.13086	490
AG	Mândra	44.45894	24.7751	485
AG	Podu Broșteni	44.74276	24.85413	485
AG	Râjlețu-Govora	44.82204	24.59272	480
AG	Argeșani	45.05518	24.70003	479
AG	Galeșu	45.27238	24.76078	475
AG	Slobozia	44.52566	25.24093	475
AG	Slobozia (Popești)	44.43363	25.13134	475
AG	Slobozia (Stoenești)	45.27458	25.17996	475
AG	Vărzaru	44.93731	24.77355	473
AG	Cândești	45.32409	24.96833	472
AG	Corbeni	45.30573	24.6537	472
AG	Rociu	44.65133	25.0091	472
AG	Odăeni	44.68203	24.97243	470
AG	Buzoești	44.57959	24.9212	465
AG	Pojorâta	45.3548	25.06295	459
AG	Schitu Scoicești	44.81553	25.14544	458
AG	Urechești	45.25934	24.61576	456
AG	Robaia	45.21424	24.77795	455
AG	Glâmbocata	44.77849	25.20052	454
AG	Valea Mărului	44.96733	24.77717	439
AG	Dedulești	45.01986	24.5406	434
AG	Jgheaburi	45.27793	24.80961	433
AG	Sboghițești	45.32936	24.80563	433
AG	Satu Nou	44.4846	24.8865	431
AG	Țuțulești	44.69298	24.97302	425
AG	Oprești	45.071	24.98549	424
AG	Vărzăroaia	45.15756	24.84287	421
AG	Catane	44.63862	24.76168	420
AG	Ogrezea	45.05806	24.99573	419
AG	Colțu	44.49554	24.92912	418
AG	Țigănești	44.83246	25.08111	418
AG	Negrești	44.95568	25.07553	416
AG	Albotele	44.89502	25.08071	414
AG	Tomșanca	44.621	24.93864	411
AG	Bănărești	44.72825	24.75302	407
AG	Broșteni (Aninoasa)	45.19537	24.91725	407
AG	Broșteni (Costești)	44.71865	24.86249	407
AG	Suslănești	45.23823	25.11944	406
AG	Răchițele de Jos	44.88511	24.66205	405
AG	Vâlsănești	45.18323	24.791	403
AG	Bujoi	44.88921	25.1372	402
AG	Râncăciov	44.86143	25.03384	402
AG	Ciobani	44.5114	24.77594	397
AG	Groși	44.86709	24.70019	396
AG	Crintești	44.85289	25.09155	394
AG	Săpunari	44.97107	24.55652	394
AG	Brădetu	45.30781	24.7585	392
AG	Dinculești	44.81236	24.73424	392
AG	Ciocești	44.44322	24.77961	391
AG	Sinești	44.99471	24.50709	386
AG	Martalogi	44.50237	24.78855	384
AG	Brăduleț	45.2806	24.76836	382
AG	Răchițele de Sus	44.91167	24.65668	382
AG	Ceparii Ungureni	45.19204	24.53607	381
AG	Lăngești	44.70007	24.77249	380
AG	Cuca	44.97393	24.51692	378
AG	Lăpușani	45.12421	24.85269	377
AG	Nucșoara	45.34014	24.78056	377
AG	Ulita	45.10975	24.93911	377
AG	Pădureți	44.65977	24.76591	375
AG	Slătioarele	44.85953	24.7518	375
AG	Bârseștii de Sus	45.1746	24.54715	373
AG	Ungureni (Brăduleț)	45.25698	24.77083	372
AG	Ungureni (Valea Iașului)	45.18827	24.70171	372
AG	Metofu	44.85034	24.71933	370
AG	Valea Iașului	45.18599	24.71703	368
AG	Șelari	45.28239	25.09343	366
AG	Dealu	45.1097	25.10714	364
AG	Dealu Orașului	44.81918	24.73863	364
AG	Dealu Viilor (Moșoaia)	44.8111	24.82523	364
AG	Dealu Viilor (Poiana Lacului)	44.82925	24.70375	364
AG	Boțârcani	44.84648	25.08458	361
AG	Bucov	44.44478	25.03657	361
AG	Cotu Malului	44.75087	25.19193	357
AG	Podeni	44.58728	24.90922	356
AG	Lăceni	44.71499	24.87828	355
AG	Prislopu Mic	44.89609	24.74265	355
AG	Clucereasa	44.97924	24.94266	354
AG	Mozacu	44.61103	25.1655	351
AG	Curteanca	44.57262	24.93004	344
AG	Deagu de Jos	44.54788	25.02571	344
AG	Burluși	45.11874	24.53084	340
AG	Berindești	45.32434	24.66496	339
AG	Cotmenița	44.89112	24.70309	339
AG	Izbășești	44.58407	24.77723	339
AG	Malu (Bârla)	44.45274	24.78079	335
AG	Malu (Godeni)	45.25076	24.9751	335
AG	Ursoaia	44.9887	24.66589	333
AG	Lucieni	45.13073	25.11031	332
AG	Poduri	45.22835	24.83272	332
AG	Frătici	44.76255	24.61714	325
AG	Mârțești	44.71818	24.74996	325
AG	Coșeri	44.78038	25.05555	323
AG	Valea Rizii	45.02891	24.89694	323
AG	Moșteni-Greci	45.00592	25.15756	322
AG	Strâmbeni (Căldăraru)	44.46628	24.97064	321
AG	Strâmbeni (Suseni)	44.46628	24.97064	321
AG	Nigrișoara	44.50196	25.23204	314
AG	Sămăila	44.86655	25.09661	314
AG	Săliștea	44.8632	24.62708	312
AG	Crucișoara	44.82105	24.66027	309
AG	Brătești	45.22208	24.71152	307
AG	Chițești	44.85997	25.13784	307
AG	Paltenu	45.25554	24.49747	306
AG	Cătunași	44.8299	24.73655	303
AG	Băcești	44.9436	24.68986	302
AG	Chițani	44.74828	24.6485	301
AG	Doblea	45.21945	24.70135	300
AG	Loturi	45.21713	25.01777	300
AG	Budișteni	44.80504	25.15589	299
AG	Urluiești	45.20046	24.52639	299
AG	Dâmbovicioara	45.43796	25.23274	298
AG	Nejlovelu	44.69298	25.17318	296
AG	Podișoru	44.41107	24.79175	296
AG	Bârloi	44.88029	25.13562	295
AG	Băila	44.80194	25.13752	294
AG	Borobănești	45.1728	24.63915	292
AG	Lențea	44.98584	25.10426	292
AG	Fata	44.80556	24.62164	291
AG	Izvoru de Jos	44.77984	24.64782	287
AG	Mârghia de Jos	44.68027	24.71694	286
AG	Priseaca	45.09114	24.8453	286
AG	Anghinești	45.07329	24.66171	284
AG	Ceaurești	45.05079	24.52174	282
AG	Teodorești	44.9178	24.48397	281
AG	Valea Bradului	45.09979	24.99923	280
AG	Ciești	44.62631	24.76179	279
AG	Vlășcuța	44.54324	24.792	279
AG	Ianculești	45.24597	24.48489	278
AG	Palanga	44.45079	25.08426	275
AG	Valea Mare	44.87452	25.07313	275
AG	Vața	44.76416	24.66786	272
AG	Cepari	45.20882	24.52244	270
AG	Cepari (Poiana Lacului)	44.79627	24.67822	270
AG	Făcălețești	44.84849	24.67638	270
AG	Bilcești	45.28324	25.10448	269
AG	Coteasca	45.1304	24.93793	269
AG	Mârghia de Sus	44.68995	24.7096	269
AG	Vâlcelele	45.00271	24.70188	266
AG	Bălteni	45.14931	24.56407	264
AG	Pietroasa	45.28894	25.07611	264
AG	Cârcești	44.95994	24.53485	263
AG	Golești (Bălilești)	45.08009	24.93577	263
AG	Golești (Ștefănești)	44.83855	24.96234	263
AG	Glodu (Călinești)	44.85602	25.04907	261
AG	Glodu (Leordeni)	44.81858	25.16667	261
AG	Afrimești	44.47886	24.76304	258
AG	Ioanicești	45.0644	24.50821	258
AG	Ciupa-Mănciulescu	44.70147	25.15803	255
AG	Valea Uleiului	45.18197	24.68044	254
AG	Izvoru de Sus	44.81882	24.64578	252
AG	Stârci	44.68678	24.84064	252
AG	Leșile	44.63181	25.15039	249
AG	Bătrâni	44.84089	24.75766	246
AG	Măncioiu	45.0134	24.5011	245
AG	Dogari	44.84631	24.48102	244
AG	Gorănești	44.8564	25.0871	244
AG	Cocenești	45.22525	25.0897	241
AG	Cârciumărești	44.79696	25.1087	235
AG	Gărdinești	44.78791	24.66097	234
AG	Popești	44.45834	25.12005	233
AG	Popești (Cocu)	44.85241	24.63779	233
AG	Popești (Săpata)	44.74387	24.75067	233
AG	Huluba	45.06637	25.05589	225
AG	Luminile	45.03638	24.54416	221
AG	Borovinești	45.20023	24.68755	216
AG	Ciurești	44.78027	24.66878	215
AG	Goleasca	44.56988	25.05777	214
AG	Cungrea	44.88058	24.49025	212
AG	Gâlcești	44.82108	24.74995	212
AG	Adunați	44.45311	25.02715	211
AG	Beculești	44.82306	24.43695	209
AG	Lipia	44.77199	24.72485	209
AG	Balabani	45.15206	25.13616	208
AG	Glâmbocel	44.85402	25.16321	208
AG	Uda	44.88832	24.56719	207
AG	Fâlfani	44.6123	24.76128	204
AG	Rogojina	44.93153	24.81733	204
AG	Burdești	44.72407	24.95586	203
AG	Dealu Bradului	44.7391	24.72329	201
AG	Dincani	44.81756	24.60824	200
AG	Buta	44.62488	25.11696	198
AG	Valea Nenii	44.88744	25.08136	198
AG	Găinușa	44.76291	24.73756	193
AG	Valea Îndărăt	45.20779	25.05776	192
AG	Mioarele	45.23722	25.07417	190
AG	Mioarele (Cicănești)	45.24742	24.62829	190
AG	Moara Mocanului	44.76931	25.13972	188
AG	Stejari	45.03851	24.70784	186
AG	Dumirești	45.2483	24.69495	185
AG	Bărănești	44.85142	24.57749	182
AG	Bolculești	45.20913	24.61351	182
AG	Lăunele de Sus	44.93564	24.48969	181
AG	Bujoreni	44.60206	24.91448	180
AG	Pădureni	44.70645	24.98654	179
AG	Mavrodolu	44.69219	25.21585	178
AG	Orodel	44.5105	25.01762	177
AG	Gura Văii	44.80061	24.83858	175
AG	Zidurile	44.57891	25.16609	175
AG	Lupueni	44.8795	24.72409	171
AG	Valea Faurului	45.19993	24.78607	171
AG	Cosaci	45.28023	24.78211	169
AG	Lungani	44.76086	24.64331	167
AG	Silișteni	44.72155	24.77939	166
AG	Șelăreasca	44.43645	24.77716	162
AG	Vârșești	44.77719	24.61238	160
AG	Bălilești	45.06209	24.93841	159
AG	Bălilești (Tigveni)	45.14086	24.53177	159
AG	Smei	44.73132	24.8397	159
AG	Șendrulești	45.20995	24.5447	157
AG	Blejani	44.79053	24.6294	156
AG	Ciolcești	44.79741	25.19754	155
AG	Baloteasca	44.75781	25.16899	153
AG	Bănicești	45.1905	24.60803	152
AG	Chirițești (Suseni)	44.71156	24.96727	152
AG	Chirițești (Uda)	44.83885	24.59471	152
AG	Chirițești (Vedea)	44.75497	24.66229	152
AG	Goia	44.52443	24.99999	152
AG	Pielești	45.04845	24.57538	150
AG	Schitu-Matei	45.0954	24.55926	150
AG	Bărbălătești	45.19871	24.7239	148
AG	Păuleni	45.25735	24.5223	146
AG	Burețești	44.82813	24.62941	143
AG	Valea Măgurei	45.19457	24.5562	143
AG	Sătic	45.4564	25.15966	142
AG	Uleni	45.26622	24.77937	142
AG	Giuclani	44.88584	24.51322	141
AG	Miercani	44.91909	24.58383	139
AG	Costiță	45.20559	25.00311	138
AG	Brabeți	44.46043	24.76601	137
AG	Dealu Pădurii	44.96272	24.59305	137
AG	Romana	44.89626	24.55002	135
AG	Colnic	45.2669	25.10627	134
AG	Ștefănești	44.87342	24.95666	134
AG	Ștefănești (Suseni)	44.72725	24.97131	134
AG	Cotu (Cuca)	44.90346	24.47378	129
AG	Cotu (Uda)	44.88832	24.56719	129
AG	Dealu Obejdeanului	44.98793	24.5585	129
AG	Putina	45.15026	24.93602	128
AG	Slămnești	45.27575	24.76777	127
AG	Bădicea	44.7566	24.69537	126
AG	Gălețeanu	44.80771	24.68346	126
AG	Prodani	44.75565	24.63518	125
AG	Zamfirești (Cepari)	45.19508	24.51183	125
AG	Zamfirești (Cotmeana)	44.98198	24.65203	125
AG	Bumbueni	44.73614	24.78952	123
AG	Cocu	44.86614	24.6667	123
AG	Turburea	45.33014	24.69942	122
AG	Drăghicești	44.75346	24.75184	119
AG	Greabănu	44.91351	24.61901	119
AG	Lintești	45.0042	24.61182	118
AG	Păunești	44.84906	24.44723	115
AG	Bădislava	45.15974	24.51431	111
AG	Gorani	44.91105	24.56498	110
AG	Gruiu (Căteasca)	44.74305	25.07268	108
AG	Gruiu (Nucșoara)	45.32854	24.76596	108
AG	Valea Muscelului	45.16285	24.76347	108
AG	Spiridoni	44.98073	24.58457	107
AG	Valea Cucii	44.97731	24.49123	107
AG	Bascovele	45.01071	24.6428	104
AG	Răduțești	44.86424	24.47536	104
AG	Chilii	45.2366	25.05448	103
AG	Poienărei	45.25546	24.80438	103
AG	Ciocanu	45.45967	25.24436	100
AG	Valea Calului	45.22952	24.58965	100
AG	Măcăi	44.98821	24.50308	96
AG	Turcești	44.7356	24.75453	95
AG	Vețișoara	44.75849	24.655	95
AG	Vlăduța	44.61537	24.90467	92
AG	Albeștii de Muscel	45.36955	24.95013	90
AG	Mușcel	45.20152	25.13268	90
AG	Poienarii de Muscel	45.16667	25.08333	90
AG	Brăteasca	44.99464	24.71275	85
AG	Negești	45.00681	24.65173	76
AG	Bărbălani	44.90514	24.50976	75
AG	Valea lui Maș	45.21567	24.75019	73
AG	Cișmea	45.00253	24.95176	72
AG	Costești	44.67421	24.85773	72
AG	Costești (Cotmeana)	44.98542	24.59654	72
AG	Costești-Vâlsan	45.15028	24.77219	72
AG	Crivățu	44.95502	24.5131	68
AG	Ciomăgești	44.83432	24.44432	67
AG	Braniștea	44.89761	24.56706	66
AG	Fedeleșoiu	44.84522	24.45328	65
AG	Frătești	44.79892	24.78852	64
AG	Oțelu	45.25441	24.95269	64
AG	Mogoșești	44.74121	24.6927	59
AG	Prosia	45.21859	24.78876	59
AG	Blaju	45.15782	24.60073	56
AG	Stănicei	44.96761	24.49581	56
AG	Brânzari	44.95814	24.83472	54
AG	Bădulești	44.82305	24.56542	50
AG	Dealu Bisericii	44.86112	24.59978	50
AG	Mănești	44.98189	24.51315	49
AG	Vârloveni	45.02957	24.59562	49
AG	Bântău	44.81994	25.18585	48
AG	Greabăn	44.90687	24.58463	48
AG	Tomulești	45.07286	24.49285	47
AG	Florieni	45.24065	24.7228	46
AG	Dealu Frumos	45.02987	24.96753	45
AG	Drăgolești	45.03941	24.60944	44
AG	Săndulești	45.02795	24.64322	43
AG	Lungulești	44.88057	24.61185	42
AG	Zuvelcați	44.46934	24.76187	39
AG	Diconești	44.84758	24.6118	38
AG	Vonigeasa	44.98365	24.54067	38
AG	Redea	44.60104	24.90286	35
AG	Drăghescu	45.13502	24.93738	32
AG	Dealu Tolcesii	44.87217	24.56631	30
AG	Pițigaia	45.07121	25.03517	28
AG	Bălțata	44.95544	24.50581	27
AG	Băjănești	44.857	24.70915	26
AG	Rățoi	44.78836	24.65229	19
AG	Alunișu (Băiculești)	45.06547	24.59576	17
AG	Alunișu (Brăduleț)	45.29371	24.77367	17
AG	Bratia (Berevoești)	45.2709	24.94077	15
AG	Bratia (Ciomăgești)	45.2709	24.94077	15
AG	Burnești	45.17383	25.00779	5
AG	Dumbrava	44.89267	25.19518	4
AG	Aluniș	45.23457	25.13997	0
AG	Bădila	45.20238	24.70792	0
AG	Bolovănești	45.2333	24.72767	0
AG	Bordeieni	45.25367	24.97732	0
AG	Budeasa	44.93363	24.83094	0
AG	Drăganu	44.95257	24.68849	0
AG	Fântânea	45.27309	25.10914	0
AG	Glâmbocu	44.89192	24.79612	0
AG	Morăști	45.22832	24.51321	0
AG	Ruginoasa	45.21483	24.72277	0
AG	Săpata	44.74297	24.74122	0
AR	Arad	46.18656	21.31227	159074
AR	Pecica	46.16894	21.06784	11266
AR	Sântana	46.3445	21.50364	10134
AR	Ineu	46.43103	21.84054	8377
AR	Curtici	46.34281	21.30718	7453
AR	Nădlac	46.16849	20.75651	7398
AR	Lipova	46.08872	21.69505	7292
AR	Vladimirescu	46.16325	21.40601	6445
AR	Chișineu-Criș	46.52589	21.51489	6194
AR	Pâncota	46.3284	21.68667	5526
AR	Sebiș	46.37308	22.12794	5083
AR	Șiria	46.26185	21.62999	5040
AR	Vinga	46.01405	21.21139	4063
AR	Șimand	46.4218	21.45546	3982
AR	Macea	46.37914	21.3142	3874
AR	Semlac	46.11391	20.92552	3667
AR	Șeitin	46.11004	20.84128	2936
AR	Felnac	46.11704	21.14284	2699
AR	Covăsinț	46.20168	21.6048	2573
AR	Șepreuș	46.56608	21.73239	2481
AR	Socodor	46.52539	21.42767	2367
AR	Zădăreni	46.13385	21.21719	2249
AR	Șicula	46.4367	21.76173	2218
AR	Buteni	46.3154	22.07724	2183
AR	Galșa	46.28785	21.65064	2178
AR	Bocsig	46.42135	21.93899	2173
AR	Zăbrani	46.07024	21.55503	2165
AR	Secusigiu	46.08887	21.04322	2142
AR	Fântânele	46.12375	21.38437	2141
AR	Horia	46.20992	21.46139	2117
AR	Apateu	46.62121	21.77265	2098
AR	Radna	46.09485	21.68307	2082
AR	Sânpetru German	46.11461	21.05193	2037
AR	Șagu	46.05973	21.28406	2006
AR	Sânmartin	46.41676	21.34657	1888
AR	Șofronea	46.27879	21.30771	1880
AR	Seleuș	46.38154	21.71013	1867
AR	Sâmbăteni	46.13882	21.51762	1840
AR	Iratoșu	46.3147	21.20672	1803
AR	Gurahonț	46.30203	22.34025	1802
AR	Valea Mare (Gurahonț)	46.31934	22.36021	1802
AR	Nădab	46.47586	21.51315	1793
AR	Păuliș	46.13764	21.66275	1751
AR	Beliu	46.51358	21.99447	1725
AR	Avram Iancu (Cermei)	46.54012	21.91592	1690
AR	Cermei	46.53908	21.81714	1690
AR	Târnova	46.31913	21.79626	1667
AR	Ghioroc	46.15456	21.58995	1653
AR	Dorobanți	46.34689	21.24109	1635
AR	Zimandcuz	46.25643	21.38375	1630
AR	Frumușeni	46.10141	21.46011	1614
AR	Zimandu Nou	46.26324	21.43216	1575
AR	Olari	46.38387	21.54603	1551
AR	Sânleani	46.21382	21.38402	1538
AR	Cuvin	46.1701	21.58727	1483
AR	Andrei Șaguna	46.29181	21.39183	1452
AR	Livada	46.22377	21.38434	1422
AR	Măderat	46.29615	21.70998	1420
AR	Vânători	46.62781	21.66956	1410
AR	Zărand	46.40882	21.64876	1405
AR	Săvârșin	46.01018	22.23364	1379
AR	Țipar	46.477	21.63492	1379
AR	Valea Mare (Săvârșin)	45.99118	22.23792	1379
AR	Almaș	46.28209	22.22868	1377
AR	Mișca	46.60057	21.59668	1305
AR	Caporal Alexa	46.33625	21.58365	1294
AR	Cintei	46.44481	21.56218	1272
AR	Grăniceri	46.50068	21.348	1260
AR	Sintea Mare	46.50677	21.62452	1260
AR	Chier	46.34383	21.8236	1216
AR	Mândruloc	46.14468	21.46241	1207
AR	Turnu	46.25706	21.12287	1181
AR	Agrișu Mare	46.26846	21.74819	1169
AR	Chesinț	46.04798	21.57292	1160
AR	Gurba	46.46711	21.78606	1134
AR	Pilu	46.57566	21.34452	1106
AR	Adea	46.55511	21.5777	1103
AR	Mănăștur	46.01044	21.12709	1099
AR	Șiclău	46.48967	21.36572	994
AR	Mailat	46.04514	21.10208	988
AR	Hălmagiu	46.26485	22.56918	987
AR	Bârzava	46.12258	22.08727	985
AR	Vărșand	46.61577	21.34573	954
AR	Chereluș	46.46697	21.7045	949
AR	Tisa Nouă	46.08099	21.37323	949
AR	Cicir	46.14507	21.47954	941
AR	Șoimoș	46.10761	21.71948	939
AR	Șomoșcheș	46.57313	21.84257	935
AR	Aluniș	46.09289	21.49074	929
AR	Neudorf	46.05886	21.61891	926
AR	Bârsa	46.37184	22.04708	909
AR	Căpălnaș	45.96972	22.21754	893
AR	Chisindia	46.23649	22.11932	892
AR	Mâsca	46.29752	21.67151	885
AR	Mocrea	46.38861	21.81977	883
AR	Peregu Mic	46.24943	20.94779	840
AR	Satu Mare	46.06805	20.95693	840
AR	Satu Nou	46.62119	21.69658	834
AR	Zerind	46.61275	21.49646	829
AR	Drauț	46.26035	21.80769	817
AR	Berechiu	46.63829	21.84537	799
AR	Nadăș	46.22302	21.94378	789
AR	Peregu Mare	46.23915	20.9362	785
AR	Groșeni	46.50019	22.11994	779
AR	Tauț	46.28992	21.91075	756
AR	Avram Iancu (Vârfurile)	46.35173	22.45382	752
AR	Vârfurile	46.31129	22.52744	752
AR	Dezna	46.4054	22.24771	743
AR	Moroda	46.37115	21.7623	742
AR	Dieci	46.31717	22.24788	726
AR	Chișlaca	46.55776	21.96635	699
AR	Sânpaul	46.2593	21.26635	695
AR	Dud	46.29821	21.85693	693
AR	Birchiș	45.96403	22.16577	690
AR	Răpsig	46.41911	22.01887	680
AR	Cuied	46.33573	22.01403	672
AR	Ususău	46.06851	21.82145	666
AR	Bonțești	46.2753	22.30493	660
AR	Miniș	46.13786	21.60482	654
AR	Moneasa	46.46035	22.25357	636
AR	Conop	46.12994	21.85193	596
AR	Cărand	46.44512	22.08659	593
AR	Craiva	46.58762	21.97808	585
AR	Fiscut	46.0284	21.39345	581
AR	Milova	46.10634	21.80105	579
AR	Cruceni	46.06656	21.33216	575
AR	Vărădia de Mureș	46.01052	22.15842	558
AR	Prunișor	46.41856	22.12118	543
AR	Cil	46.28397	22.26256	530
AR	Tăgădău	46.50801	22.0033	525
AR	Petriș	46.09269	22.38089	513
AR	Vasile Goldiș	46.52782	21.93434	493
AR	Aldești	46.39236	22.03902	491
AR	Iermata Neagră	46.63641	21.49809	491
AR	Munar	46.10453	21.02009	490
AR	Hălmăgel	46.31683	22.65851	475
AR	Șilindia	46.33973	21.91302	466
AR	Variașu Mare	46.27389	21.16851	459
AR	Secaș	46.22773	22.30392	451
AR	Hășmaș	46.50316	22.08038	444
AR	Seliștea	46.46386	22.03134	443
AR	Iermata	46.38471	21.76369	435
AR	Rădești	46.27246	22.25122	434
AR	Firiteaz	46.02152	21.37131	430
AR	Bata	46.01641	22.03698	427
AR	Odvoș	46.10742	21.8207	422
AR	Luncșoara	46.31937	22.62515	400
AR	Tălagiu	46.27768	22.47376	395
AR	Toc	46.0064	22.31936	393
AR	Julița	46.04193	22.13308	392
AR	Lazuri	46.34361	22.56005	392
AR	Brusturi	46.34602	22.58793	387
AR	Sintea Mică	46.41427	21.60214	386
AR	Crocna	46.33414	22.29419	384
AR	Păiușeni	46.24886	22.09242	381
AR	Mânerău	46.41572	21.98572	378
AR	Arăneag	46.25192	21.77454	373
AR	Țela	45.98447	22.07131	365
AR	Archiș	46.47738	22.05183	355
AR	Lalașinț	46.07172	22.00455	352
AR	Chelmac	46.08237	21.8833	351
AR	Susag	46.61397	21.92117	347
AR	Zimbru	46.33671	22.38599	330
AR	Honțișor	46.25232	22.34031	326
AR	Roșia Nouă	46.12291	22.42292	317
AR	Mărăuș	46.59494	22.03269	314
AR	Sederhat	46.21316	21.15592	311
AR	Belotinț	46.07842	21.9403	310
AR	Revetiș	46.31355	22.19163	309
AR	Cladova	46.13472	21.65855	306
AR	Dumbrăvița	46.09452	22.08053	300
AR	Pescari	46.29669	22.31108	296
AR	Căprioara	45.98254	22.2771	286
AR	Căpruța	46.08771	22.03069	286
AR	Monoroștia	46.10436	22.01023	283
AR	Botfei	46.54607	22.0618	280
AR	Moțiori	46.61692	21.85108	279
AR	Lupești	46.07282	22.21494	273
AR	Mădrigești	46.20144	22.3004	271
AR	Măgulicea	46.33551	22.53224	269
AR	Zăbalț	46.00743	21.92352	263
AR	Ignești	46.40926	22.16695	261
AR	Ilteu	46.01473	22.36407	261
AR	Șiștarovăț	45.99206	21.74157	259
AR	Dorgoș	46.05246	21.83298	251
AR	Șiad	46.60369	21.98774	251
AR	Nicolae Bălcescu	46.03347	22.08849	247
AR	Bodrogu Nou	46.12946	21.19797	246
AR	Groșii Noi	46.11703	22.11772	244
AR	Iosaș	46.28421	22.33511	239
AR	Vidra	46.33514	22.49748	234
AR	Călugăreni	46.127	21.18491	232
AR	Berindia	46.32056	22.16028	231
AR	Urvișu de Beliu	46.52967	22.08665	229
AR	Bănești	46.28788	22.6008	228
AR	Rănușa	46.42901	22.2556	228
AR	Pleșcuța	46.30056	22.42393	224
AR	Barațca	46.10766	21.63424	223
AR	Ostrov	45.97266	22.12948	218
AR	Aciuța	46.28771	22.44959	215
AR	Țărmure	46.24637	22.5672	210
AR	Satu Mic	46.34864	21.89369	209
AR	Leasa	46.27453	22.54377	206
AR	Susani	46.45464	22.17633	204
AR	Tisa	46.25687	22.55299	202
AR	Hodiș	46.35981	22.02878	199
AR	Poienari	46.23966	22.60559	198
AR	Nermiș	46.47231	22.08154	197
AR	Corbești	46.07789	22.38578	196
AR	Sălăjeni	46.36753	22.18623	194
AR	Voivodeni	46.39933	22.02946	192
AR	Joia Mare	46.29911	22.17604	191
AR	Bacău de Mijloc	45.97708	22.09542	187
AR	Slatina de Mureș	46.15263	22.17841	185
AR	Bârzești	46.48463	22.1297	184
AR	Hunedoara Timișană	46.03159	21.31971	184
AR	Târnăvița	46.25709	22.64884	184
AR	Zerindu Mic	46.63175	21.63376	184
AR	Iacobini	46.23069	22.34155	183
AR	Buhani	46.40588	22.20518	176
AR	Troaș	46.10716	22.29513	176
AR	Mermești	46.30809	22.56114	175
AR	Stoinești	46.61106	22.02331	173
AR	Agrișu Mic	46.52774	22.05408	172
AR	Buceava-Șoimuș	46.20129	22.344	169
AR	Poiana	46.35624	22.41357	168
AR	Pârnești	46.07462	22.24289	167
AR	Coroi	46.58851	21.94542	163
AR	Minișel	46.25673	21.98517	163
AR	Stejar	46.03303	22.15224	162
AR	Gura Văii	46.29353	22.4	161
AR	Donceni	46.39192	22.17471	159
AR	Rogoz de Beliu	46.60627	22.00319	159
AR	Ionești	46.23509	22.55638	158
AR	Ciuntești	46.62477	22.04159	155
AR	Secaci	46.57357	22.03829	149
AR	Bruznic	45.98289	21.89344	145
AR	Sârbi	46.28263	22.64719	141
AR	Slatina de Criș	46.43182	22.22639	140
AR	Variașu Mic	46.29193	21.17878	133
AR	Rostoci	46.28358	22.39942	132
AR	Bodești	46.29121	22.57869	131
AR	Temeșești	46.05095	22.26986	131
AR	Baia	46.09062	22.17369	123
AR	Luguzău	46.33228	21.93447	123
AR	Seliște	46.02949	22.38664	121
AR	Feniș	46.29769	22.33381	120
AR	Obârșia	46.14331	22.44263	117
AR	Nădălbești	46.45451	22.19245	111
AR	Bulci	46.00479	22.10664	109
AR	Comănești	46.50955	22.04409	105
AR	Țohești	46.26049	22.63253	105
AR	Cristești	46.30133	22.59669	103
AR	Minead	46.41736	22.18595	103
AR	Benești	46.53137	22.00172	99
AR	Hălăliș	46.011	22.20362	95
AR	Groși	46.37401	22.54124	91
AR	Neagra	46.43441	22.20751	91
AR	Cuveșdia	45.94706	21.67955	86
AR	Brazii	46.19399	22.32754	81
AR	Dulcele	46.35353	22.36547	74
AR	Bătuța	46.05335	22.04902	72
AR	Minișu de Sus	46.28048	22.00438	71
AR	Clit	46.51494	22.09234	70
AR	Dumbrava	46.27753	22.42877	68
AR	Pătârș	45.99804	21.85217	67
AR	Văsoaia	46.25681	22.05624	67
AR	Bochia	46.54513	22.00237	66
AR	Cuiaș	45.99897	22.29152	63
AR	Iercoșeni	46.3472	21.97589	61
AR	Roșia	46.33845	22.19295	55
AR	Virismort	45.96654	22.14426	53
AR	Laz	46.37049	22.24582	48
AR	Camna	46.31259	21.94795	45
AR	Mustești	46.23751	22.26537	44
AR	Leștioara	46.27335	22.56765	42
AR	Tălmaci	46.60756	21.88833	34
AR	Budești	46.25962	22.44545	24
AR	Cociuba	46.30714	22.17832	16
AR	Labașinț	45.96192	21.78952	9
AR	Bodrogu Vechi	46.13803	21.17303	4
AR	Varnița	46.02229	21.8074	4
AR	Păulian	46.3358	22.15653	0
B	București	44.42677	26.10254	1883425
BC	Bacău	46.56704	26.91457	144307
BC	Onești	46.2647	26.78259	37717
BC	Moinești	46.46979	26.48846	20671
BC	Comănești	46.42348	26.4258	17839
BC	Buhuși	46.72229	26.70015	14216
BC	Târgu Ocna	46.27771	26.61818	9563
BC	Dărmănești	46.36826	26.46148	8621
BC	Oituz	46.20195	26.6199	5623
BC	Cleja	46.40289	26.91687	4598
BC	Valea Mică (Cleja)	46.39149	26.94122	4598
BC	Faraoani	46.43652	26.89862	3932
BC	Nicolae Bălcescu	46.46546	26.8864	3595
BC	Mărgineni	46.59291	26.81286	3446
BC	Mănăstirea Cașin	46.1505	26.69011	3362
BC	Frumoasa	46.66454	26.53179	3339
BC	Zemeș	46.55328	26.46422	3329
BC	Gioseni	46.42234	26.99722	3249
BC	Valea Seacă	46.24368	27.05329	3124
BC	Letea Veche	46.54992	26.95143	2926
BC	Răcăciuni	46.33758	26.99337	2820
BC	Cașin	46.18514	26.71058	2662
BC	Podu Turcului	46.20135	27.38853	2569
BC	Dofteana	46.32917	26.56669	2540
BC	Lilieci	46.61541	26.88228	2483
BC	Berzunți	46.41011	26.64994	2381
BC	Lespezi	46.66573	26.75996	2314
BC	Blăgești	46.67962	26.65302	2284
BC	Pâncești	46.2167	27.0667	2240
BC	Păncești (Sascut)	46.2167	27.0667	2240
BC	Măgura	46.55819	26.84718	2219
BC	Poduri	46.45453	26.56003	2218
BC	Săucești	46.65476	26.93692	2183
BC	Gura Văii (Racova)	46.69056	26.78505	2172
BC	Racova	46.70291	26.74114	2172
BC	Asău	46.59977	26.30778	2112
BC	Luizi-Călugăra	46.53194	26.84349	2060
BC	Băcioiu	46.31254	27.15713	1994
BC	Tuta	46.25522	26.6925	1992
BC	Drăgugești	46.36866	26.77382	1979
BC	Orbeni	46.2671	27.01701	1967
BC	Bijghir	46.60153	27.01871	1952
BC	Târgu Trotuș	46.26346	26.68016	1950
BC	Hemeiuș	46.62114	26.84424	1911
BC	Brătila	46.3172	26.76325	1888
BC	Schitu Frumoasa	46.6379	26.50619	1872
BC	Prăjești	46.65287	26.98526	1869
BC	Prăjești (Măgirești)	46.50606	26.52159	1869
BC	Fundu Răcăciuni	46.35718	26.89076	1852
BC	Sascut	46.19601	27.09376	1803
BC	Scurta	46.26204	27.00147	1793
BC	Dragomir	46.41385	26.62473	1764
BC	Ciugheș	46.50654	26.11492	1756
BC	Gârleni	46.66042	26.80678	1747
BC	Sascut-Sat	46.19318	27.06701	1740
BC	Cireșoaia	46.24955	26.55086	1713
BC	Bârsănești	46.33306	26.7079	1693
BC	Căiuți	46.18638	26.92442	1692
BC	Deleni	46.35156	26.77518	1645
BC	Gârlenii de Sus	46.65372	26.79478	1626
BC	Sănduleni	46.44279	26.73049	1619
BC	Răchitoasa	46.44531	27.37991	1613
BC	Barați	46.57362	26.87326	1590
BC	Holt	46.54777	26.97012	1555
BC	Răcăuți	46.22792	26.78054	1546
BC	Satu Nou (Urechești)	46.12726	27.02554	1536
BC	Urechești	46.12884	27.07476	1536
BC	Făget	46.58915	26.04592	1519
BC	Rădeana	46.21728	26.83795	1508
BC	Osebiți	46.54125	26.84251	1493
BC	Pustiana	46.59032	26.63194	1454
BC	Tamași	46.4922	27.00532	1446
BC	Somușca	46.4006	26.90786	1443
BC	Apa Asău	46.4971	26.3732	1439
BC	Buciumi	46.19648	26.78799	1438
BC	Poiana (Colonești)	46.64397	27.21314	1423
BC	Poiana (Livezi)	46.37921	26.70887	1423
BC	Poiana (Mărgineni)	46.62567	26.7414	1423
BC	Poiana (Motoșeni)	46.27511	27.42015	1423
BC	Poiana (Negri)	46.69145	27.02255	1423
BC	Valea lui Ion	46.69248	26.65345	1406
BC	Horgești	46.43693	27.06987	1399
BC	Solonț	46.57525	26.53173	1395
BC	Glăvănești	46.24419	27.39746	1382
BC	Turluianu	46.45098	26.64132	1382
BC	Ardeoani	46.53219	26.62132	1365
BC	Cernu	46.46454	26.58971	1363
BC	Slănic-Moldova	46.21146	26.44095	1351
BC	Frumușelu	46.26282	27.36037	1344
BC	Berești	46.20679	27.14219	1336
BC	Cotumba	46.49811	26.19397	1335
BC	Sohodor	46.40665	27.06184	1305
BC	Arini	46.34814	27.18954	1295
BC	Scorțeni	46.5586	26.68108	1286
BC	Buhoci	46.5703	27.01402	1255
BC	Coțofănești	46.13261	26.97929	1245
BC	Ghimeș	46.56642	26.09148	1244
BC	Ghimeș-Făget	46.58333	26.06667	1244
BC	Secuieni	46.64562	27.09527	1240
BC	Cucuieți (Dofteana)	46.3232	26.55453	1179
BC	Cucuieți (Solonț)	46.58819	26.52912	1179
BC	Brusturoasa	46.51721	26.18707	1175
BC	Măgirești	46.51836	26.52664	1166
BC	Agăș	46.45394	26.22956	1160
BC	Valea Arinilor	46.49893	26.51136	1151
BC	Straja	46.44285	26.35542	1148
BC	Berești-Tazlău	46.46962	26.67768	1139
BC	Cerdac	46.23803	26.51467	1134
BC	Vermești	46.41611	26.4762	1133
BC	Traian	46.62673	27.03189	1125
BC	Brătești	46.3244	26.64237	1124
BC	Găzărie	46.48694	26.50766	1116
BC	Galbeni (Filipești)	46.74267	26.8462	1113
BC	Galbeni (Nicolae Bălcescu)	46.45904	26.94233	1113
BC	Larga	46.35162	26.53348	1110
BC	Ștefan Vodă	46.3165	26.51178	1108
BC	Valea Șoșii	46.46134	26.54824	1107
BC	Bălăneasa	46.39059	26.73795	1099
BC	Caraclău	46.30042	26.71738	1095
BC	Balcani	46.63801	26.5551	1088
BC	Berești-Bistrița	46.7007	26.85805	1087
BC	Cârligi	46.7626	26.84966	1085
BC	Bucșești	46.48447	26.57967	1065
BC	Roșiori	46.72325	27.08659	1065
BC	Valea Mare (Roșiori)	46.72202	27.11688	1065
BC	Valea Mică (Roșiori)	46.71454	27.13339	1065
BC	Helegiu	46.35957	26.74082	1055
BC	Bolătău	46.61005	26.42037	1039
BC	Viișoara (Ștefan cel Mare)	46.23458	26.8865	1027
BC	Viișoara (Târgu Trotuș)	46.28117	26.66084	1027
BC	Găiceana	46.36135	27.21358	1026
BC	Tisa-Silvestri	46.65504	27.14483	955
BC	Mâlosu	46.73445	27.18018	953
BC	Lapoș	46.38989	26.45213	947
BC	Bibirești	46.51638	27.07809	935
BC	Prăjoaia	46.40764	26.71889	935
BC	Bolovăniș	46.61644	26.05309	929
BC	Coman	46.47347	26.76768	928
BC	Pralea	46.10572	26.86009	926
BC	Luncani	46.61205	26.76204	924
BC	Itești	46.65295	26.87233	914
BC	Pârgărești	46.25793	26.65605	914
BC	Satu Nou (Pârgărești)	46.24252	26.65087	914
BC	Ferestrău-Oituz	46.20189	26.57718	907
BC	Filipești	46.74252	26.88794	896
BC	Filipești (Bogdănești)	46.22395	26.71463	896
BC	Camenca	46.53256	26.19807	893
BC	Dealu Morii	46.30244	27.29692	886
BC	Poiana Negustorului	46.67561	26.61463	875
BC	Ludași	46.61852	26.58128	874
BC	Tărhăuși	46.6025	26.1022	873
BC	Parincea	46.46757	27.12215	871
BC	Satu Nou (Parincea)	46.48985	27.25498	871
BC	Livezi	46.39655	26.75017	850
BC	Vladnic	46.44414	27.13783	849
BC	Călugăreni	46.74376	27.02141	843
BC	Nicorești	46.23349	26.64591	843
BC	Slobozia Nouă	46.54086	27.29612	836
BC	Pârjol	46.5951	26.61803	831
BC	Ștefan cel Mare	46.1823	26.86447	831
BC	Negoiești	46.19771	26.88734	830
BC	Parava	46.31025	26.9842	829
BC	Gheorghe Doja	46.37874	26.95839	826
BC	Ciuturești	46.69495	27.13116	822
BC	Leontinești	46.52021	26.59686	817
BC	Drăgușani	46.29642	26.99294	815
BC	Lunca Asău	46.43667	26.41419	814
BC	Preluci	46.45515	26.28217	812
BC	Popeni	46.17813	26.93671	806
BC	Plopana	46.66874	27.22833	805
BC	Huruiești	46.25833	27.23264	801
BC	Palanca	46.52922	26.14336	799
BC	Bâlca	46.13968	26.97926	798
BC	Băhnășeni	46.56645	26.57996	796
BC	Goioasa	46.4505	26.28272	790
BC	Ungureni	46.52483	27.11604	777
BC	Ungureni (Tătărăști)	46.20599	27.21309	777
BC	Enăchești	46.49053	26.71014	773
BC	Temelia	46.29003	26.87341	773
BC	Prohozești	46.48406	26.55029	769
BC	Chetriș	46.46707	26.99219	765
BC	Verșești	46.44585	26.69521	764
BC	Nănești	46.45827	27.12307	762
BC	Rădoaia	46.30938	26.92416	747
BC	Corbasca	46.28824	27.16133	746
BC	Cornățel	46.13026	27.03895	746
BC	Siretu (Letea Veche)	46.50932	26.96852	744
BC	Siretu (Săucești)	46.67511	26.92833	744
BC	Cucova	46.25401	27.04308	743
BC	Cornii de Sus	46.21864	27.18138	735
BC	Negri	46.70744	26.98013	734
BC	Bazga	46.37928	27.01719	733
BC	Hârlești	46.81982	26.89097	729
BC	Schineni (Sascut)	46.19288	27.10094	726
BC	Schineni (Săucești)	46.64374	26.94454	726
BC	Curița	46.18976	26.71008	725
BC	Sărata (Nicolae Bălcescu)	46.4771	26.9183	724
BC	Sărata (Solonț)	46.56677	26.5502	724
BC	Gura Văii	46.28419	26.86852	722
BC	Scărișoara	46.28394	27.12777	719
BC	Bogata	46.29861	26.55774	716
BC	Țârdenii Mari	46.6919	26.60912	714
BC	Blidari	46.15572	26.92117	707
BC	Strugari	46.52208	26.74404	707
BC	Căbești	46.2085	27.43561	694
BC	Tescani	46.50879	26.65797	690
BC	Filipeni	46.53322	27.1896	672
BC	Păltiniș	46.53595	26.36223	670
BC	Petrești	46.38905	27.11054	669
BC	Borșani	46.15047	26.97474	668
BC	Dieneț	46.32751	27.06835	668
BC	Negulești	46.23263	27.2874	666
BC	Sulța	46.46322	26.22845	665
BC	Lupești	46.16602	26.73045	664
BC	Soci	46.40374	27.13396	659
BC	Grigoreni	46.59441	26.67762	650
BC	Sălătruc	46.34409	26.41889	639
BC	Lipova	46.71614	27.24139	627
BC	Satu Nou (Lipova)	46.68785	27.30074	627
BC	Crihan	46.57254	26.82628	625
BC	Popoiu	46.53716	26.11621	623
BC	Colonești	46.59206	27.28387	619
BC	Satu Nou (Colonești)	46.62097	27.2422	619
BC	Valea Mare (Colonești)	46.62021	27.26034	619
BC	Dumbrava (Gura Văii)	46.3089	26.89049	616
BC	Dumbrava (Itești)	46.6713	26.89725	616
BC	Dumbrava (Răchitoasa)	46.42421	27.34125	616
BC	Stănișești	46.43394	27.31359	616
BC	Albele	46.36566	26.67041	615
BC	Petricica	46.50772	26.78567	609
BC	Stănești	46.52756	26.5286	601
BC	Podei	46.40834	26.44268	596
BC	Câmpeni	46.60192	26.62697	594
BC	Marginea (Buhuși)	46.72992	26.72664	587
BC	Marginea (Oituz)	46.21624	26.63271	587
BC	Podiș	46.61421	26.72255	585
BC	Șerbești	46.70313	26.92543	583
BC	Bahna	46.22311	26.64887	579
BC	Crăiești	46.39345	27.34504	577
BC	Tarnița	46.52429	27.24961	567
BC	Ciucani	46.36363	26.92639	566
BC	Barcana	46.48913	27.36338	565
BC	Botești	46.5668	27.08369	556
BC	Fundu Tutovei	46.69707	27.18383	554
BC	Bogdana	46.18704	26.84191	553
BC	Vâlcele (Corbasca)	46.30625	27.1288	549
BC	Vâlcele (Târgu Ocna)	46.30333	26.59544	549
BC	Marvila	46.30103	27.09119	542
BC	Conțești	46.17045	27.07796	538
BC	Bogdan Vodă	46.60943	26.92635	536
BC	Florești (Căiuți)	46.21571	26.89372	536
BC	Florești (Huruiești)	46.25943	27.22335	536
BC	Florești (Scorțeni)	46.51933	26.66234	536
BC	Furnicari	46.51104	26.99741	527
BC	Budești	46.65719	27.24799	525
BC	Ruși-Ciutea	46.52405	26.9564	522
BC	Recea	46.39267	27.05587	520
BC	Huțu	46.3834	27.2133	518
BC	Ciobănuș	46.44415	26.33715	515
BC	Odobești	46.6805	27.15206	515
BC	Scăriga	46.39117	26.70229	511
BC	Păltinata	46.28157	26.8814	505
BC	Zăpodia (Colonești)	46.56004	27.3149	505
BC	Zăpodia (Traian)	46.63679	27.06628	505
BC	Izvoru Berheciului	46.58585	27.21965	501
BC	Băsăști	46.62069	26.60112	499
BC	Dămienești	46.73768	26.99419	497
BC	Coteni	46.53232	27.00032	494
BC	Slobozia (Filipeni)	46.50645	27.19035	491
BC	Slobozia (Onești)	46.28011	26.78782	491
BC	Slobozia (Stănișești)	46.49381	27.31258	491
BC	Slobozia (Urechești)	46.11373	27.11625	491
BC	Tămășoaia	46.13077	26.99913	488
BC	Bogdănești	46.21636	26.70904	486
BC	Bogdănești (Scorțeni)	46.60545	26.69811	486
BC	Bogdănești (Traian)	46.66744	27.0148	486
BC	Viforeni	46.58205	27.09512	484
BC	Onișcani	46.79258	26.89058	471
BC	Șesuri	46.50348	26.56559	470
BC	Prisaca	46.471	26.71847	466
BC	Fundoaia	46.3007	27.20331	465
BC	Coșnea	46.43409	26.08486	464
BC	Străminoasa	46.64315	27.29245	461
BC	Burdusaci	46.36892	27.40238	460
BC	Pârâu Boghii	46.26237	26.64092	460
BC	Trebeș	46.59496	26.83753	459
BC	Românești	46.49173	26.66675	455
BC	Călcâi	46.20466	26.59949	452
BC	Căuia	46.27916	27.27705	451
BC	Călini	46.59318	27.2745	448
BC	Răchitișu	46.54179	26.76082	445
BC	Mărăști	46.5843	27.16242	439
BC	Boșoteni	46.50338	26.68987	437
BC	Hângănești	46.50935	26.18756	423
BC	Buchila	46.45373	26.87657	419
BC	Tătărăști	46.2168	27.20861	417
BC	Valea Budului	46.59659	26.81311	415
BC	Sohodol	46.56479	26.82364	411
BC	Gutinaș	46.2045	26.81984	408
BC	Seaca	46.33049	26.50722	408
BC	Valea Seacă (Nicolae Bălcescu)	46.46425	26.881	408
BC	Heltiu	46.19853	26.93988	407
BC	Șendrești	46.38195	27.42954	403
BC	Valea Caselor	46.71973	27.20715	403
BC	Fruntești	46.49789	27.21611	401
BC	Gherdana	46.26465	27.1829	391
BC	Bărtășești	46.5922	27.12649	389
BC	Drăgești (Dămienești)	46.7391	26.95786	385
BC	Drăgești (Tătărăști)	46.25022	27.18889	385
BC	Motoșeni	46.31841	27.42012	382
BC	Ocheni	46.2861	27.22998	376
BC	Poieni (Parincea)	46.48057	27.17001	376
BC	Poieni (Roșiori)	46.75239	27.07439	376
BC	Poieni (Târgu Ocna)	46.284	26.56989	376
BC	Țepoaia	46.30972	27.35879	365
BC	Fântânele (Hemeiuș)	46.60104	26.84682	358
BC	Fântânele (Motoșeni)	46.33241	27.44095	358
BC	Cornet	46.50058	26.58754	349
BC	Păgubeni	46.37098	26.50746	344
BC	Pădureni (Berești-Bistrița)	46.71509	26.83707	340
BC	Pădureni (Dămienești)	46.75057	27.04834	340
BC	Pădureni (Filipeni)	46.47866	27.23297	340
BC	Pădureni (Izvoru Berheciului)	46.58393	27.23974	340
BC	Pădureni (Mărgineni)	46.5775	26.82714	340
BC	Diaconești	46.46283	26.26405	335
BC	Borzești	46.23755	26.82644	332
BC	Benești	46.36353	27.33815	329
BC	Cuchiniș	46.52787	26.16465	328
BC	Capăta	46.32633	26.88019	326
BC	Prădaiș	46.19567	27.24823	325
BC	Beleghet	46.47159	26.25727	323
BC	Stufu	46.44034	26.76847	322
BC	Glodișoarele	46.62214	27.15409	314
BC	Buda (Berzunți)	46.42222	26.58867	312
BC	Buda (Blăgești)	46.67142	26.72189	312
BC	Buda (Răchitoasa)	46.51446	27.35444	312
BC	Oprișești	46.38116	27.38259	310
BC	Dărmăneasca	46.38735	26.48566	308
BC	Vrânceni	46.21324	26.90725	306
BC	Climești	46.72543	26.84756	304
BC	Radomirești	46.54706	26.9882	304
BC	Nadișa	46.51927	26.7038	303
BC	Rogoaza	46.25423	27.14306	302
BC	Cetățuia	46.55338	26.70701	291
BC	Teiuș	46.32143	26.97067	290
BC	Oncești	46.47342	27.25586	288
BC	Satu Nou (Oncești)	46.48985	27.25498	288
BC	Balotești	46.38751	27.31794	287
BC	Răcătău-Răzeși	46.37712	27.03581	286
BC	Fulgeriș	46.33309	27.11467	284
BC	Hălmăcioaia	46.69866	26.77863	282
BC	Fundătura Răchitoasa	46.46231	27.34924	281
BC	Cornățelu	46.32609	27.35797	279
BC	Gura Crăiești	46.33924	27.36585	274
BC	Valea Hogei	46.70551	27.27259	271
BC	Blaga	46.26268	27.2809	270
BC	Făgetu de Sus	46.59291	26.01465	267
BC	Muncelu	46.26708	27.34389	263
BC	Lunca Dochiei	46.11766	27.06695	262
BC	Răchitiș	46.65972	26.02652	262
BC	Ițcani	46.67826	27.2571	259
BC	Antohești	46.55368	27.24634	258
BC	Godineștii de Jos	46.41833	27.22837	254
BC	Giurgeni	46.23699	27.20025	253
BC	Lehancea	46.1949	27.34117	253
BC	Tomozia	46.42491	27.25817	250
BC	Dealu Perjului	46.45671	27.28052	247
BC	Bărnești	46.59119	26.56636	244
BC	Căpotești	46.25418	27.26379	244
BC	Galeri	46.39695	27.0467	244
BC	Ghilăvești	46.43741	27.17168	241
BC	Rusenii Răzeși	46.64948	27.27794	239
BC	Răzeșu	46.27977	27.39467	238
BC	Buhocel	46.54683	27.01201	234
BC	Obârșia	46.61041	27.18718	234
BC	Poiana Sărată	46.14231	26.45612	233
BC	Popești	46.34499	27.23954	230
BC	Șurina	46.67238	26.79278	227
BC	Ciumași	46.67712	26.83832	225
BC	Hăineala	46.61478	26.60662	223
BC	Spria	46.60241	27.2588	210
BC	Buruieniș	46.49292	26.21249	206
BC	Mâgla	46.69468	26.95874	202
BC	Valea Nacului	46.17968	27.05942	202
BC	Lărguța	46.47954	26.81538	198
BC	Tăvădărești	46.32846	27.28619	194
BC	Zlătari	46.50211	27.11367	191
BC	Fundeni	46.65593	27.07015	188
BC	Dospinești	46.59013	26.98196	184
BC	Valea Boțului	46.52491	27.16638	184
BC	Chetreni	46.30165	27.42993	183
BC	Cociu	46.28502	27.43673	183
BC	Tochilea	46.39634	27.40149	182
BC	Lichitișeni	46.37572	27.28588	180
BC	Boiștea	46.19185	26.96619	179
BC	Boiștea de Jos	46.17826	26.98805	179
BC	Rusenii de Sus	46.65291	27.26463	179
BC	Chiticeni	46.66575	27.0928	178
BC	Magazia	46.52583	27.34309	178
BC	Nazărioaia	46.36933	27.26046	178
BC	Gârla Anei	46.55362	27.09217	177
BC	Mileștii de Jos	46.47881	27.07307	176
BC	Bărboasa	46.45909	27.24107	169
BC	Bălănești (Dealu Morii)	46.33333	27.31667	167
BC	Bălănești (Podu Turcului)	46.19803	27.359	167
BC	Chicerea	46.3052	27.41373	167
BC	Bârzulești	46.49257	26.77139	166
BC	Perchiu	46.22214	27.25054	165
BC	Mărcești	46.17049	26.89587	162
BC	Motoc	46.35893	27.09948	162
BC	Runcu	46.74857	26.74546	162
BC	Berbinceni	46.67836	27.06373	161
BC	Boanța	46.77585	26.91554	160
BC	Băimac	46.6243	27.21408	159
BC	Putini	46.54665	27.34415	158
BC	Plopu (Dărmănești)	46.39035	26.50206	157
BC	Plopu (Podu Turcului)	46.19348	27.43881	157
BC	Banca	46.34891	27.28956	156
BC	Fundu Văii	46.42146	27.13544	152
BC	Iaz	46.50409	26.74874	152
BC	Ilieși	46.70565	26.80242	152
BC	Belciuneasa	46.3727	27.31518	151
BC	Motocești	46.26844	26.87222	150
BC	Călinești	46.71252	26.96014	149
BC	Praja	46.3384	27.41784	148
BC	Hemieni	46.5567	26.62413	142
BC	Țigănești	46.39705	27.26082	141
BC	Cornești	46.7625	26.92714	140
BC	Medeleni	46.44526	27.21426	138
BC	Fundătura	46.33887	27.4634	136
BC	Rotăria	46.35769	27.45571	134
BC	Dădești	46.38223	27.25809	132
BC	Hertioana de Jos	46.64575	27.03876	131
BC	Movilița	46.39821	27.36673	129
BC	Oțelești	46.54222	27.23033	128
BC	Chilia Benei	46.34103	27.12907	125
BC	Cornii de Jos	46.20656	27.1908	119
BC	Mileștii de Sus	46.49276	27.07168	118
BC	Năstăseni	46.47589	27.18823	117
BC	Cădărești	46.47412	26.079	116
BC	Vultureni	46.41723	27.2377	114
BC	Buruienișu de Sus	46.51611	26.22302	113
BC	Farcașa	46.49534	27.35564	108
BC	Răstoaca	46.33273	27.03521	106
BC	Bălușa	46.65434	27.10945	105
BC	Bâclești	46.35503	27.44351	102
BC	Brad (Berești-Bistrița)	46.72034	26.95238	102
BC	Brad (Filipeni)	46.56541	27.17028	102
BC	Brad (Negri)	46.72034	26.95238	102
BC	Bălaia	46.57603	27.1896	101
BC	Dănăila	46.53726	27.33023	100
BC	Fichitești	46.19464	27.47657	100
BC	Ursoaia	46.68602	26.96982	99
BC	Dorneni (Plopana)	46.68064	27.21744	98
BC	Dorneni (Vultureni)	46.42668	27.17318	98
BC	Giurgioana	46.1648	27.35794	98
BC	Gorghești	46.42896	27.28015	98
BC	Bălțata	46.4897	26.86728	97
BC	Putredeni	46.24671	27.44502	94
BC	Negreni	46.49305	26.55825	91
BC	Răcătău de Jos	46.3688	27.03044	86
BC	Stejaru	46.58857	26.70087	86
BC	Onceștii Vechi	46.44021	27.26663	85
BC	Godineștii de Sus	46.42885	27.21515	82
BC	Taula	46.44017	27.2844	82
BC	Reprivăț	46.41153	27.25484	79
BC	Valea Salciei	46.4579	27.19275	76
BC	Hertioana-Răzeși	46.65532	27.03177	72
BC	Negușeni	46.71318	27.06997	70
BC	Bodeasa	46.30503	27.26932	64
BC	Mateiești	46.42435	26.71915	64
BC	Văleni (Parincea)	46.46662	27.07521	64
BC	Văleni (Secuieni)	46.46662	27.07521	64
BC	Văleni (Stănișești)	46.42419	27.2836	64
BC	Pogleț	46.32947	27.13388	62
BC	Șerpeni	46.61394	26.70042	61
BC	Bosia	46.38568	27.27734	60
BC	Hanța	46.18435	27.36829	53
BC	Valea Mărului	46.73797	27.20329	53
BC	Răcușana	46.17751	27.3586	51
BC	Calapodești	46.34189	27.30426	41
BC	Cotu Grosului	46.7387	26.93124	39
BC	Bucșa	46.3617	27.41716	38
BC	Barna	46.49524	27.16835	32
BC	Hăghiac (Dofteana)	46.31176	26.51529	30
BC	Hăghiac (Răchitoasa)	46.37246	27.38432	30
BC	Valea Moșneagului	46.7301	27.21771	27
BC	Pajiștea	46.46096	26.09071	25
BC	Făghieni	46.53715	27.25763	24
BC	Valea Lupului	46.40385	27.23437	24
BC	Valea Merilor	46.44821	27.19899	24
BC	Scutaru	46.10146	26.63774	23
BC	Misihănești	46.72904	27.13776	19
BC	Mărăscu	46.42546	27.10718	10
BC	Făgețel	46.68752	26.81384	7
BC	Grădești	46.2974	27.27763	4
BC	Ghionoaia	46.35243	27.27214	3
BC	Boboș	46.29366	27.3197	0
BC	Bostănești	46.31794	27.31613	0
BC	Bota	46.52127	27.14117	0
BC	Costei	46.60964	26.97107	0
BC	Dealu Mare	46.55056	26.84152	0
BC	Dorofei	46.32691	27.30785	0
BC	Gâșteni	46.33959	26.96009	0
BC	Hârja	46.1727	26.47821	0
BC	Orășa	46.42428	26.75018	0
BC	Pârvulești	46.15212	26.70409	0
BC	Sârbi	46.23049	27.33805	0
BC	Țâgâra	46.66292	27.19753	0
BC	Tărâța	46.56798	26.61781	0
BC	Tisa	46.43379	26.71882	0
BC	Valea Fânațului	46.61448	27.11449	0
BH	Oradea	47.0465	21.91894	196367
BH	Salonta	46.80529	21.64898	17735
BH	Marghita	47.34792	22.33976	13871
BH	Beiuș	46.66745	22.35757	10298
BH	Valea lui Mihai	47.52265	22.12646	9902
BH	Aleșd	47.05902	22.39806	7486
BH	Săcueni	47.35192	22.09283	7075
BH	Diosig	47.3098	21.99628	6529
BH	Ștei	46.53425	22.46301	6529
BH	Tinca	46.7588	21.93283	4614
BH	Sântandrei	47.06705	21.85178	4349
BH	Tileagd	47.05683	22.22138	4042
BH	Sânmartin	46.98396	21.9764	3672
BH	Biharia	47.15196	21.91518	3493
BH	Oșorhei	47.02584	22.07215	3179
BH	Sălard	47.22045	22.03263	3014
BH	Vadu Crișului	46.98744	22.51589	2932
BH	Curtuișeni	47.54694	22.19735	2825
BH	Ineu	47.09009	22.12058	2595
BH	Popești	47.24143	22.41427	2508
BH	Șimian	47.48709	22.08572	2480
BH	Suplacu de Barcău	47.24526	22.50163	2377
BH	Sălacea	47.45755	22.26926	2298
BH	Tulca	46.78478	21.77771	2279
BH	Tărian	47.07648	21.77538	2106
BH	Dobrești	46.87964	22.33935	2050
BH	Nojorid	47.00117	21.88433	2012
BH	Roșia	46.82305	22.41651	1979
BH	Ciumeghiu	46.7306	21.57826	1937
BH	Avram Iancu	46.66839	21.52457	1920
BH	Petreu	47.3358	22.29845	1783
BH	Șuncuiuș	46.91608	22.50911	1777
BH	Sântion	47.09779	21.83487	1734
BH	Talpoș	46.69058	21.80534	1719
BH	Finiș	46.57978	22.21644	1674
BH	Budureasa	46.6748	22.50053	1641
BH	Lugașu de Jos	47.06346	22.34531	1624
BH	Ghiorac	46.71676	21.67381	1609
BH	Bratca	46.92421	22.60534	1569
BH	Vașcău	46.47515	22.4736	1508
BH	Nucet	46.48673	22.55816	1500
BH	Roșiori	47.25765	21.956	1500
BH	Girișu de Criș	47.0668	21.75993	1482
BH	Aștileu	47.02296	22.39939	1471
BH	Tășad	46.93943	22.12738	1449
BH	Batăr	46.71002	21.77133	1448
BH	Cordău	46.96804	21.97316	1440
BH	Sâniob	47.2639	22.12827	1391
BH	Livada de Bihor	47.00994	21.80863	1378
BH	Borod	47.02108	22.64338	1363
BH	Beznea	46.95738	22.61161	1356
BH	Borș	47.11113	21.8128	1306
BH	Peștiș	47.07217	22.41186	1295
BH	Bogei	47.2612	22.36802	1277
BH	Cheț	47.42055	22.33691	1246
BH	Paleu	47.10532	21.98193	1242
BH	Gurbediu	46.79499	21.86625	1234
BH	Cefa	46.9173	21.71147	1225
BH	Tămașda	46.64332	21.55282	1224
BH	Călacea	46.67767	21.92668	1218
BH	Gepiu	46.92882	21.78777	1208
BH	Rontău	47.00159	21.99646	1204
BH	Haieu	46.99367	21.99776	1183
BH	Husasău de Criș	47.08425	22.0674	1173
BH	Vârciorog	46.97104	22.27897	1133
BH	Cheresig	47.03269	21.67503	1131
BH	Meziad	46.74064	22.42763	1129
BH	Mihai Bravu	47.25659	21.93575	1128
BH	Cihei	47.00092	21.95542	1127
BH	Cuzap	47.20017	22.41532	1121
BH	Tărcaia	46.63388	22.36359	1110
BH	Tăuteu	47.27093	22.33304	1108
BH	Alparea	47.02777	22.05631	1105
BH	Cadea	47.31079	22.06131	1095
BH	Almașu Mic (Sârbi)	47.16627	22.13905	1081
BH	Sârbi	47.17705	22.13327	1081
BH	Hidișelu de Sus	46.93249	22.04843	1080
BH	Viișoara	47.38391	22.44013	1069
BH	Cetariu	47.14173	21.99787	1055
BH	Urvind	47.067	22.28116	1053
BH	Cheșereu	47.4249	22.11326	1047
BH	Tămășeu	47.20247	21.90562	1024
BH	Luncșoara	47.04541	22.54462	1016
BH	Sânnicolau Român	46.96207	21.71655	1005
BH	Buduslău	47.39931	22.26452	995
BH	Fughiu	47.05869	22.04856	993
BH	Bălnaca	46.93619	22.57835	986
BH	Borumlaca	47.21564	22.4741	970
BH	Lunca	46.50805	22.41828	963
BH	Mișca	47.26278	22.25992	959
BH	Toboliu	47.04151	21.72048	957
BH	Vășad	47.51274	22.25768	955
BH	Ianoșda	46.83707	21.80814	953
BH	Săcădat	47.05013	22.15386	950
BH	Groși	47.04582	22.47769	943
BH	Sânnicolau de Munte	47.30031	22.13849	943
BH	Șilindru	47.43702	22.04692	943
BH	Cubulcut	47.32198	22.18351	939
BH	Ciocaia	47.34104	22.04499	931
BH	Cociuba Mare	46.73833	21.99674	930
BH	Tarcea	47.45631	22.17414	928
BH	Albiș	47.39178	22.24463	912
BH	Derna	47.20801	22.2832	912
BH	Șuncuiș	46.67341	22.26195	911
BH	Lugașu de Sus	47.07873	22.35498	903
BH	Ceica	46.86037	22.18443	901
BH	Mădăras	46.82885	21.67728	891
BH	Tăut	46.71906	21.83391	889
BH	Căbești	46.75945	22.37945	885
BH	Ghighișeni	46.54812	22.42643	885
BH	Gepiș	46.84211	22.02035	878
BH	Hotar	47.02011	22.28244	875
BH	Cheriu	47.01139	22.0237	870
BH	Lăzăreni	46.87721	22.05748	870
BH	Abram	47.32551	22.41139	865
BH	Arpășel	46.74203	21.71872	864
BH	Luncasprie	46.84764	22.30914	860
BH	Tilecuș	47.02793	22.21904	856
BH	Ioaniș	46.66967	22.27714	852
BH	Inand	46.89351	21.74801	848
BH	Uileacu de Criș	47.08189	22.20503	843
BH	Țețchea	47.05	22.31667	841
BH	Remetea	46.73894	22.34324	836
BH	Peștere	47.02767	22.37023	823
BH	Telechiu	47.05386	22.27038	823
BH	Câmpani	46.50364	22.5376	822
BH	Pietroasa	46.59021	22.55373	818
BH	Almașu Mare	47.32819	22.5294	813
BH	Nimăiești	46.68804	22.40249	812
BH	Șoimi	46.63591	22.13966	810
BH	Forău	46.71393	22.18606	802
BH	Bulz	46.91294	22.67481	779
BH	Husasău de Tinca	46.82305	21.90991	779
BH	Burzuc	47.13733	22.1902	776
BH	Săldăbagiu de Munte	47.09157	21.98047	773
BH	Săbolciu	47.07323	22.15334	768
BH	Remeți	46.84481	22.65283	767
BH	Mierlău	46.91833	22.01767	757
BH	Adoni	47.43303	22.17468	756
BH	Homorog	46.83446	21.74482	752
BH	Roit	46.98633	21.70331	752
BH	Boiu	46.68959	21.60656	751
BH	Cherechiu	47.38356	22.12058	743
BH	Otomani	47.43671	22.23253	738
BH	Leș	46.96423	21.83346	736
BH	Picleu	47.14262	22.26161	734
BH	Tinăud	47.05239	22.43493	732
BH	Vintere	46.7672	22.1488	728
BH	Budoi	47.20713	22.35954	720
BH	Chiribiș	47.31309	22.3404	719
BH	Păgaia	47.40923	22.4985	719
BH	Hodoș	47.2233	21.98351	717
BH	Dumbrava	46.78539	22.06847	713
BH	Cauaceu	47.16617	21.94311	712
BH	Ciutelec	47.25999	22.38952	702
BH	Lupoaia	46.80428	22.13192	702
BH	Chișcău	46.56018	22.55188	701
BH	Hidișel	46.8355	22.25959	700
BH	Girișu Negru	46.72683	21.90896	687
BH	Răbăgani	46.74629	22.24523	679
BH	Călățea	46.99129	22.40432	671
BH	Cărăsău	46.704	22.04748	663
BH	Șerghiș	46.97988	22.23877	663
BH	Ponoară	46.88729	22.66015	662
BH	Topa de Sus	46.86842	22.24796	655
BH	Ghenetea	47.38779	22.39622	653
BH	Hidișelu de Jos	46.94574	22.02063	647
BH	Belfir	46.73681	21.94763	643
BH	Bălaia	47.11109	22.17457	641
BH	Fânațe	46.50438	22.54014	638
BH	Petid	46.71809	22.0781	636
BH	Olcea	46.66178	21.96163	634
BH	Botean	47.10266	22.14052	631
BH	Șerani	47.02205	22.67252	628
BH	Târgușor	47.38711	22.16646	626
BH	Calea Mare	46.9083	22.06733	625
BH	Hinchiriș	46.591	22.36573	624
BH	Brădet	46.58213	22.53159	620
BH	Poienii de Sus	46.60556	22.51636	620
BH	Borozel	47.0052	22.56281	619
BH	Gurani	46.59689	22.5429	618
BH	Valea de Jos	46.57163	22.48435	617
BH	Râpa	46.78252	22.02295	615
BH	Urviș de Beiuș	46.69134	22.15993	611
BH	Sântimreu	47.24706	22.04356	609
BH	Vălani de Pomezeu	46.7853	22.3216	609
BH	Subpiatră	47.02549	22.30919	602
BH	Chiraleu	47.30675	22.29606	601
BH	Damiș	46.8675	22.5531	601
BH	Șișterea	47.15954	22.07436	597
BH	Ceișoara	46.85595	22.203	596
BH	Chistag	47.04119	22.35417	596
BH	Bicaci	46.90074	21.78829	589
BH	Coșdeni	46.7706	22.29408	585
BH	Săldăbagiu de Barcău	47.30218	22.46853	580
BH	Ucuriș	46.63878	21.95642	579
BH	Oșand	46.84112	21.95903	578
BH	Cheșa	46.74742	22.02711	569
BH	Boianu Mare	47.38187	22.52494	568
BH	Uileacu de Beiuș	46.6843	22.21946	568
BH	Palota	47.06396	21.82216	563
BH	Dușești	46.83225	22.17881	562
BH	Poienii de Jos	46.60896	22.49991	562
BH	Bistra	47.25346	22.42129	561
BH	Petrileni	46.56123	22.44881	560
BH	Munteni	46.87894	22.69406	558
BH	Seghiște	46.53025	22.48853	557
BH	Dernișoara	47.22104	22.25393	555
BH	Pădurea Neagră	47.16013	22.42613	553
BH	Băița	46.48233	22.58239	552
BH	Sacalasău	47.19288	22.2883	551
BH	Rieni	46.53616	22.38006	549
BH	Ortiteag	47.03056	22.43388	548
BH	Cărpinet	46.45857	22.48962	547
BH	Izbuc	46.43943	22.46608	547
BH	Dobricionești	46.99496	22.47639	543
BH	Olosig	47.34976	22.17159	543
BH	Aușeu	47.03446	22.49554	542
BH	Sărand	46.99698	22.12019	542
BH	Buntești	46.61187	22.50425	538
BH	Varviz	47.22356	22.43566	538
BH	Santăul Mic	47.14184	21.83167	537
BH	Parhida	47.23414	21.87208	532
BH	Mizieș	46.66225	22.40142	523
BH	Cociuba Mică	46.59714	22.5325	518
BH	Cornițel	46.9868	22.63912	511
BH	Ferice	46.63605	22.52529	509
BH	Uileacu de Munte	47.1186	21.99849	508
BH	Holod	46.79058	22.12748	506
BH	Corbești	46.89266	22.23209	498
BH	Băile Felix	46.98992	21.98037	495
BH	Valea Crișului	46.94321	22.6368	495
BH	Căuașd	46.78847	21.82274	494
BH	Sitani	46.81016	22.29958	492
BH	Copăcel	46.96929	22.14981	489
BH	Fâșca	46.98752	22.32937	486
BH	Vaida	47.25247	21.99452	485
BH	Valea Mare de Criș	46.98297	22.5745	484
BH	Crâncești	46.81779	22.25133	482
BH	Abrămuț	47.32291	22.25461	478
BH	Șinteu	47.14663	22.48232	478
BH	Călugări	46.42067	22.47739	477
BH	Lorău	46.91864	22.62601	475
BH	Săucani	46.73258	22.26576	474
BH	Margine	47.29371	22.4223	473
BH	Grădinari	46.63919	22.37325	472
BH	Crestur	47.34955	22.23737	471
BH	Chișlaz	47.27907	22.23035	468
BH	Săldăbagiu Mic	46.73926	22.15197	466
BH	Șumugiu	46.88951	21.97125	460
BH	Beiușele	46.71828	22.44678	457
BH	Voivozi (Popești)	47.21943	22.39021	453
BH	Voivozi (Șimian)	47.47117	22.04342	453
BH	Betfia	46.97556	22.01491	451
BH	Drăgănești	46.62851	22.39283	451
BH	Șuștiu	46.49889	22.45966	450
BH	Câmpani de Pomezeu	46.80032	22.31658	446
BH	Petreasa	46.7139	22.34768	441
BH	Cuieșd	47.11046	22.29064	440
BH	Berechiu	46.94874	21.73562	437
BH	Cresuia	46.70967	22.47925	437
BH	Topa de Criș	47.00348	22.53409	435
BH	Săud	46.6225	22.49573	432
BH	Pocola	46.69234	22.28566	429
BH	Miersig	46.88962	21.85033	428
BH	Curățele	46.71488	22.49709	425
BH	Spinuș	47.20678	22.18867	425
BH	Ciuhoi	47.23847	22.12407	420
BH	Lelești	46.61993	22.45601	417
BH	Surduc	46.97643	22.19625	417
BH	Prisaca	46.71326	22.22828	411
BH	Suplacu de Tinca	46.7079	22.11585	411
BH	Lazuri	46.79498	22.41071	405
BH	Sânlazăr	47.29272	22.24838	405
BH	Incești	46.84468	22.14271	402
BH	Suiug	47.32141	22.43446	402
BH	Cotiglet	46.88647	22.19999	400
BH	Petrani	46.69101	22.26581	397
BH	Valea Cerului	47.23796	22.49654	394
BH	Vărășeni	46.76521	22.21163	394
BH	Poșoloaca	47.0625	22.24058	393
BH	Săliște de Vașcău	46.43308	22.53949	393
BH	Bucuroaia	46.92475	22.18397	388
BH	Felcheriu	46.9978	22.07834	385
BH	Drăgoteni	46.7364	22.31224	383
BH	Cusuiuș	46.57869	22.41325	379
BH	Feneriș	46.71452	22.2827	379
BH	Pocioveliște	46.70105	22.44411	378
BH	Orvișele	47.13127	22.22313	376
BH	Sititelec	46.87903	21.90322	376
BH	Poclușa de Barcău	47.26116	22.19227	373
BH	Sâmbăta	46.80092	22.19848	371
BH	Sântelec	46.95799	22.06721	371
BH	Delani	46.693	22.33818	369
BH	Santăul Mare	47.16872	21.83783	369
BH	Leheceni	46.44566	22.51538	361
BH	Zece Hotare	46.89281	22.48591	361
BH	Butani	47.01808	22.43086	360
BH	Dumbrăvița de Codru	46.65647	22.1756	358
BH	Criștioru de Jos	46.41771	22.5344	357
BH	Drăgești	46.91144	22.13352	354
BH	Tărcăița	46.5899	22.33409	354
BH	Sudrigiu	46.60095	22.42203	351
BH	Josani (Căbești)	46.75486	22.35476	349
BH	Josani (Măgești)	47.00091	22.45992	349
BH	Birtin	46.98885	22.49516	347
BH	Hârsești	46.53324	22.50159	347
BH	Burda	46.69462	22.47835	344
BH	Hidiș	46.7784	22.25904	344
BH	Hodișel	46.64662	22.04306	342
BH	Cacuciu Nou	47.02409	22.4699	340
BH	Făncica	47.32413	22.23606	339
BH	Șauaieu	46.93546	21.91989	334
BH	Căpâlna	46.73284	22.10544	333
BH	Fegernic	47.20557	22.12836	333
BH	Tria	47.23164	22.26166	330
BH	Sârbești	46.5013	22.48471	329
BH	Țigăneștii de Criș	47.13018	22.27864	322
BH	Lazuri de Beiuș	46.59321	22.4012	321
BH	Chijic	46.9982	22.15503	319
BH	Briheni	46.4992	22.39371	318
BH	Sighiștel	46.52048	22.54487	318
BH	Rogoz	46.79045	22.16874	317
BH	Șebiș	46.61825	22.43344	311
BH	Măgura	46.55447	22.55195	310
BH	Ginta	46.75477	22.08488	309
BH	Belejeni	46.62536	22.42969	308
BH	Valea de Sus	46.5471	22.52945	302
BH	Dicănești	46.90013	22.09827	299
BH	Gălășeni	46.98725	22.43014	299
BH	Sohodol	46.77935	22.42486	297
BH	Totoreni	46.6152	22.38666	297
BH	Păulești	47.1735	22.21689	296
BH	Păușa	46.94608	21.86692	296
BH	Tomnatic	46.9112	22.45554	295
BH	Iteu	47.35206	22.4167	289
BH	Stâncești	46.5891	22.51474	288
BH	Ianca	47.28577	21.9914	287
BH	Sărsig	47.24006	22.18572	284
BH	Albești	46.76932	22.25063	282
BH	Dijir	47.34783	22.46226	282
BH	Măgești	46.99031	22.44628	278
BH	Satu Barbă	47.29901	22.44335	274
BH	Vărzari	47.20209	22.45894	271
BH	Hotărel	46.5322	22.43921	270
BH	Vălanii de Beiuș	46.70004	22.24485	269
BH	Sacalasău Nou	47.18033	22.32769	268
BH	Dumbrăvani	46.5868	22.49983	267
BH	Șușturogi	47.13984	22.11167	264
BH	Cenaloș	47.2443	22.15219	262
BH	Câmp	46.46909	22.44172	261
BH	Sânmartin de Beiuș	46.68919	22.31964	260
BH	Sfârnaș	47.23432	22.08762	260
BH	Poiana (Criștioru de Jos)	46.44738	22.5802	257
BH	Poiana (Tăuteu)	47.29287	22.34819	257
BH	Apateu	46.96908	21.92681	256
BH	Gheghie	47.0188	22.51565	255
BH	Stracoș	46.91157	22.14231	255
BH	Vâlcelele	47.23039	22.48193	252
BH	Ciulești	47.21798	22.18713	249
BH	Talpe	46.651	22.4191	249
BH	Tăutelec	47.15457	22.0325	249
BH	Săliște	47.19038	22.23462	248
BH	Zăvoiu	46.82021	22.19113	246
BH	Niuved	47.23234	21.89387	241
BH	Fiziș	46.65466	22.27924	239
BH	Cetea	47.02191	22.57625	238
BH	Spinuș de Pomezeu	46.7861	22.27114	236
BH	Fonău	46.81837	21.97424	234
BH	Bicăcel	46.85406	22.09642	233
BH	Bucium	46.87897	22.15237	232
BH	Marțihaz	46.87433	21.6495	232
BH	Cornișești	46.82832	22.23247	231
BH	Săliște de Beiuș	46.64997	22.45487	231
BH	Nădar	47.20649	22.16801	229
BH	Topești	46.87643	22.12571	229
BH	Chișirid	46.96811	21.89042	228
BH	Ogești	46.80357	22.23534	227
BH	Păcălești	46.62348	22.40648	223
BH	Satu Nou	47.19547	21.91981	222
BH	Dumbrăvița	46.79347	22.15389	216
BH	Izvoarele	47.40237	22.40043	214
BH	Miheleu	46.82555	22.06458	213
BH	Cacuciu Vechi	47.02217	22.49313	210
BH	Mierag	46.60382	22.36189	208
BH	Vărzarii de Jos	46.49224	22.5041	208
BH	Saca	46.66161	22.47222	205
BH	Ateaș	46.92039	21.61251	199
BH	Topa de Jos	46.84342	22.23327	197
BH	Borz	46.67396	22.18461	196
BH	Băleni	46.60925	22.39713	194
BH	Călătani	47.0467	22.19272	193
BH	Borșa	47.02308	22.18019	192
BH	Codru	46.63892	22.14977	188
BH	Dolea	47.27694	22.48189	187
BH	Chioag	47.17692	22.14968	185
BH	Cărăndeni	46.85518	22.0752	177
BH	Foglaș	47.24736	22.47742	176
BH	Goila	46.77186	22.33756	176
BH	Rotărești	46.79595	22.2291	175
BH	Hodiș	46.80105	22.10716	174
BH	Ant	46.66512	21.46769	172
BH	Forosig	46.82185	22.10485	167
BH	Ursad	46.67773	22.08651	165
BH	Ghida	47.31209	22.44537	163
BH	Teleac	46.66116	22.43136	160
BH	Huta Voivozi	47.15526	22.47776	157
BH	Pomezeu	46.79709	22.28884	153
BH	Varasău	47.1622	22.26602	152
BH	Giulești	46.54805	22.58899	150
BH	Păntășești	46.61859	22.401	150
BH	Vărzarii de Sus	46.47346	22.51541	149
BH	Țigăneștii de Beiuș	46.62893	22.41387	148
BH	Rohani	46.74414	22.09352	144
BH	Poiana Tășad	46.95354	22.16932	142
BH	Copăceni	46.77173	22.1905	139
BH	Bălnaca-Groși	46.91755	22.54823	135
BH	Gurbești (Căbești)	46.74919	22.36134	134
BH	Gurbești (Spinuș)	47.19385	22.22384	134
BH	Gruilung	46.87906	22.09702	133
BH	Livada Beiușului	46.65005	22.39906	132
BH	Colești	46.47895	22.43069	125
BH	Iteu Nou	47.34053	22.39147	124
BH	Săliște de Pomezeu	46.749	22.2879	124
BH	Sânnicolau de Beiuș	46.69389	22.11307	122
BH	Brătești	46.75925	22.19569	120
BH	Șoimuș	46.71795	22.32789	117
BH	Băița-Plai	46.4838	22.62403	113
BH	Poietari	46.70942	22.3045	106
BH	Criștioru de Sus	46.41634	22.57453	105
BH	Cărănzel	46.82999	22.03791	104
BH	Socet	47.1555	22.50142	103
BH	Valea Mare de Codru	46.80868	22.07731	103
BH	Cohani	47.32067	22.40053	99
BH	Moțești	46.56134	22.50807	94
BH	Poclușa de Beiuș	46.64961	22.08616	93
BH	Cucuceni	46.56486	22.42201	88
BH	Răcaș	46.87514	22.32404	85
BH	Codrișoru	47.09523	22.54509	67
BH	Sarcău	47.20935	22.15235	65
BH	Câmp-Moți	46.46089	22.41098	64
BH	Lacu Sărat	46.80296	22.35642	57
BH	Reghea	47.37637	22.483	51
BH	Loranta	47.13795	22.32202	50
BH	Corboaia	47.36121	22.52839	47
BH	Hăucești	47.22759	22.20133	45
BH	Fegernicu Nou	47.22003	22.10126	40
BH	Surducel	46.92561	22.33268	22
BH	Almașu Mic (Balc)	47.31998	22.50686	10
BH	Balc	47.32097	22.53321	10
BH	Bâlc	47.32097	22.53321	10
BH	Huta	47.36669	22.57033	5
BH	Brusturi	47.15894	22.23804	4
BH	Brusturi (Finiș)	46.57741	22.25284	4
BH	Rugea	47.35473	22.49744	4
BH	Băile 1 Mai	46.99653	21.99622	0
BH	Baraj Leșu	47.01575	22.17227	0
BH	Galoșpetreu	47.48023	22.22118	0
BH	Pădureni	47.4187	22.462	0
BH	Valea Iadului	46.92119	22.65304	0
BH	Valea Târnei	47.12985	22.53873	0
BN	Bistrița	47.13926	24.4891	67272
BN	Beclean	47.18007	24.1704	9134
BN	Năsăud	47.29218	24.39733	8095
BN	Sângeorz-Băi	47.36408	24.67507	7454
BN	Feldru	47.25965	24.57495	5760
BN	Rodna	47.42003	24.81696	5587
BN	Maieru	47.40153	24.74446	5326
BN	Prundu Bârgăului	47.23434	24.73094	4345
BN	Telciu	47.44434	24.41256	3598
BN	Bistrița Bârgăului	47.20931	24.76083	3564
BN	Ilva Mică	47.3105	24.67063	3264
BN	Rebra	47.33309	24.49462	3163
BN	Lunca Ilvei	47.32221	25.02564	3086
BN	Rebrișoara	47.28789	24.45639	3031
BN	Șanț	47.44061	24.89158	2909
BN	Salva	47.3086	24.35337	2738
BN	Lechința	47.02122	24.33722	2702
BN	Reteag	47.19712	24.01855	2573
BN	Dumitra	47.22336	24.46654	2555
BN	Unirea	47.1633	24.53136	2477
BN	Livezile	47.18649	24.58306	2467
BN	Parva	47.41628	24.57184	2371
BN	Tureac	47.23666	24.81679	2353
BN	Viișoara	47.09655	24.43799	2269
BN	Nepos	47.27828	24.53301	1909
BN	Teaca	46.91145	24.5032	1815
BN	Josenii Bârgăului	47.20625	24.67242	1790
BN	Ilva Mare	47.36387	24.8797	1776
BN	Anieș	47.41716	24.76712	1763
BN	Budacu de Sus	47.05985	24.66153	1633
BN	Mureșenii Bârgăului	47.21296	24.85199	1575
BN	Nimigea de Jos	47.25123	24.29729	1567
BN	Coșbuc	47.36473	24.39221	1524
BN	Mijlocenii Bârgăului	47.21533	24.69505	1490
BN	Tiha Bârgăului	47.22788	24.77598	1435
BN	Leșu	47.31511	24.75252	1428
BN	Măgura Ilvei	47.37243	24.79742	1428
BN	Poiana Ilvei	47.35581	24.74517	1407
BN	Valea Borcutului	47.37765	24.63851	1343
BN	Cireșoaia	47.14193	24.05765	1338
BN	Căianu Mic	47.23876	24.15665	1302
BN	Susenii Bârgăului	47.2209	24.6849	1288
BN	Uriu	47.20263	24.05769	1260
BN	Șieu	47.00007	24.60657	1251
BN	Romuli	47.55176	24.43413	1237
BN	Negrilești	47.27072	24.04814	1235
BN	Runcu Salvei	47.36683	24.3311	1228
BN	Telcișor	47.4482	24.4297	1189
BN	Spermezeu	47.29451	24.15631	1163
BN	Braniștea	47.17441	24.0626	1137
BN	Viile Tecii	46.94516	24.46396	1125
BN	Dobric	47.23755	24.12731	1124
BN	Zagra	47.32605	24.27588	1100
BN	Lunca Leșului	47.31233	24.7929	1082
BN	Cristeștii Ciceului	47.19366	24.09798	1057
BN	Cociu	47.19907	24.2299	1043
BN	Nușeni	47.10043	24.19437	1002
BN	Petriș	47.09895	24.62346	999
BN	Sărata	47.07565	24.43612	998
BN	Breaza	47.34782	24.05965	994
BN	Poienile Zagrei	47.38463	24.25482	976
BN	Cepari	47.23469	24.42513	965
BN	Ocnița	46.86282	24.48496	960
BN	Șieu-Măgheruș	47.10579	24.38576	932
BN	Ciceu-Mihăiești	47.18657	23.97294	923
BN	Sângeorzu Nou	46.96126	24.3573	906
BN	Sebiș	47.00575	24.71711	906
BN	Șintereag	47.15829	24.33644	901
BN	Vermeș	47.0005	24.32045	897
BN	Cormaia	47.38746	24.68947	882
BN	Silivașu de Câmpie	46.78159	24.29881	872
BN	Ciceu-Giurgești	47.2769	23.99118	850
BN	Sigmir	47.13349	24.42614	846
BN	Monor	46.94711	24.69138	842
BN	Domnești	47.03372	24.47869	834
BN	Urmeniș	46.77322	24.34726	830
BN	Lușca	47.27679	24.41377	827
BN	Rusu Bârgăului	47.19733	24.63775	823
BN	Budacu de Jos	47.09251	24.53546	822
BN	Târlișua	47.37919	24.17486	818
BN	Jelna	47.11135	24.55778	793
BN	Crainimăt	47.0717	24.40223	792
BN	Arcalia	47.08369	24.36064	786
BN	Bichigiu	47.42447	24.33766	786
BN	Dipșa	46.96617	24.43525	780
BN	Bața	47.18717	23.99357	778
BN	Tărpiu	47.19226	24.40373	762
BN	Pinticu	46.94048	24.53982	760
BN	Șieuț	46.97664	24.64903	755
BN	Dumitrița	47.07024	24.62598	753
BN	Ardan	47.02912	24.66872	749
BN	Agrieș	47.39914	24.13202	748
BN	Chiuza	47.23587	24.23889	748
BN	Matei	46.98268	24.26511	733
BN	Mititei	47.28364	24.31451	709
BN	Gersa I	47.31107	24.45721	704
BN	Orheiu Bistriței	47.0943	24.59283	693
BN	Șieu-Odorhei	47.136	24.25166	686
BN	Sânmihaiu de Câmpie	46.91041	24.3373	684
BN	Suplai	47.44017	24.25629	680
BN	Posmuș	46.97507	24.59171	667
BN	Liviu Rebreanu	47.2603	24.43224	665
BN	Bozieș	47.03269	24.18866	663
BN	Dumbrăveni	47.28492	23.98423	655
BN	Coldău	47.18607	24.14355	653
BN	Fântânele	46.93728	24.27228	650
BN	Cușma	47.12992	24.70581	646
BN	Ghinda	47.13535	24.57168	643
BN	Satu Nou	47.11079	24.62826	638
BN	Ilișua	47.21975	24.09116	634
BN	Țagu	46.82314	24.22533	629
BN	Budești	46.81388	24.21798	605
BN	Corvinești	47.01694	24.25888	599
BN	Dorolea	47.17203	24.63786	597
BN	Dumbrăvița	47.2588	24.18277	596
BN	Ruștior	46.9927	24.67266	590
BN	Săsarm	47.21219	24.21752	586
BN	Beudiu	47.06312	24.17083	583
BN	Galații Bistriței	46.99446	24.41567	578
BN	Măluț	47.17194	24.10265	572
BN	Slătinița	47.20207	24.5232	571
BN	Milaș	46.82034	24.43417	569
BN	Archiud	46.89212	24.43524	566
BN	Mocod	47.26502	24.29358	565
BN	Nimigea de Sus	47.27956	24.32398	560
BN	Gledin	46.95912	24.7065	548
BN	Sărățel	47.05286	24.41133	535
BN	Figa	47.14576	24.21106	516
BN	Perișor	47.3142	24.2272	515
BN	Căianu Mare	47.23185	24.16153	502
BN	Ivăneasa	47.3433	24.89544	498
BN	Chintelnic	47.10131	24.33121	491
BN	Buduș	47.07731	24.53977	490
BN	Jimbor	46.92175	24.2011	490
BN	Florești	47.23768	24.27693	482
BN	Herina	47.01967	24.41542	473
BN	Dobricel	47.29596	24.11214	461
BN	Cristur-Șieu	47.12327	24.29966	459
BN	Sântioana	47.00637	24.56483	450
BN	Chiraleș	47.0878	24.3109	443
BN	Monariu	47.06585	24.47367	440
BN	Strâmba	47.22723	24.64592	438
BN	Dealu Ștefăniței	47.57742	24.41867	435
BN	Mintiu	47.23696	24.34916	432
BN	Șieu-Sfântu	47.14849	24.30534	430
BN	Țigău	47.06849	24.33071	430
BN	Ciceu-Poieni	47.2976	24.08735	429
BN	Tăure	47.20689	24.31884	425
BN	Malin	47.12044	24.13088	420
BN	Piatra	47.24865	24.26561	405
BN	Chiochiș	46.98666	24.18135	403
BN	Lunca	47.01709	24.67892	401
BN	Arșița	47.34935	24.83544	393
BN	Orosfaia	46.85057	24.42556	393
BN	Visuia	46.83687	24.29277	391
BN	Blăjenii de Sus	47.16387	24.38904	388
BN	Șopteriu	46.79691	24.34471	385
BN	Mărișelu	47.01139	24.50879	372
BN	Fântânița	46.83214	24.33657	369
BN	Vița	47.04133	24.14722	369
BN	Blăjenii de Jos	47.16896	24.35219	365
BN	Borleasa	47.3433	24.17292	356
BN	Bârla	47.01295	24.55721	353
BN	Sita	47.31528	24.18513	350
BN	Ragla	47.07105	24.61962	344
BN	Feleac	47.08913	24.24761	342
BN	Chețiu	47.03332	24.20027	340
BN	Mogoșeni	47.21366	24.2542	335
BN	Apatiu	46.9996	24.18397	334
BN	Agrișu de Jos	47.15527	24.23779	332
BN	Miceștii de Câmpie	46.85897	24.30876	326
BN	Rusu de Jos	47.15151	24.17241	325
BN	Zoreni	46.89736	24.27532	325
BN	Poderei	47.281	24.4817	304
BN	Țăgșoru	46.79366	24.23373	293
BN	Caila	47.14355	24.3645	288
BN	Hălmăsău	47.3452	24.1395	275
BN	Rusu de Sus	47.12185	24.17944	273
BN	Șirioara	47.10132	24.2939	271
BN	Manic	46.96094	24.20132	258
BN	Hășmașu Ciceului	47.23229	24.05807	257
BN	Alunișul	47.39169	24.27543	256
BN	Colibița	47.17341	24.92758	251
BN	Măgurele	47.0161	24.50653	249
BN	Molișet	47.4398	24.1291	245
BN	Sâniacob	47.05587	24.29509	245
BN	Gersa II	47.36967	24.46796	230
BN	Simionești	47.06627	24.49882	227
BN	Fiad	47.48793	24.38363	225
BN	Moruț	46.96142	24.268	224
BN	Purcărete	47.3099	24.0551	218
BN	Piatra Fântânele	47.23995	25.0102	217
BN	Tonciu	46.99922	24.37466	214
BN	Răcăteșu	47.3823	24.1964	210
BN	Strugureni	46.9807	24.20508	210
BN	Delureni	46.81483	24.34494	207
BN	Coasta	47.12671	24.28007	193
BN	Valea Vinului	47.4802	24.8303	190
BN	Agrieșel	47.41051	24.09413	189
BN	Fânațe	46.79419	24.39935	187
BN	Bidiu	47.04381	24.23538	186
BN	Lelești	47.21959	23.95514	186
BN	Șendroaia	47.4404	24.1789	179
BN	Ciceu-Corabia	47.24391	23.94162	177
BN	Bretea	47.12379	24.24566	176
BN	Enciu	47.05053	24.24999	171
BN	Valea Poenii	47.18688	24.63526	167
BN	Șintereag-Gară	47.17935	24.27016	161
BN	Șoimuș	47.04132	24.61966	160
BN	Albeștii Bistriței	46.99371	24.45027	156
BN	Agrișu de Sus	47.15103	24.22791	145
BN	Comlod	46.85756	24.44297	145
BN	Buza Cătun	46.94055	24.18897	142
BN	Ciosa	47.27415	24.95811	142
BN	Oarzina	47.4203	24.1954	140
BN	Țentea	46.99999	24.13616	136
BN	Podirei	47.11679	24.33415	131
BN	Câmp	46.77403	24.39055	128
BN	Mireș	47.26559	24.23338	127
BN	Stupini	46.87409	24.37564	125
BN	La Curte	46.88602	24.3684	121
BN	Lunca Sătească	47.4074	24.1802	120
BN	Sălcuța	46.91796	24.30097	115
BN	Sânnicoară	46.9799	24.12814	110
BN	Șesuri Spermezeu-Vale	47.32258	24.14124	109
BN	Cireași	47.4123	24.1945	108
BN	Jeica	46.98012	24.50444	104
BN	Budurleni	46.91992	24.42334	103
BN	Păltineasa	47.29462	24.20647	98
BN	Fânațele Silivașului	46.79939	24.2739	91
BN	Ghemeș	46.78206	24.44295	90
BN	Brăteni	46.91202	24.39	89
BN	Valea Măgherușului	47.11592	24.39952	89
BN	Coșeriu	46.8145	24.3777	80
BN	Lunca Borlesei	47.31697	24.15731	71
BN	Hirean	46.8141	24.409	57
BN	Bungard	46.9389	24.32797	55
BN	Draga	46.76498	24.27429	44
BN	Scoabe	46.81154	24.31541	42
BN	După Deal	46.80724	24.45085	32
BN	Valea	46.76185	24.37348	28
BN	Nețeni	47.01271	24.4575	21
BN	Podenii	46.81135	24.27921	20
BN	Porumbenii	46.76775	24.28479	4
BN	Bistrița Bârgăului Fabrici	47.20931	24.76083	0
BN	Budești-Fânațe	46.84461	24.23269	0
BN	Cetate	47.1097	24.6261	0
BN	Dumbrava (Livezile)	47.21205	24.61873	0
BN	Dumbrava (Nușeni)	47.1013	24.13279	0
BN	Nimigea	47.24524	24.31818	0
BN	Petru Rareș	47.21316	23.99868	0
BN	Valea Mare (Șanț)	47.46551	24.94464	0
BN	Valea Mare (Urmeniș)	46.80321	24.39352	0
BR	Brăila	45.26525	27.95947	180302
BR	Ianca	45.13561	27.471	6078
BR	Însurăței	44.91702	27.60482	6011
BR	Tufești	44.99439	27.80821	5226
BR	Mihail Kogălniceanu (Șuțești)	45.21457	27.50222	4051
BR	Șuțești	45.23742	27.48723	4051
BR	Chiscani	45.17931	27.93004	3635
BR	Viziru	45.00328	27.70743	3631
BR	Făurei	45.08483	27.2682	3592
BR	Tichilești	45.13077	27.90324	3573
BR	Gropeni	45.07092	27.96696	3296
BR	Bărăganul	44.8112	27.51058	3062
BR	Jirlău	45.16251	27.19623	3059
BR	Cazasu	45.2738	27.89851	2939
BR	Movila Miresii	45.22033	27.62059	2860
BR	Ulmu	44.92974	27.3144	2829
BR	Vădeni	45.36047	27.94502	2349
BR	Zăvoaia	44.95078	27.46565	2338
BR	Lanurile	45.03994	27.75006	2275
BR	Mircea Vodă	45.10819	27.40186	2265
BR	Victoria	44.80512	27.61546	2211
BR	Ciocile	44.80584	27.25107	1998
BR	Tătaru	44.84618	27.43383	1956
BR	Vișani	45.17316	27.30659	1834
BR	Surdila-Găiseanca	45.08462	27.32268	1703
BR	Roșiori	44.81775	27.35998	1673
BR	Gemenele	45.2696	27.63533	1628
BR	Dudești	44.88463	27.43536	1594
BR	Spiru Haret	44.86931	27.74366	1545
BR	Mihai Bravu	44.77707	27.71771	1510
BR	Cuza Vodă (Stăncuța)	44.92488	27.73296	1466
BR	Stăncuța	44.89661	27.83551	1466
BR	Plopu	45.14764	27.51203	1431
BR	Măxineni	45.42854	27.68696	1394
BR	Romanu	45.29358	27.74665	1357
BR	Valea Cânepii	45.07606	27.80444	1340
BR	Bordei Verde	45.06745	27.573	1338
BR	Grădiștea	45.26669	27.3891	1308
BR	Baldovinești	45.31797	27.91852	1249
BR	Urleasca	45.14156	27.64644	1205
BR	Lacu Sărat	45.22033	27.8851	1189
BR	Traian	45.17025	27.74404	1132
BR	Unirea	45.09126	27.77548	1059
BR	Perișoru	45.11595	27.49329	1051
BR	Jugureanu	44.94241	27.275	1048
BR	Galbenu	45.21055	27.15638	1018
BR	Mărașu	44.82811	27.97085	962
BR	Tudor Vladimirescu	45.23585	27.7639	947
BR	Scorțaru Vechi	45.21972	27.75307	944
BR	Cireșu	44.99311	27.37995	932
BR	Dedulești	45.14224	27.38229	902
BR	Țepeș Vodă	45.17114	27.62022	883
BR	Scărlătești	44.94648	27.39033	876
BR	Berteștii de Jos	44.8505	27.73404	864
BR	Corbu Nou	45.41071	27.59015	862
BR	Drogu	45.18031	27.23481	836
BR	Dudescu	44.94893	27.42929	814
BR	Silistraru	45.16859	27.77916	800
BR	Filipești	45.1121	27.34297	798
BR	Siliștea	45.30549	27.84235	780
BR	Cuza Vodă (Salcia Tudor)	45.3906	27.4482	775
BR	Salcia Tudor	45.37036	27.49678	775
BR	Oprișenești	45.13704	27.54785	766
BR	Sătuc	45.18565	27.15516	748
BR	Constantin Gabrielescu	45.07073	27.63754	727
BR	Țăcău	44.92999	27.94225	723
BR	Ibrianu	45.24908	27.37901	673
BR	Latinu	45.39192	27.69584	664
BR	Batogu	44.99992	27.44577	636
BR	Surdila-Greci	45.06108	27.25789	597
BR	Vultureni	44.94071	27.36413	594
BR	Racovița	45.30019	27.46469	592
BR	Lișcoteanca	45.00485	27.5524	589
BR	Târlele Filiu	45.04437	27.50215	583
BR	Măgureni	44.78334	27.91725	570
BR	Colțea	44.84646	27.33123	554
BR	Pietroiu	45.31771	27.88114	529
BR	Vărsătura	45.21945	27.93147	516
BR	Florica	44.8305	27.33488	470
BR	Agaua	44.82988	28.07276	452
BR	Scorțaru Nou	45.33754	27.60805	446
BR	Câineni-Băi	45.18684	27.32683	443
BR	Chichinețu	44.80628	27.27364	426
BR	Oancea	45.34714	27.73105	425
BR	Băndoiu	44.86824	27.93799	421
BR	Titcov	44.99737	28.12462	416
BR	Custura	45.29472	27.44676	414
BR	Gulianca	45.4318	27.52388	395
BR	Horia	45.10248	27.29247	394
BR	Făurei-Sat	45.05773	27.22207	385
BR	Olăneasca	45.45115	27.52762	385
BR	Constantinești	45.29147	27.48118	382
BR	Mihail Kogălniceanu (Râmnicelu)	45.31173	27.51761	377
BR	Berlești	45.07513	27.44678	374
BR	Zamfirești	45.19173	27.21004	374
BR	Muchea	45.33614	27.83059	370
BR	Pitulați	45.34435	27.61107	363
BR	Frecăței	44.89469	28.10462	355
BR	Lacu Rezii	44.89529	27.67342	355
BR	Gura Călmățui	44.81944	27.78056	353
BR	Berteștii de Sus	44.8141	27.76275	348
BR	Maraloiu	45.23036	27.37083	327
BR	Stanca	44.87555	27.81532	327
BR	Esna	45.20066	27.56528	308
BR	Corbu Vechi	45.47088	27.67578	306
BR	Albina	45.16918	27.86796	291
BR	Sihleanu	45.35012	27.652	270
BR	Plopi	44.77235	27.98702	237
BR	Cotu Lung	45.38863	27.82418	221
BR	Plăsoiu	45.21002	27.30301	218
BR	Chioibășești	44.78605	27.26485	217
BR	Comăneasca	45.22332	27.69844	216
BR	Căldărușa	45.12479	27.6044	202
BR	Pântecani	45.19187	27.17268	192
BR	Găvani	45.29021	27.67025	191
BR	Ariciu	45.36932	27.52028	184
BR	Gurguieți	45.36291	27.6613	182
BR	Mărtăcești	45.27976	27.83279	174
BR	Polizești	44.85786	27.79666	173
BR	Odăieni	44.87109	27.21868	161
BR	Corbeni	45.32693	27.48842	143
BR	Brateșu Vechi	45.06524	27.29052	129
BR	Pribeagu	44.88169	27.31118	111
BR	Măru Roșu	44.90142	27.65243	87
BR	Voinești	45.40814	27.72112	84
BR	Cotu Mihalea	45.397	27.83818	80
BR	Salcia	44.85115	28.08728	75
BR	Valea Călmățuiului	44.95839	27.62678	75
BR	Ionești	45.00477	27.4924	68
BR	Boarca	45.30544	27.50287	66
BR	Bumbăcari	44.89482	27.45404	63
BR	Gara Ianca	45.13806	27.51733	60
BR	Stoienești	44.79838	28.03662	30
BR	Cistia	44.78022	28.04941	16
BR	Vameșu	45.39912	27.80124	13
BR	Brădeanca	45.14287	27.22706	0
BR	Deșirați	45.33242	27.57143	0
BR	Filiu	44.98565	27.52284	0
BR	Gura Gârluței	44.83272	27.82657	0
BR	Morotești	45.12959	27.74015	0
BR	Nedelcu	44.80364	27.90097	0
BR	Nicolae Bălcescu	45.3741	27.57054	0
BR	Nicolești	44.82134	27.83487	0
BR	Râmnicelu	45.28333	27.53333	0
BT	Botoșani	47.74065	26.66581	106847
BT	Dorohoi	47.95492	26.40121	23361
BT	Darabani	48.19556	26.59086	7453
BT	Tudora	47.50852	26.6324	5096
BT	Săveni	47.95904	26.85923	5027
BT	Flămânzi	47.55763	26.87834	4584
BT	Nicolae Bălcescu (Flămânzi)	47.57196	26.88437	4584
BT	Corni	47.64674	26.59685	4102
BT	Vorniceni	47.97774	26.67327	3686
BT	Bucecea	47.77347	26.43804	3561
BT	Dersca	47.99293	26.22505	3124
BT	Havârna	48.07286	26.64428	2823
BT	Broscăuți	47.95325	26.45096	2801
BT	Roma	47.83368	26.60107	2738
BT	Cătămărești-Deal	47.77257	26.59097	2678
BT	Copălău	47.60207	26.85936	2624
BT	Ungureni	47.88057	26.801	2397
BT	Călărași	47.60335	27.26031	2358
BT	Trușești	47.76064	26.98676	2335
BT	Șendriceni	47.94208	26.3456	2285
BT	Cristești	47.59577	26.71616	2259
BT	Pomârla	48.06132	26.29291	2098
BT	Suharău	48.13322	26.43334	2097
BT	Ibănești	48.05805	26.39264	2088
BT	Vorona	47.57629	26.6304	2058
BT	Todireni	47.62093	27.11903	1947
BT	Albești	47.70411	27.08394	1932
BT	Tudor Vladimirescu (Albești)	47.68592	27.17088	1932
BT	Ripiceni	47.94634	27.1407	1917
BT	Ripicenii Vechi	47.9364	27.13263	1917
BT	Zlătunoaia	47.65104	27.00585	1838
BT	Draxini	47.65592	26.82415	1815
BT	Dumbrăvița	48.02141	26.43332	1813
BT	Păltiniș	48.21384	26.65692	1792
BT	Miorcani	48.20335	26.85892	1734
BT	Dumeni	48.00903	26.53694	1731
BT	Știubieni	47.986	26.76787	1727
BT	Hlipiceni	47.59258	27.15226	1668
BT	Mileanca	48.08876	26.69273	1652
BT	Poiana (Brăești)	47.85711	26.43192	1636
BT	Poiana (Cristinești)	48.09577	26.3422	1636
BT	Poiana (Flămânzi)	47.57042	26.84857	1636
BT	Poiana (Vorona)	47.59978	26.60504	1636
BT	Brehuiești	47.6997	26.5434	1604
BT	Vlăsinești	47.93743	26.88689	1596
BT	Vlădeni-Deal	47.51355	26.86983	1578
BT	Costești	47.80023	26.67667	1545
BT	Bajura	48.20032	26.53945	1513
BT	Sarafinești	47.61944	26.60564	1500
BT	Dorobanți	47.88098	26.65087	1496
BT	Coțușca	48.13521	26.84813	1489
BT	Nicolae Bălcescu (Coțușca)	48.10387	26.78158	1489
BT	Drăgușeni	48.03696	26.81962	1479
BT	Oneaga	47.57778	26.72999	1477
BT	Concești	48.15452	26.58411	1435
BT	Alba	48.16272	26.4758	1406
BT	Avrămeni	48.02614	26.94717	1406
BT	Tudor Vladimirescu (Avrămeni)	47.98455	26.99562	1406
BT	Românești	47.7373	27.23474	1394
BT	Românești-Vale	47.70492	27.20559	1394
BT	Dracșani	47.62776	26.93052	1368
BT	Sulița	47.64569	26.9381	1357
BT	Stăuceni	47.72848	26.74882	1351
BT	Roșiori	47.76216	26.71753	1343
BT	Mitoc	48.10099	26.98904	1323
BT	Mitoc (Leorda)	47.83364	26.44373	1323
BT	Bobulești	47.75096	27.2229	1322
BT	Icușeni	47.58964	26.60336	1295
BT	Bălușeni	47.66872	26.79431	1286
BT	Joldești	47.56009	26.57366	1269
BT	Iacobeni	47.86162	26.91318	1237
BT	Leorda	47.81656	26.46191	1226
BT	Vlădeni	47.70776	26.52161	1223
BT	Vlădeni (Corlăteni)	47.92688	26.60799	1223
BT	Răuseni	47.55256	27.22073	1210
BT	Baranca (Cristinești)	48.12819	26.31864	1207
BT	Baranca (Hudești)	48.19586	26.47666	1207
BT	Ștefănești	47.79082	27.19701	1193
BT	Brăești	47.85925	26.45544	1190
BT	Coșula	47.59895	26.78774	1172
BT	Tocileni	47.7113	26.78821	1158
BT	Prăjeni	47.49653	27.0257	1152
BT	Hilișeu-Crișan	48.02583	26.25339	1137
BT	Cristinești	48.11943	26.31637	1136
BT	Vârfu Câmpului	47.83662	26.34315	1134
BT	Unțeni	47.8159	26.76766	1128
BT	Hănești	47.92356	27.01542	1127
BT	Vatra	48.14902	26.53108	1122
BT	Hudești	48.14391	26.50869	1100
BT	Mihăileni	47.96547	26.16373	1075
BT	Stâncești	47.74309	26.59767	1072
BT	Sârbi	47.94132	26.91895	1064
BT	Storești	47.54057	26.8674	1054
BT	Văculești	47.87963	26.41592	1051
BT	Santa Mare	47.65629	27.25035	1046
BT	Răchiți	47.79577	26.6786	1043
BT	Dimăcheni	47.90468	26.58243	1042
BT	Gorbănești	47.77801	26.86028	1042
BT	Mihai Eminescu (Gorbănești)	47.79934	26.85726	1042
BT	Mândrești (Ungureni)	47.908	26.73408	1037
BT	Mândrești (Vlădeni)	47.73892	26.4867	1037
BT	Drislea	47.76349	26.97029	1032
BT	Pădureni (Coșula)	47.61497	26.7687	1010
BT	Pădureni (Șendriceni)	47.97566	26.30627	1010
BT	Rădeni	47.5105	26.89236	1006
BT	Ștefănești-Sat	47.79468	27.19233	1002
BT	Adășeni	48.06704	26.95429	998
BT	Bădiuți	47.78013	27.20761	985
BT	Cândești	47.92511	26.18781	975
BT	Oroftiana	48.17465	26.38431	956
BT	Cordăreni	47.99534	26.592	953
BT	Străteni	47.93625	26.29918	946
BT	Lozna	47.93854	26.27368	944
BT	Curtești	47.69747	26.64792	943
BT	Podriga	48.00644	26.82967	926
BT	Negreni	48.0003	26.75864	909
BT	Dobârceni	47.82165	27.07089	907
BT	Stroiești	47.61109	26.96499	906
BT	Nicșeni	47.86717	26.64768	897
BT	Guranda	47.77501	27.06618	887
BT	Cervicești	47.79958	26.50902	878
BT	Cervicești-Deal	47.80775	26.51614	878
BT	Lișna	48.10504	26.48264	877
BT	Băiceni	47.6892	26.65455	876
BT	Viișoara	48.16359	26.74038	872
BT	Saucenița	47.90087	26.39436	860
BT	Cucorăni	47.78112	26.51402	834
BT	Șupitca	47.61018	26.77988	823
BT	Cucuteni	47.77719	27.12024	807
BT	Ionășeni (Trușești)	47.72966	26.99382	806
BT	Ionășeni (Vârfu Câmpului)	47.81192	26.37082	806
BT	Tătărășeni	48.06489	26.68156	797
BT	Socrujeni	47.78242	26.91642	794
BT	Buimăceni	47.67167	27.09155	793
BT	Mânăstireni	47.83995	26.75119	790
BT	Cerchejeni	47.69018	26.88259	787
BT	Lupăria	47.48284	27.02239	784
BT	Horodiștea	48.23911	26.73237	779
BT	Blândești	47.70942	26.86675	759
BT	Cerbu	47.61898	26.88407	752
BT	Plopenii Mari	47.88912	26.78814	752
BT	Dângeni	47.83903	26.92894	748
BT	Mihălășeni	47.88449	27.07489	743
BT	Brăteni	47.85955	27.02117	725
BT	Borzești	47.91092	26.75426	722
BT	Șendreni	47.5292	26.86011	710
BT	Buhăceni	47.80914	26.99976	705
BT	Rădăuți-Prut	48.23929	26.8064	704
BT	Mlenăuți	48.12853	26.48464	693
BT	Cernești	47.60823	27.09092	691
BT	Pleșani	47.58771	27.28509	687
BT	Iezer	47.99297	26.33847	680
BT	Vânători	47.75211	26.86831	679
BT	Cotu	47.60071	26.8569	677
BT	Mănăstirea Doamnei	47.72528	26.6054	670
BT	Frumușica	47.52103	26.84539	660
BT	Zăicești	47.68906	26.71857	657
BT	Pârâu Negru	47.96081	26.17193	652
BT	Boscoteni	47.49923	26.86381	649
BT	Câmpeni	47.50577	26.99448	646
BT	Petricani	47.95497	26.84104	645
BT	Hilișeu-Cloșca	48.01597	26.33138	642
BT	Prisăcani	47.55475	26.95246	637
BT	Manoleasa	47.99123	27.08489	632
BT	Ghireni	48.153	26.88363	628
BT	Hilișeu-Horia	48.02036	26.28649	628
BT	Miletin	47.48049	27.06281	628
BT	Vorona-Teodoru	47.56338	26.64509	624
BT	Corlăteni	47.95236	26.56167	623
BT	Smârdan	48.079	26.46946	618
BT	Rediu (Rădăuți-Prut)	48.23147	26.7789	617
BT	Rediu (Răuseni)	47.53869	27.23868	617
BT	Crasnaleuca	48.15693	26.95284	614
BT	Victoria (Hlipiceni)	47.60726	27.16738	612
BT	Victoria (Stăuceni)	47.72663	26.7984	612
BT	Coștiugeni	47.6847	27.04033	610
BT	Liveni	48.05767	27.05979	610
BT	Vorona Mare	47.55561	26.6181	610
BT	Aurel Vlaicu	47.9997	26.90932	606
BT	Carasa	47.94281	26.51987	605
BT	Horlăceni	47.91079	26.33797	600
BT	Lișmănița	48.13847	26.66193	599
BT	Rogojești	47.94139	26.15914	599
BT	Nichiteni	48.09503	26.85924	596
BT	Jijia	47.65435	27.08667	584
BT	Burlești	47.75736	26.82639	580
BT	Cătămărești	47.74991	26.57032	577
BT	Ipotești	47.76646	26.55702	571
BT	Doina	47.54226	27.18858	570
BT	Flondora	48.00073	27.03172	569
BT	Fundu Herții	48.11216	26.31343	559
BT	Cuza Vodă	48.18296	26.695	555
BT	Horia	48.12433	26.97601	555
BT	Hulub	47.82887	26.96385	554
BT	Maghera	47.88454	26.26545	549
BT	Zahoreni	47.96187	27.04822	544
BT	Puțureni	48.11308	26.82994	540
BT	Bașeu	48.13857	26.49255	539
BT	Huțani	47.71052	26.48386	539
BT	Plopenii Mici	47.90535	26.76585	528
BT	Viișoara Mică	48.15856	26.77645	526
BT	Chițoveni	47.57004	26.9338	521
BT	Dolina	47.82845	26.4567	520
BT	Iurești	47.6206	27.07352	519
BT	Cișmea	47.76843	26.666	512
BT	Cotârgaci	47.85562	26.53956	511
BT	Libertatea	47.61687	27.28509	508
BT	Siliștea	47.71637	26.76013	498
BT	Popeni (Brăești)	47.84332	26.49297	497
BT	Popeni (George Enescu)	48.02184	26.46382	497
BT	Murguța	47.8273	27.12967	496
BT	Chișcăreni	47.96173	26.8274	495
BT	Strahotin	47.85245	26.94157	494
BT	Arborea	48.05531	26.51671	493
BT	Mesteacăn	47.62312	26.62533	483
BT	Grivița	48.01496	26.57732	474
BT	Podeni	47.92712	26.6523	474
BT	Miron Costin	47.94159	26.94949	472
BT	Vicoleni	47.88041	26.84392	471
BT	Dămideni	47.69564	27.25218	461
BT	Balta Arsă	47.67475	26.6197	460
BT	Lunca	47.62495	27.01995	458
BT	Lunca (Vârfu Câmpului)	47.88429	26.27321	458
BT	Sadoveni	47.98644	27.12991	454
BT	Șoldănești	47.73606	26.92398	454
BT	Bodeasa	47.97281	26.92082	453
BT	Sarata-Basarab	47.94022	27.039	449
BT	Călugărenii Noi	47.9171	26.66583	446
BT	Mihai Viteazu	47.92827	26.78048	444
BT	Borolea	47.95267	27.02145	425
BT	Gârbeni	48.08084	26.65773	420
BT	Cotu Miculinți	48.18604	26.94347	418
BT	Cișmănești	47.84797	27.07198	414
BT	Dealu Mare	47.92365	26.41495	414
BT	Talpa	47.90079	26.23838	414
BT	Mășcăteni	47.719	27.04105	413
BT	Buzeni	47.67342	26.74662	409
BT	Rânghilești	47.64843	27.22927	409
BT	Timuș	48.03251	26.99055	400
BT	Bogdănești	47.64676	27.25129	398
BT	Balinți	48.04908	26.69148	396
BT	Dragalina (Cristinești)	48.05596	26.45499	396
BT	Dragalina (Hlipiceni)	47.60758	27.19463	396
BT	Băbiceni	47.75442	27.06878	391
BT	Stânca (George Enescu)	48.06297	26.55024	391
BT	Stânca (Ștefănești)	47.82344	27.20471	391
BT	Zoițani	48.05482	26.96566	390
BT	Codreni	48.09126	26.78394	385
BT	Seliștea	48.11868	26.67976	374
BT	Broșteni	47.75428	27.09021	367
BT	Călugăreni	47.91619	26.69073	366
BT	Silișcani	47.7317	26.85722	362
BT	Dămileni	48.11077	26.39903	356
BT	Loturi Enescu	47.99004	26.38269	345
BT	Racovăț	48.09505	26.29641	340
BT	Cheliș	47.63655	26.94808	335
BT	Corjăuți	48.03269	26.26876	328
BT	Eșanca	48.17044	26.65421	328
BT	Movileni	48.13421	26.59605	326
BT	Vițcani	47.94794	26.20827	322
BT	Buda	47.62657	26.80934	316
BT	Scutari	48.06	26.75437	315
BT	Loturi	48.04394	27.07176	312
BT	Negrești	47.86794	27.10333	300
BT	Bălușenii Noi	47.68544	26.82521	290
BT	Păun	47.85513	27.1118	289
BT	Dobrinăuți-Hapăi	47.89387	26.27969	268
BT	Unguroaia	47.61108	26.70121	266
BT	Stolniceni	47.56905	27.24423	264
BT	Agafton	47.70802	26.59766	263
BT	Manolești	47.74741	26.6202	263
BT	Bătrânești	47.78809	26.88346	262
BT	Bozieni	47.94472	26.89756	255
BT	George Coșbuc	47.80184	26.86841	255
BT	Mateieni	47.91903	26.5915	252
BT	Rânghilești-Deal	47.66197	27.25407	251
BT	Durnești	47.76517	27.11004	248
BT	Durnești (Santa Mare)	47.59464	27.36891	248
BT	Durnești (Ungureni)	47.89343	26.77098	248
BT	Dealu Crucii	47.93979	26.6468	236
BT	Hulubești	48.04958	26.34877	223
BT	Berza	47.64288	27.30774	221
BT	Ilișeni	47.67154	27.26073	216
BT	Mihail Kogălniceanu	48.07976	26.83503	215
BT	Coșuleni	47.68101	26.75858	213
BT	Dacia	47.8435	26.69463	211
BT	Pustoaia	47.89505	26.28068	205
BT	Hudum	47.73627	26.62502	198
BT	Caraiman	47.92377	27.08277	192
BT	Dimitrie Cantemir	48.05476	26.9949	191
BT	Plevna	48.10461	26.45207	191
BT	Costinești	47.8035	26.45846	189
BT	Progresul	47.99935	26.44453	189
BT	Bivolari	47.81378	27.0574	187
BT	Năstase	47.85362	27.1308	183
BT	Panaitoaia	48.04198	26.97421	181
BT	Bârsănești	47.78827	27.08195	179
BT	Bohoghina	47.80029	26.41255	179
BT	Slobozia Silișcani	47.86088	27.07876	175
BT	George Enescu	48.04039	26.48025	167
BT	Cuzlău	48.23023	26.693	162
BT	Hrișcani	47.74697	26.50757	157
BT	Ichimeni	48.04078	26.87329	156
BT	Sarata-Drăgușeni	48.07386	26.81604	151
BT	Soroceni	47.78315	26.82144	151
BT	Păsăteni	47.80399	26.99125	147
BT	Călinești (Bucecea)	47.75842	26.47208	136
BT	Călinești (Cândești)	47.92067	26.23568	136
BT	Bădărăi	47.58934	27.38176	135
BT	Davidoaia	47.9559	26.62756	130
BT	Sat Nou	47.9671	26.84043	124
BT	Burla	47.78452	26.7949	122
BT	Recia-Verbia	47.91867	26.49673	119
BT	Gârbești	47.60014	27.08368	116
BT	Iorga	48.02511	27.08282	110
BT	Avram Iancu	48.06848	26.87986	94
BT	Galbeni	48.03627	26.7001	92
BT	Moara Jorii	47.88496	27.01803	89
BT	Sarata	47.69538	27.20654	89
BT	Sărata	47.69538	27.20654	89
BT	Slobozia Hănești	47.9138	26.99352	86
BT	Manoleasa-Prut	48.01178	27.0854	84
BT	Baisa	47.72267	26.56539	81
BT	Slobozia (Broscăuți)	47.959	26.47602	61
BT	Slobozia (Cordăreni)	47.959	26.47602	61
BT	Slobozia (Păltiniș)	48.24004	26.70727	61
BT	Ibăneasa	47.96162	26.73238	59
BT	Izvoare	48.095	26.51779	53
BT	Florești	47.62091	27.1373	50
BT	Niculcea	48.03506	26.71291	41
BT	Gorovei	47.87747	26.34272	37
BT	Viforeni	47.76506	26.94444	33
BT	Belcea	47.80519	26.44093	21
BT	Mihai Eminescu	47.76646	26.55702	7
BT	Ciritei	47.77961	26.96954	3
BT	Bold	47.97	27.11917	0
BT	Cinghiniia	47.90169	27.13808	0
BT	Lehnești	47.91471	27.12191	0
BT	Livada	47.81712	27.12785	0
BT	Movila Ruptă	47.92005	27.13082	0
BT	Orășeni-Deal	47.67603	26.67546	0
BT	Orășeni-Vale	47.66335	26.66268	0
BT	Pogorăști	47.57935	27.22472	0
BT	Popoaia	47.8978	27.15397	0
BT	Râșca	47.88863	27.16649	0
BT	Schit-Orășeni	47.64045	26.69083	0
BT	Șerpenița	48.0318	27.09459	0
BT	Tăutești	47.92196	26.72346	0
BT	Vâlcelele	47.84464	26.45419	0
BT	Valea Grajdului	47.88731	26.71852	0
BT	Vultureni	47.85378	26.71267	0
BV	Brașov	45.65798	25.6012	252814
BV	Săcele	45.61798	25.69425	30798
BV	Făgăraș	45.84164	24.9731	30714
BV	Zărnești	45.56065	25.32202	22029
BV	Codlea	45.69767	25.45607	21708
BV	Râșnov	45.57463	25.45403	15022
BV	Râșnov Romacril	45.57463	25.45403	15022
BV	Victoria	45.73066	24.70092	7386
BV	Prejmer	45.72361	25.78015	5297
BV	Rupea	46.03779	25.22251	4824
BV	Sânpetru	45.70343	25.63284	4819
BV	Ghimbav	45.66295	25.50647	4698
BV	Hărman	45.71051	25.68755	4659
BV	Cristian	45.62853	25.48158	4490
BV	Teliu	45.69926	25.85468	4198
BV	Budila	45.67324	25.80547	4197
BV	Dumbrăvița	45.76678	25.43632	3772
BV	Tărlungeni	45.64862	25.7557	3743
BV	Predeal	45.4964	25.58151	3675
BV	Vulcan	45.63481	25.4181	3620
BV	Poiana Mărului	45.60495	25.30759	3315
BV	Apața	45.9495	25.5307	3169
BV	Hălchiu	45.7643	25.54754	3035
BV	Racoș	46.02362	25.41406	2856
BV	Zizin	45.63481	25.77631	2802
BV	Lunca Calnicului	45.75212	25.76165	2793
BV	Moieciu de Jos	45.49915	25.327	2222
BV	Bod	45.76337	25.64648	2200
BV	Hoghiz	45.98461	25.30806	2120
BV	Ormeniș	46.0046	25.55531	1976
BV	Augustin	46.04481	25.55464	1860
BV	Colonia Bod	45.7601	25.60738	1794
BV	Șercaia	45.83321	25.13353	1773
BV	Măieruș	45.89906	25.54161	1723
BV	Crizbav	45.81318	25.46456	1710
BV	Cuciulata	45.9416	25.27537	1512
BV	Sohodol	45.51999	25.39811	1508
BV	Bran	45.51919	25.36968	1492
BV	Tohanu Nou	45.5524	25.3834	1447
BV	Sâmbăta de Sus	45.76255	24.82468	1439
BV	Șinca Nouă	45.69649	25.24266	1417
BV	Vama Buzăului	45.58755	25.98937	1397
BV	Purcăreni	45.64348	25.79268	1394
BV	Holbav	45.6591	25.38614	1309
BV	Cincu	45.91316	24.8063	1286
BV	Homorod	46.04024	25.27676	1240
BV	Șimon	45.48184	25.355	1223
BV	Arini	45.89241	25.5652	1197
BV	Cața	46.09029	25.28007	1196
BV	Ungra	45.98609	25.26953	1189
BV	Satu Nou	45.77353	25.51149	1183
BV	Acriș	45.63533	25.99289	1175
BV	Rotbav	45.83995	25.55401	1173
BV	Drăguș	45.75975	24.77684	1162
BV	Mândra	45.82072	25.04655	1076
BV	Lisa	45.73012	24.84867	1056
BV	Perșani	45.78157	25.21089	1052
BV	Moieciu de Sus	45.44189	25.33293	1001
BV	Comana de Jos	45.91358	25.23299	996
BV	Ucea de Sus	45.75331	24.68448	961
BV	Predeluț	45.53352	25.35165	958
BV	Colonia 1 Mai	45.66262	25.40982	947
BV	Recea	45.73119	24.94374	900
BV	Vlădeni	45.76828	25.36612	852
BV	Cutuș	45.82527	25.46561	808
BV	Ucea de Jos	45.78437	24.66984	806
BV	Șinca Veche	45.76373	25.17131	777
BV	Dăișoara	45.9719	25.16547	760
BV	Viștea de Jos	45.79131	24.72732	760
BV	Podu Oltului	45.76136	25.72854	743
BV	Beclean	45.85638	24.93145	740
BV	Șercăița	45.74501	25.12206	739
BV	Crihalma	45.92409	25.1991	735
BV	Dacia	46.00882	25.15136	678
BV	Criț	46.12124	25.02353	676
BV	Bunești	46.10648	25.05957	675
BV	Ticușu Vechi	45.92812	25.09554	670
BV	Ileni	45.78645	24.99872	660
BV	Colonia Reconstrucția	45.82626	25.56889	647
BV	Voila	45.81773	24.84228	637
BV	Veneția de Jos	45.87605	25.20955	633
BV	Ticușu Nou	45.91776	25.18022	626
BV	Sebeș	45.72561	25.0298	607
BV	Berivoi	45.74406	24.97499	596
BV	Timișu de Jos	45.59487	25.63819	594
BV	Cincșor	45.83753	24.83302	589
BV	Copăcel	45.74084	24.99962	576
BV	Jibert	46.00687	25.02417	576
BV	Părău	45.8476	25.19071	563
BV	Viștea de Sus	45.74554	24.74015	559
BV	Măgura	45.52452	25.29673	553
BV	Vad	45.79225	25.14661	541
BV	Breaza	45.7007	24.88247	533
BV	Dopca	45.98166	25.38219	528
BV	Dejani	45.6899	24.92359	522
BV	Șoarș	45.92885	24.92961	513
BV	Buzăiel	45.5897	26.03103	510
BV	Hălmeag	45.86701	25.12955	508
BV	Hârseni	45.75549	25.01292	507
BV	Mercheașa	46.0645	25.33272	502
BV	Râușor	45.81827	25.00568	496
BV	Drăușeni	46.14123	25.31222	495
BV	Peștera	45.50771	25.28281	493
BV	Hurez	45.79986	24.95196	492
BV	Cheia	45.47883	25.31467	488
BV	Bogata Olteană	45.97904	25.35573	482
BV	Mateiaș	46.01622	25.381	480
BV	Timișu de Sus	45.52855	25.57858	468
BV	Jimbor	46.10892	25.38688	467
BV	Fundata	45.43714	25.292	464
BV	Fișer	46.07834	25.14989	445
BV	Felmer	45.92857	25.00962	442
BV	Lovnic	45.98804	25.01254	439
BV	Gura Văii	45.72768	24.90456	426
BV	Viscri	46.05576	25.09181	422
BV	Voivodeni	45.77682	24.85561	406
BV	Dridif	45.82026	24.88309	400
BV	Grânari	46.03809	24.97181	391
BV	Poiana Brașov	45.5955	25.55133	386
BV	Beia	46.14594	25.18148	383
BV	Stupinii Prejmerului	45.71687	25.81067	382
BV	Cărpiniș	45.66233	25.76694	381
BV	Veneția de Sus	45.85781	25.24405	381
BV	Comana de Sus	45.89531	25.26751	364
BV	Rucăr	45.82059	24.7671	360
BV	Bărcut	45.99978	24.92126	352
BV	Ohaba	45.76656	25.1512	321
BV	Olteț	45.80346	24.76212	320
BV	Mărgineni	45.73058	25.04629	301
BV	Meșendorf	46.08905	24.98452	301
BV	Toarcla	45.89796	24.738	301
BV	Grid	45.82393	25.21608	297
BV	Calbor	45.8695	24.90214	296
BV	Bucium	45.74265	25.09711	291
BV	Roadeș	46.12822	25.10788	283
BV	Fântâna	45.95786	25.28974	280
BV	Toderița	45.78463	25.06325	280
BV	Șirnea	45.47556	25.25147	276
BV	Iași	45.76441	24.93082	275
BV	Paltin	45.69876	25.20006	273
BV	Rodbav	45.91143	24.87386	270
BV	Feldioara	45.81528	25.58835	260
BV	Feldioara (Ucea)	45.80517	24.68897	260
BV	Șona	45.84852	25.04383	250
BV	Paloș	46.11952	25.23162	249
BV	Cobor	45.94545	25.05119	238
BV	Vâlcea	45.75415	25.17716	221
BV	Săsciori	45.75984	24.9532	220
BV	Boholț	45.8882	24.91953	218
BV	Săvăstreni	45.76211	24.94347	179
BV	Seliștat	45.98484	24.86279	178
BV	Ludișor	45.77495	24.88541	177
BV	Corbi	45.77667	24.69516	168
BV	Văleni	45.96095	24.96842	166
BV	Pojorta	45.74889	24.8701	155
BV	Ionești	46.16159	25.33652	140
BV	Dălghiu	45.57498	25.91261	138
BV	Drumul Carului	45.46362	25.29142	135
BV	Fundățica	45.42473	25.28617	112
BV	Măliniș	45.69672	25.04967	112
BV	Lupșa	45.93731	25.29624	103
BV	Luța	45.80094	24.90658	80
BV	Viștișoara	45.69552	24.7593	27
BV	Pârâul Rece	45.50612	25.50659	18
BV	Comana	45.91	25.23	0
BV	Moieciu	45.48555	25.31018	0
BV	Sâmbăta de Jos	45.81113	24.82078	0
BV	Șinca	45.76373	25.17131	0
BV	Stațiunea Climaterică Sâmbăta	45.69384	24.80339	0
BV	Ticușu	45.93	25.09972	0
BV	Ucea	45.79261	24.68331	0
BV	Viștea	45.79731	24.75054	0
BZ	Buzău	45.13711	26.81711	115494
BZ	Râmnicu Sărat	45.38646	27.04622	33843
BZ	Pogoanele	44.9181	26.98851	5280
BZ	Nehoiu	45.4163	26.2991	4797
BZ	Padina	44.835	27.10829	4111
BZ	Râmnicelu	45.36091	27.12273	3491
BZ	Rușețu	44.95883	27.21121	3487
BZ	Berca	45.28333	26.68333	3296
BZ	Căpățânești	45.18713	26.79324	3296
BZ	Smeeni	44.99485	26.85387	3247
BZ	Stâlpu	45.07595	26.71127	3193
BZ	Cândești	45.24996	26.70365	3154
BZ	Vadu Pașii	45.15961	26.88215	3094
BZ	Pârscov	45.29161	26.52232	3009
BZ	Mărăcineni	45.18508	26.81129	2996
BZ	Gherăseni	45.0262	26.78935	2912
BZ	Scurtești	45.13505	26.9096	2624
BZ	Cochirleanca	45.20235	26.9962	2484
BZ	Fundeni	45.29144	26.87862	2475
BZ	Poșta Câlnău	45.22845	26.8935	2381
BZ	Boldu	45.32302	27.23947	2380
BZ	Bâscenii de Jos	45.24944	26.32521	2355
BZ	Glodeanu Sărat	44.87137	26.64946	2351
BZ	Pătârlagele	45.31768	26.3618	2240
BZ	Oreavul	45.36923	27.02457	2223
BZ	Grebănu	45.37507	26.98181	2178
BZ	Maxenu	45.05006	26.8536	2164
BZ	Vernești	45.21441	26.66992	2112
BZ	Cislău	45.23944	26.37826	2095
BZ	Valea Râmnicului	45.36088	27.04244	2039
BZ	Luciu	44.97099	27.08065	2004
BZ	Căldărăști	44.89437	27.03253	1995
BZ	Potoceni	45.1968	26.77483	1987
BZ	Lipia	45.14168	26.7293	1974
BZ	Tăbărăști	45.07789	26.92201	1935
BZ	Săpoca	45.23361	26.7536	1732
BZ	Bălăceanu	45.24886	27.13483	1632
BZ	Unguriu	45.27857	26.61976	1619
BZ	Florica	44.90716	26.76524	1597
BZ	Vâlcelele	45.34554	27.34833	1587
BZ	Mătești	45.21522	26.75417	1573
BZ	Boboc	45.1948	26.97639	1563
BZ	Costești	45.04947	26.75672	1559
BZ	Săhăteni	45.0349	26.5202	1542
BZ	Pogonele	45.08628	26.86417	1537
BZ	Stăncești	45.12617	26.92476	1504
BZ	Săgeata	45.10168	26.98648	1477
BZ	Puieștii de Jos	45.39977	27.21658	1463
BZ	Glodeanu-Siliștea	44.83022	26.76345	1456
BZ	Satu Nou (Glodeanu-Siliștea)	44.81962	26.8375	1456
BZ	Amara	45.24999	27.29241	1447
BZ	Pietroasele	45.10124	26.5805	1444
BZ	Vadu Sorești	45.32086	26.87205	1426
BZ	Măgura	45.27837	26.58539	1419
BZ	Largu	44.97685	27.14102	1403
BZ	Sudiți (Gherăseni)	45.02195	26.81112	1388
BZ	Sudiți (Poșta Câlnău)	45.27577	26.87082	1388
BZ	Movila Banului	44.96434	26.70699	1367
BZ	Plevna	45.37876	27.01196	1351
BZ	Ghergheasa	45.28329	27.1925	1337
BZ	Șarânga	45.09604	26.6113	1300
BZ	Bâsca Rozilei	45.45234	26.32672	1277
BZ	Gălbinași	45.07523	26.93742	1257
BZ	Dâmbroca	45.12506	26.95385	1255
BZ	Zorești	45.17301	26.70462	1247
BZ	Coțatcu	45.47082	27.00827	1237
BZ	Zărneștii de Slănic	45.27806	26.75208	1234
BZ	Spătaru	45.08608	26.77561	1214
BZ	Pietrosu	45.05848	26.75578	1204
BZ	Bâsca Chiojdului	45.37623	26.17552	1200
BZ	Viperești	45.22776	26.46068	1190
BZ	Podgoria	45.44545	27.03325	1182
BZ	Amaru	44.92722	26.58596	1166
BZ	Rubla	45.35265	27.07465	1163
BZ	Sălcioara	45.30895	27.17618	1156
BZ	Lunca Priporului	45.44699	26.29734	1150
BZ	Brădeanu	44.88743	26.85321	1129
BZ	Zărnești	45.30088	26.88617	1124
BZ	Vintilă Vodă	45.47167	26.72503	1108
BZ	Lopătari	45.48267	26.59051	1105
BZ	Limpeziș	44.95356	26.70013	1102
BZ	Lunca Jariștei	45.4832	26.25284	1092
BZ	Valea Părului	45.36059	26.7748	1080
BZ	Ulmeni	45.04437	26.6275	1079
BZ	Topliceni	45.40176	27.01104	1078
BZ	Găvănești	45.08831	27.06357	1076
BZ	Breaza	45.09237	26.51568	1056
BZ	Cernătești	45.29476	26.75078	1055
BZ	Chiojdu	45.35	26.21567	1041
BZ	Păltineni	45.39618	26.31931	1031
BZ	Băbeni	45.4461	26.98104	1011
BZ	Mărunțișu	45.28604	26.35246	1006
BZ	Buda	45.49591	26.8996	1002
BZ	Pitulicea	44.88891	26.6591	995
BZ	Udați-Mânzu	44.98436	26.94956	981
BZ	Tronari	45.21887	26.43582	970
BZ	Ziduri	45.2866	27.07612	969
BZ	Homești	45.39982	26.9578	960
BZ	Smârdan	44.87829	26.83996	956
BZ	Furtunești	45.46183	26.40044	942
BZ	Greceanca	45.07818	26.54745	934
BZ	Gura Teghii	45.61305	26.40755	934
BZ	Grăjdana	45.2082	26.62955	933
BZ	Scutelnici	44.82338	26.94819	929
BZ	Bentu	45.06909	26.97143	924
BZ	Vintileanca	44.98535	26.57837	912
BZ	Caragele	44.98041	27.03395	907
BZ	Nișcov	45.21781	26.69142	898
BZ	Bâscenii de Sus	45.25923	26.27797	894
BZ	C.A. Rosetti	45.0463	27.16385	894
BZ	Albești	44.99084	26.92403	889
BZ	Dedulești	45.46981	26.96249	883
BZ	Buda Crăciunești	45.18258	26.37979	866
BZ	Joseni	45.31359	26.65086	864
BZ	Pleșcoi	45.27448	26.71625	861
BZ	Cotorca	44.82254	26.8235	855
BZ	Calvini	45.25026	26.29906	850
BZ	Mlăjet	45.37203	26.33549	841
BZ	Heliade Rădulescu	45.2912	27.11735	840
BZ	Murgești	45.38474	26.87407	840
BZ	Sărata-Monteoru	45.14757	26.64094	839
BZ	Costieni	45.27915	27.03608	827
BZ	Nicolești	45.39928	27.22832	826
BZ	Dăscălești	45.4068	27.2483	825
BZ	Ciuta	45.26042	26.52128	822
BZ	Mărgineanu	44.941	26.66555	822
BZ	Bădila	45.26302	26.50583	820
BZ	Sibiciu de Sus	45.33783	26.36174	813
BZ	Blăjani	45.3182	26.81278	811
BZ	Lunca Frumoasă	45.30712	26.5358	806
BZ	Cătina	45.30055	26.24287	804
BZ	Luncile	45.50105	26.54227	802
BZ	Ojasca	45.27776	26.64308	796
BZ	Focșănei	45.18055	26.85906	780
BZ	Colțu Pietrii	45.46632	26.28033	778
BZ	Zilișteanca	45.2472	26.87417	778
BZ	Lanurile	45.26884	27.08635	752
BZ	Clondiru	45.05377	26.61495	751
BZ	Pănătău	45.32239	26.3885	745
BZ	Robeasca	45.14236	27.11281	735
BZ	Racovițeni	45.33864	26.9164	729
BZ	Merei	45.1297	26.67712	717
BZ	Băjani	45.16656	26.87208	711
BZ	Ogrăzile	45.11586	26.67725	707
BZ	Brăgăreasa	44.82543	26.93028	702
BZ	Tisău	45.20155	26.56072	702
BZ	Mușcelușa	45.4775	26.26828	697
BZ	Țintești	45.07462	26.88049	696
BZ	Mânzălești	45.49434	26.65376	685
BZ	Sătuc	45.27815	26.67163	679
BZ	Valea Nucului	45.25807	26.72893	677
BZ	Bărăști	45.22759	26.38049	671
BZ	Scărișoara	45.22248	26.38842	671
BZ	Ivănețu	45.46159	26.4928	669
BZ	Policiori	45.34501	26.6663	668
BZ	Rătești	45.29658	26.64084	661
BZ	Fințești	45.08928	26.46271	659
BZ	Gura Dimienii	45.40297	26.75693	655
BZ	Știubei	45.37847	27.14175	644
BZ	Păltiniș	45.46065	26.37213	634
BZ	Căldărușeanca	44.88092	26.69092	633
BZ	Roșioru	45.21019	27.07903	630
BZ	Valea Sălciilor	45.19896	26.61627	630
BZ	Cașoca	45.48942	26.266	620
BZ	Haleș	45.18569	26.55888	609
BZ	Năeni	45.09454	26.49189	602
BZ	Strezeni	45.15581	26.49003	600
BZ	Gura Câlnăului	45.17497	26.84133	598
BZ	Sările	45.53562	26.7601	598
BZ	Ploștina	45.51317	26.514	589
BZ	Cotu Ciorii	45.06386	27.13946	585
BZ	Livada	45.38066	26.94491	585
BZ	Văcăreasca	44.8466	26.72814	581
BZ	Plaiu Nucului	45.48082	26.52206	578
BZ	Sibiciu de Jos	45.31731	26.37345	573
BZ	Terca	45.52431	26.53522	573
BZ	Pălici	45.24547	26.4703	568
BZ	Crâng	45.32448	26.3445	567
BZ	Călțuna	44.96438	26.94932	565
BZ	Zoița	45.28737	27.02117	555
BZ	Aldeni	45.3172	26.75425	552
BZ	Alexandru Odobescu	45.51427	26.91214	552
BZ	Balta Albă	45.30318	27.28215	550
BZ	Dulbanu	44.90627	26.59485	544
BZ	Mihăilești	44.91444	26.67677	540
BZ	Satu Nou (Mihăilești)	44.92063	26.67701	540
BZ	Scorțoasa	45.36395	26.66114	533
BZ	Cilibia	45.06266	27.0656	532
BZ	Băltăreți	45.05978	26.62097	529
BZ	Colți	45.40053	26.39487	529
BZ	Mucești-Dănulești	45.52472	26.93089	529
BZ	Budișteni	45.04361	26.78489	521
BZ	Sărulești	45.48525	26.76403	520
BZ	Băile	45.28723	27.36348	519
BZ	Valea Cătinei	45.29216	26.23359	514
BZ	Brăești	45.43101	26.51165	509
BZ	Coconari	45.246	26.87737	509
BZ	Beceni	45.3769	26.7852	503
BZ	Toropălești	45.48973	26.92024	500
BZ	Chirlești	45.3749	26.32131	496
BZ	Ileana	44.8604	26.62851	490
BZ	Poșta (Cilibia)	45.06782	27.01342	486
BZ	Poșta (Topliceni)	45.38567	27.02206	486
BZ	Niculești	45.4571	26.74273	485
BZ	Mitropolia	44.88039	26.87608	480
BZ	Vizireni	45.04991	27.19382	480
BZ	Găgeni	45.01414	26.58325	479
BZ	Varlaam	45.51034	26.44161	478
BZ	Lera	45.33134	26.23526	477
BZ	Potârnichești	45.2179	26.86061	477
BZ	Mierea	45.21784	26.65127	471
BZ	Bălteni	45.00957	27.15039	469
BZ	Robești	45.29548	26.59247	462
BZ	Pleși	45.58118	26.68733	461
BZ	Cuculeasa	45.28141	27.00497	459
BZ	Vâlcele	45.08702	26.63228	458
BZ	Pădurenii	45.18176	26.54194	450
BZ	Valea Lupului	45.35097	26.3417	447
BZ	Măcrina	45.3874	27.19572	440
BZ	Brătilești	45.47036	26.48039	438
BZ	Lacurile	45.54243	26.65751	436
BZ	Aliceni	45.26412	26.86709	435
BZ	Pruneni	45.33272	26.84263	434
BZ	Bordușani	45.10798	26.96669	431
BZ	Petrișoru	45.32644	26.88985	431
BZ	Colibași	45.38543	27.12447	430
BZ	Arcanu	44.83696	26.98803	429
BZ	Sârbești	45.47808	26.69202	421
BZ	Puieștii de Sus	45.3959	27.19222	418
BZ	Movila Oii	45.03142	27.06995	416
BZ	Bozioru	45.38333	26.48333	415
BZ	Manasia	45.30019	26.75424	412
BZ	Răducești	45.43819	26.98722	412
BZ	Mărgăriți	45.39449	26.76051	411
BZ	Vispești	45.09498	26.52028	410
BZ	Fulga	45.33068	26.76583	406
BZ	Goidești	45.46766	26.49885	401
BZ	Pleșești (Berca)	45.28335	26.70102	396
BZ	Pleșești (Podgoria)	45.50784	26.96612	396
BZ	Nemertea	45.47964	26.41008	395
BZ	Gura Bâscei	45.25809	26.35876	394
BZ	Modreni	45.49695	26.83763	393
BZ	Cătiașu	45.3928	26.22583	389
BZ	Moșești	45.12513	27.1457	389
BZ	Udați-Lucieni	44.97189	26.96901	389
BZ	Văleanca-Vilănești	45.09166	26.50598	385
BZ	Sărata	45.06208	26.60428	382
BZ	Beilic	45.08415	27.01093	374
BZ	Podu Muncii	45.4307	26.74335	371
BZ	Cârligu Mare	44.84717	26.75064	363
BZ	Gara Cilibia	45.04284	27.02521	363
BZ	Ursoaia	45.24703	26.44382	362
BZ	Recea	45.54963	26.69058	361
BZ	Moisica	44.99695	26.89009	359
BZ	Gara Bobocu	45.20963	26.93292	354
BZ	Dogari	45.42156	26.74332	341
BZ	Oratia	45.44059	27.01508	340
BZ	Petrăchești	45.41833	26.74592	338
BZ	Golu Grabicina	45.42219	26.69235	337
BZ	Bălănești	45.3409	26.48113	336
BZ	Plopeasa	45.3497	26.61533	334
BZ	Nenciulești	45.12591	26.62723	328
BZ	Beșlii	45.48183	26.67456	324
BZ	Sorești	45.28315	26.82176	321
BZ	Banița	45.10133	27.10111	319
BZ	Istrița de Jos	45.05406	26.56628	315
BZ	Casota	44.8512	26.71483	311
BZ	Săsenii Noi	45.20123	26.69987	308
BZ	Lacu	45.40539	26.52836	306
BZ	Olari	45.23663	26.31354	303
BZ	Lacu Sinaia	44.9241	26.55597	299
BZ	Valea Largă-Sărulești	45.5111	26.78201	298
BZ	Valea Viei	45.30908	26.34827	297
BZ	Colții de Jos	45.39304	26.38541	295
BZ	Florești	45.40556	26.81923	292
BZ	Valea Salciei	45.50689	26.81122	287
BZ	Lipănescu	44.84842	26.90364	286
BZ	Izvoru (Cozieni)	45.33642	26.52186	282
BZ	Izvoru (Tisău)	45.19223	26.59048	282
BZ	Izvoru Dulce (Beceni)	45.34244	26.77669	282
BZ	Izvoru Dulce (Merei)	45.10987	26.63117	282
BZ	Poienile	45.26451	26.35313	280
BZ	Lopătăreasa	45.5397	26.65855	274
BZ	Balta Tocila	45.40376	26.6961	273
BZ	Cărpiniștea	45.3599	26.76502	267
BZ	Nehoiașu	45.43207	26.30668	267
BZ	Cozieni	45.33184	26.48214	266
BZ	Grabicina de Jos	45.40371	26.66225	265
BZ	Budrea	45.35953	26.90622	264
BZ	Pinu	45.41837	26.49401	264
BZ	Valea Cotoarei	45.47023	26.64774	259
BZ	Bisoca	45.54278	26.70649	257
BZ	Cioranca	44.98811	26.71692	257
BZ	Trestioara (Chiliile)	45.43549	26.56449	257
BZ	Trestioara (Mânzălești)	45.50572	26.60956	257
BZ	Proșca	45.09212	26.4815	253
BZ	Șuchea	45.41218	26.57442	253
BZ	Gomoești	45.06521	26.79867	252
BZ	Tega	45.27827	26.37877	250
BZ	Gura Văii	45.37595	26.66613	247
BZ	Fundăturile	45.33498	26.31986	246
BZ	Colțăneni	44.92512	26.66657	240
BZ	Câmpeni	44.96697	26.63177	238
BZ	Poenițele	45.37412	26.24544	238
BZ	Mânzu	45.06217	27.04293	236
BZ	Sergent Ionel Ștefan	44.92346	27.21716	233
BZ	Zeletin	45.26252	26.23282	233
BZ	Rușavăț	45.25534	26.42305	232
BZ	Bâlhacu	45.04859	27.13289	225
BZ	Valea Sibiciului	45.36236	26.37704	225
BZ	Fotin	45.3872	27.14968	224
BZ	Bălaia	45.01261	26.83074	219
BZ	Câmpulungeanca	45.45209	26.82273	217
BZ	Negoșina	45.38091	26.61365	217
BZ	Șindrila	45.56497	26.70867	215
BZ	Goicelu	45.48439	26.79876	214
BZ	Cănești	45.39705	26.60966	206
BZ	Satu Vechi	45.48791	26.66043	206
BZ	Coca-Antimirești	45.45321	26.70543	203
BZ	Leiculești	45.18289	26.58013	199
BZ	Mărgăritești	45.43086	26.83165	198
BZ	Plăișor	45.31333	26.38952	198
BZ	Tulburea	45.33515	26.47641	198
BZ	Zaharești	45.29748	26.3748	196
BZ	Slobozia	45.27071	26.25436	194
BZ	Izvoarele	45.37004	26.48304	193
BZ	Pietroasa Mică	45.09732	26.56258	192
BZ	Begu	45.33873	26.39871	190
BZ	Trestia	45.32715	26.51863	190
BZ	Băltăgari	45.55105	26.72901	189
BZ	Curmătura	45.38035	26.29163	188
BZ	Beciu	45.37732	26.70585	187
BZ	Valea Puțului Merei	45.15949	26.66595	185
BZ	Clondiru de Sus	45.09914	26.5914	183
BZ	Gura Sărății	45.12951	26.64287	182
BZ	Cârlomănești	45.22706	26.68464	177
BZ	Bercești	45.34784	26.47097	175
BZ	Mușcel	45.28624	26.43274	171
BZ	Muscel	45.28624	26.43274	171
BZ	Dara	45.10555	26.59582	168
BZ	Pâclele	45.32815	26.70075	167
BZ	Dănulești	45.50509	26.93331	164
BZ	Plescioara	45.37835	26.1976	164
BZ	Săsenii Vechi	45.21621	26.67776	164
BZ	Scorțeanca	44.94059	26.57743	164
BZ	Livada Mică	45.39134	26.92028	163
BZ	Chiliile	45.4455	26.59769	162
BZ	Costomiru	45.45927	26.85433	156
BZ	Valea Fântânei	45.40599	26.52091	156
BZ	Runcu	45.30513	26.574	155
BZ	Aluniș	45.40845	26.41476	154
BZ	Vârf	45.11591	26.50421	152
BZ	Gura Bădicului	45.51128	26.6303	150
BZ	Izvoranu	45.23472	26.58387	149
BZ	Pardoși	45.4461	26.87141	149
BZ	Măguricea	45.2889	26.40433	147
BZ	Vinețisu	45.466	26.33523	146
BZ	Ciobănoaia	45.15406	26.69259	144
BZ	Cireșu	45.53283	26.63269	141
BZ	Fântânele (Mărgăritești)	45.42324	26.84927	139
BZ	Fântânele (Năeni)	45.10848	26.4988	139
BZ	Fundata	45.47462	26.48866	138
BZ	Buștea	45.51462	26.59422	137
BZ	Frăsinet	45.2346	26.27859	134
BZ	Jghiab	45.52119	26.63619	134
BZ	Piatra Albă	45.37998	26.53921	133
BZ	Curcănești	45.30822	26.52384	132
BZ	Mânăstirea Rătești	45.30766	26.63183	131
BZ	Valea Verzei	45.39896	26.63477	131
BZ	Bădeni	45.09942	26.55269	128
BZ	Stroești	45.30902	26.3282	127
BZ	Cojanu	45.29889	26.61705	126
BZ	Găvanele	45.40894	26.46349	126
BZ	Gura Făgetului	45.48241	26.94279	123
BZ	Scărlătești	44.97252	27.17991	123
BZ	Lacu cu Anini	45.32792	26.43209	121
BZ	Odaia Banului	45.07796	26.82762	121
BZ	Pestrițu	45.48913	26.54448	121
BZ	Cârligu Mic	44.84117	26.76453	118
BZ	Dâlma	45.35873	26.61157	118
BZ	Crevelești	45.45307	26.58005	116
BZ	Muscelu Cărămănești	45.38154	26.4292	116
BZ	Valea Banului	45.33681	26.51019	115
BZ	Deleni	45.41363	26.71209	114
BZ	Glodu-Petcari	45.45387	26.62729	114
BZ	Băceni	45.34004	26.59079	110
BZ	Brebu	45.49718	26.58939	110
BZ	Lunca (Amaru)	44.95778	26.63851	110
BZ	Lunca (C.A. Rosetti)	45.00498	27.21226	110
BZ	Lunca (Pătârlagele)	45.29663	26.35795	110
BZ	Lunca (Puiești)	45.37451	27.17941	110
BZ	Pârjolești	45.32212	26.52366	107
BZ	Bărbuncești	45.22659	26.5988	106
BZ	Tocileni	45.30158	26.52524	103
BZ	Mănăstirea	45.29733	26.32463	102
BZ	Coca-Niculești	45.4571	26.74273	101
BZ	Valea Salciei-Cătun	45.47158	26.82319	96
BZ	Vârteju	45.47054	26.57837	96
BZ	Fișici	45.40047	26.46712	94
BZ	Cărătnău de Jos	45.46405	26.75278	92
BZ	Plavățu	45.51573	26.64285	92
BZ	Ulmet	45.368	26.47097	90
BZ	Bodinești	45.46724	26.72609	89
BZ	Ceairu	45.48119	26.93392	87
BZ	Corbu (Cătina)	45.32333	26.24735	84
BZ	Corbu (Glodeanu-Siliștea)	44.85768	26.70641	84
BZ	Scăeni	45.39096	26.44961	83
BZ	Teișu	45.31396	26.48189	82
BZ	Zăplazi	45.40276	26.96739	82
BZ	Tăbăcari	45.44288	27.00114	81
BZ	Căldărușa	45.29254	26.75459	80
BZ	Săsenii pe Vale	45.1907	26.67422	80
BZ	Nucu	45.41305	26.44446	78
BZ	Valea lui Lalu	45.45854	26.86474	78
BZ	Pietraru	45.30656	26.48003	77
BZ	Scoroșești	45.4044	26.56766	75
BZ	Ghizdita	45.49803	26.65037	74
BZ	Potecu	45.46161	26.51297	74
BZ	Stăvărăști	45.213	27.28169	74
BZ	Batogu	45.40928	26.87819	70
BZ	Ruginoasa	45.4284	26.4854	70
BZ	Punga	45.30611	26.4515	69
BZ	Valea Largă	45.50685	26.87768	69
BZ	Valea Ursului	45.46245	26.65104	68
BZ	Dobrilești	45.11658	26.60687	67
BZ	Groșani	45.06859	26.75295	67
BZ	Păcurile	45.41491	26.61647	65
BZ	Ciocănești	45.32251	26.51199	64
BZ	Plopi	45.38759	27.18267	64
BZ	Anini	45.35409	26.47117	63
BZ	Târlele	45.17966	27.01853	61
BZ	Chiperu	45.43501	26.89769	60
BZ	Odăile	45.39773	26.53883	59
BZ	Vlădeni	45.28378	26.75685	58
BZ	Săreni	45.48202	26.6146	56
BZ	Valea Ratei	45.41752	26.89059	56
BZ	Spidele	45.51883	26.84665	54
BZ	Văvălucile	45.39401	26.4627	53
BZ	Băești	45.31815	26.78548	50
BZ	Capu Satului	45.3838	26.52895	50
BZ	Cărătnău de Sus	45.46171	26.78839	50
BZ	Glodurile	45.33331	26.54187	49
BZ	Pârscovelu	45.42534	26.49391	48
BZ	Poiana Pletari	45.44196	26.62947	46
BZ	Vadu Oii	45.53792	26.48319	46
BZ	Ghiocari	45.45489	26.59802	45
BZ	Salcia	45.19163	26.60792	44
BZ	Viforâta	45.33283	26.61682	43
BZ	Colțeni	45.32172	26.53532	42
BZ	Budești	45.4476	26.54635	37
BZ	Lungești	45.31483	26.49229	37
BZ	Corneanu	45.36037	26.54327	34
BZ	Nistorești	45.31073	26.47465	34
BZ	Posobești	45.37337	26.53412	31
BZ	Trestieni	45.32617	26.57083	27
BZ	Gonțești	45.38888	26.59443	26
BZ	Calea Chiojdului	45.32753	26.29148	25
BZ	Gura Siriului	45.50935	26.24149	24
BZ	Valea Ștefanului	45.37371	26.51887	24
BZ	Nenciu	45.17833	26.6679	22
BZ	Târcov	45.33964	26.57839	20
BZ	Stănila	45.41796	26.34588	18
BZ	Buduile	45.38852	26.43915	17
BZ	Movilița	45.09874	27.07928	17
BZ	Sările-Cătun	45.50311	26.78104	16
BZ	Smeești	45.49677	26.73462	15
BZ	Câlțești	45.11638	26.59266	14
BZ	Gorâni	45.36904	26.53885	14
BZ	Gornet	45.34747	26.38633	14
BZ	Zăpodia	45.35022	26.51453	13
BZ	Gresia	45.37006	26.48483	12
BZ	Secuiu	45.61264	26.50465	10
BZ	Valea Șchiopului	45.44001	26.8873	10
BZ	Valea Roatei	45.30629	26.47224	9
BZ	Arbănași	45.39861	26.73789	8
BZ	Fața lui Nan	45.3591	26.48269	7
BZ	Valea Purcarului	45.31303	26.55272	7
BZ	Oleșești	45.32215	26.58399	6
BZ	Tâțârligu	45.31596	26.60595	6
BZ	Brădeanca	45.19052	26.74738	0
BZ	Cocârceni	45.36034	26.47137	0
BZ	Comisoaia	45.30924	26.93215	0
BZ	Dealu Viei	45.11106	26.6564	0
BZ	Grabicina de Sus	45.4312	26.66556	0
BZ	Poiana Vâlcului	45.50667	26.64236	0
BZ	Puiești	45.39917	27.21639	0
BZ	Râpile	45.26499	26.38161	0
BZ	Siriu	45.46667	26.23333	0
BZ	Tătulești	44.90596	27.12315	0
BZ	Valea Stânei	45.4744	26.78448	0
CJ	Cluj-Napoca	46.77121	23.62364	324576
CJ	Turda	46.56468	23.79711	47744
CJ	Dej	47.14159	23.87873	30322
CJ	Câmpia Turzii	46.55865	23.87067	22223
CJ	Florești	46.73127	23.47833	20256
CJ	Gherla	47.03176	23.90925	20092
CJ	Huedin	46.86234	23.02182	8977
CJ	Gilău	46.75276	23.39077	6464
CJ	Baciu	46.79718	23.52197	6100
CJ	Apahida	46.80241	23.74998	5966
CJ	Viișoara	46.56974	23.93581	4488
CJ	Mihai Viteazu	46.53641	23.71705	4129
CJ	Aghireșu-Fabrici	46.86601	23.27427	3193
CJ	Bonțida	46.91489	23.81558	2979
CJ	Sic	46.92526	23.90244	2459
CJ	Luna	46.4899	23.92802	2392
CJ	Ocna Dejului	47.11571	23.85577	2372
CJ	Cojocna	46.74904	23.82967	2354
CJ	Luna de Sus	46.74417	23.43052	2310
CJ	Cuzdrioara	47.16812	23.91634	2076
CJ	Sânnicoară	46.78816	23.72158	1927
CJ	Iclod	46.98907	23.79955	1847
CJ	Iara	46.5532	23.51771	1832
CJ	Feleacu	46.71391	23.61685	1827
CJ	Unguraș	47.1081	24.0571	1816
CJ	Frata	46.7	24.05	1707
CJ	Răscruci	46.9043	23.77042	1683
CJ	Jucu de Sus	46.86037	23.7952	1596
CJ	Someșu Rece	46.73268	23.36552	1557
CJ	Mintiu Gherlii	47.05392	23.94296	1550
CJ	Cămărașu	46.79306	24.12917	1522
CJ	Dezmir	46.76954	23.71311	1515
CJ	Negreni	46.95429	22.76123	1495
CJ	Mociu	46.79523	24.03165	1492
CJ	Mărișel	46.66767	23.10988	1488
CJ	Valea Drăganului	46.8972	22.82937	1466
CJ	Aghireșu	46.87097	23.2392	1447
CJ	Mera	46.81552	23.45214	1387
CJ	Câțcău	47.25	23.76667	1371
CJ	Cășeiu	47.18333	23.85	1361
CJ	Luncani	46.46841	23.95033	1337
CJ	Chiuiești	47.29497	23.87441	1336
CJ	Suceagu	46.78431	23.46344	1332
CJ	Fizeșu Gherlii	47.02517	23.9884	1316
CJ	Chinteni	46.85	23.53889	1310
CJ	Suatu	46.7792	23.9642	1308
CJ	Tritenii de Jos	46.5861	23.9965	1298
CJ	Soporu de Câmpie	46.6959	23.99467	1246
CJ	Borșa	46.93333	23.65	1223
CJ	Borșa-Crestaia	46.93333	23.65	1223
CJ	Moldovenești	46.49802	23.67741	1207
CJ	Copăceni	46.5963	23.74025	1187
CJ	Pădureni (Chinteni)	46.8694	23.59446	1144
CJ	Pădureni (Ciurila)	46.60707	23.55981	1144
CJ	Ciucea	46.97065	22.83564	1132
CJ	Buza	46.90925	24.1478	1115
CJ	Nireș	47.11426	23.98473	1088
CJ	Sâncraiu	46.8304	22.9893	1073
CJ	Săvădisla	46.64539	23.45082	1071
CJ	Rugășești	47.2385	23.8725	1057
CJ	Poieni	46.91789	22.85857	1051
CJ	Călățele	46.75	23.00833	1039
CJ	Jucu de Mijloc	46.8454	23.76709	1029
CJ	Gheorghieni	46.7123	23.68846	1007
CJ	Urca	46.54925	23.96205	1005
CJ	Vâlcele	46.69092	23.65192	993
CJ	Vlaha	46.6969	23.45434	971
CJ	Izvoru Crișului	46.83826	23.10512	958
CJ	Tritenii de Sus	46.60579	23.99759	958
CJ	Sânmărghita	47.15609	23.99395	953
CJ	Tureni	46.6231	23.7034	929
CJ	Urișor	47.1705	23.87634	929
CJ	Măguri	46.6305	23.11711	918
CJ	Ceanu Mare	46.65	23.96667	910
CJ	Băișoara	46.57556	23.4675	891
CJ	Bunești	47.0635	23.90547	887
CJ	Bogata	46.51396	23.81337	869
CJ	Finișel	46.67722	23.42447	825
CJ	Călărași	46.48454	23.8602	824
CJ	Vaida-Cămăraș	46.82305	23.94101	811
CJ	Sânpaul	46.8708	23.4193	808
CJ	Cătina	46.84449	24.16159	807
CJ	Măguri-Răcătău	46.59897	23.09797	803
CJ	Cara	46.75569	23.78205	800
CJ	Căpușu Mic	46.79849	23.25541	786
CJ	Viștea	46.80224	23.40121	781
CJ	Cornești	47.0125	23.69276	769
CJ	Cornești (Gârbău)	46.8889	23.32702	769
CJ	Cornești (Mihai Viteazu)	47.0125	23.69276	769
CJ	Căpușu Mare	46.79137	23.28855	757
CJ	Țaga	46.9457	24.0594	756
CJ	Luna de Jos	46.93781	23.7493	742
CJ	Nima	47.08523	23.88876	740
CJ	Pălatca	46.84359	23.98718	735
CJ	Berchieșu	46.72999	24.03702	719
CJ	Mănăstirea	47.12041	23.92203	708
CJ	Batin	47.07479	24.0608	706
CJ	Bucea	46.94942	22.68977	705
CJ	Fundătura	46.95677	23.77698	705
CJ	Bădeni	46.49	23.73715	704
CJ	Gârbău	46.8338	23.36568	704
CJ	Răchițele	46.71528	22.89114	701
CJ	Panticeu	47.04164	23.55923	694
CJ	Morlaca	46.8575	22.91792	688
CJ	Valea Ierii	46.53084	23.22663	676
CJ	Bolduț	46.62072	23.9505	667
CJ	Dăbâca	46.96667	23.66667	667
CJ	Gădălin	46.84003	23.84971	666
CJ	Nicula	47.0089	23.93989	644
CJ	Mănășturel	47.17157	23.9445	642
CJ	Mica	47.13822	23.96396	642
CJ	Macău	46.8312	23.29048	640
CJ	Boian	46.63764	23.98934	629
CJ	Rogojel	46.78671	22.84829	624
CJ	Plăiești	46.50077	23.71126	620
CJ	Iacobeni	46.66599	24.02852	616
CJ	Săndulești	46.59389	23.74694	611
CJ	Sâmboleni	46.8069	24.10587	610
CJ	Aiton	46.68209	23.73889	606
CJ	Popești	46.82804	23.52125	601
CJ	Bologa	46.886	22.87658	583
CJ	Recea-Cristur	47.08028	23.52278	582
CJ	Săcuieu	46.82417	22.88778	580
CJ	Sântioana	46.96344	24.01431	567
CJ	Feldioara	46.88407	24.15118	565
CJ	Vișea	46.85642	23.87419	563
CJ	Corușu	46.846	23.50038	561
CJ	Șomcutu Mic	47.16091	23.75871	559
CJ	Cetan	47.19146	23.80172	557
CJ	Sălișca	47.21921	23.82228	543
CJ	Geaca	46.85	24.08333	542
CJ	Gligorești	46.45082	23.9751	539
CJ	Orman	47.04518	23.81927	539
CJ	Pata	46.72788	23.74565	539
CJ	Mănăstireni	46.79371	23.0925	532
CJ	Petreștii de Jos	46.58083	23.65528	532
CJ	Căianu	46.78333	23.9	527
CJ	Cheia	46.54214	23.70833	525
CJ	Năoiu	46.76504	24.09526	523
CJ	Muntele Rece	46.65958	23.30235	521
CJ	Beliș	46.68239	23.03465	517
CJ	Bedeciu	46.79456	23.13044	515
CJ	Aluniș	47.04044	23.74426	512
CJ	Turea	46.85174	23.35251	512
CJ	Așchileu Mare	46.98551	23.49238	511
CJ	Sălicea	46.67682	23.52632	499
CJ	Leghia	46.84714	23.18777	497
CJ	Agârbiciu	46.76984	23.27882	492
CJ	Podeni	46.42759	23.63915	486
CJ	Hășdate (Gherla)	47.00994	23.88137	479
CJ	Hășdate (Săvădisla)	46.64396	23.42799	479
CJ	Rediu	46.68294	23.69423	479
CJ	Colonia	46.59667	23.96967	468
CJ	Boju	46.70985	23.78116	467
CJ	Bobâlna	47.14393	23.64786	444
CJ	Șardu	46.86075	23.39086	444
CJ	Berindu	46.93408	23.43674	437
CJ	Corpadea	46.797	23.83324	437
CJ	Vechea	46.89628	23.51358	433
CJ	Cubleșu Someșan	47.0516	23.62562	429
CJ	Cacova Ierii	46.54609	23.46841	428
CJ	Cristorel	46.96501	23.45968	422
CJ	Juc-Herghelie	46.8605	23.76255	416
CJ	Vânători	46.96068	22.85266	415
CJ	Codor	47.12527	23.81822	411
CJ	Ghirolt	47.03669	23.78183	410
CJ	Liteni	46.62036	23.45164	410
CJ	Săcel	46.60179	23.4551	407
CJ	Hodișu	46.90906	22.91418	405
CJ	Mărgău	46.74306	22.96417	404
CJ	Băgara	46.86426	23.30327	401
CJ	Măgoaja	47.34867	23.86272	401
CJ	Dealu Negru	46.7133	23.06295	398
CJ	Dumbrava	46.82279	23.21349	396
CJ	Coplean	47.19821	23.82674	393
CJ	Sărata	47.05523	23.49513	385
CJ	Ceanu Mic	46.64355	23.71088	384
CJ	Chesău	46.81762	24.00883	384
CJ	Băița	47.02184	23.87846	381
CJ	Jichișu de Jos	47.13333	23.8	381
CJ	Mărtinești	46.65936	23.68534	379
CJ	Cutca	47.03356	24.07954	377
CJ	Vultureni	46.96097	23.55223	376
CJ	Agriș	46.5939	23.51788	375
CJ	Bonț	46.98846	23.9247	370
CJ	Inucu	46.84656	23.24572	370
CJ	Bicălatu	46.8795	23.05237	369
CJ	Șoimeni	46.95848	23.53122	367
CJ	Sucutard	46.89838	24.06406	367
CJ	Călata	46.80262	22.99643	360
CJ	Năsal	46.94154	24.10974	356
CJ	Căianu-Vamă	46.8096	23.8729	353
CJ	Aruncuta	46.73331	23.96448	350
CJ	Feiurdeni	46.88174	23.62161	349
CJ	Așchileu Mic	46.98482	23.43632	343
CJ	Micești	46.64665	23.61508	341
CJ	Ploscoș	46.64269	23.84537	337
CJ	Poiana Horea	46.59056	22.9129	337
CJ	Tranișu	46.85723	22.83587	334
CJ	Ghirișu Român	46.80491	23.97659	333
CJ	Vad	47.21458	23.71102	331
CJ	Călărași-Gară	46.48548	23.88763	328
CJ	Lujerdiu	46.96848	23.72364	327
CJ	Zorenii de Vale	46.78888	24.0688	327
CJ	Lacu	46.8837	24.10686	326
CJ	Făgetu Ierii	46.54	23.52286	321
CJ	Strâmbu	47.33657	23.9527	307
CJ	Văleni (Căianu)	46.7865	23.90206	300
CJ	Văleni (Călățele)	46.78127	23.03397	300
CJ	Guga	47.26254	23.84261	299
CJ	Lita	46.63788	23.4649	297
CJ	Mihăiești	46.90171	23.41456	295
CJ	Nădășelu	46.82736	23.41512	294
CJ	Iuriu de Câmpie	46.69851	23.91368	289
CJ	Păniceni	46.80837	23.1854	286
CJ	Tritenii-Hotar	46.56761	23.99423	285
CJ	Dealu Mare	46.7165	23.15264	284
CJ	Lunca Vișagului	46.82668	22.76411	284
CJ	Fodora	46.97828	23.52274	281
CJ	Someșu Cald	46.73121	23.33087	279
CJ	Bărăi	46.84512	23.90791	276
CJ	Crișeni	46.75284	24.04651	276
CJ	Topa Mică	46.93659	23.38655	276
CJ	Băbuțiu	46.94031	23.52775	272
CJ	Valea Groșilor	47.2398	23.74326	271
CJ	Deușu	46.89699	23.52508	269
CJ	Surduc	46.54068	23.54895	269
CJ	Salatiu	47.10053	23.92739	267
CJ	Muntele Băișorii	46.56246	23.34857	266
CJ	Valea Florilor	46.6623	23.8578	265
CJ	Nadășu	46.8544	23.1508	264
CJ	Ciurila	46.65	23.53333	263
CJ	Vișagu	46.82677	22.82752	262
CJ	Bogata de Sus	47.19375	23.66618	256
CJ	Bogata de Jos	47.20484	23.70543	254
CJ	Stolna	46.70978	23.39773	250
CJ	Tăuți	46.71191	23.50576	247
CJ	Răzbuneni	47.14793	23.70179	246
CJ	Comșești	46.63295	23.66609	245
CJ	Măcicașu	46.88957	23.56658	245
CJ	Pintic	47.07559	23.79225	244
CJ	Dârja	47.01636	23.58976	236
CJ	Jichișu de Sus	47.10028	23.75017	236
CJ	Dângău Mare	46.75712	23.2012	234
CJ	Săcălaia	46.96148	23.92167	234
CJ	Boteni	46.76553	24.02403	233
CJ	Stoiana	47.01756	23.68726	231
CJ	Deleni	46.60586	23.63838	227
CJ	Poiana Frății	46.67071	24.07046	227
CJ	Ceaba	47.05001	24.09679	225
CJ	Valea Ungurașului	47.07476	24.11298	222
CJ	Petrești	47.07775	23.93715	219
CJ	Făureni	46.92681	23.54121	216
CJ	Filea de Jos	46.61999	23.50626	212
CJ	Sânmărtin	47.0089	24.0786	212
CJ	Sânmărtin (Chinteni)	46.89927	23.56615	212
CJ	Nearșova	46.83883	23.06641	208
CJ	Crăești	46.61346	23.58898	207
CJ	Hagău	46.82541	24.16941	206
CJ	Gârbău Dejului	47.2376	23.90585	202
CJ	Șaula	46.85214	23.07288	202
CJ	Roșieni	46.81437	24.0652	200
CJ	Sava	46.88213	23.96673	199
CJ	Curtuiușu Dejului	47.21595	23.67971	198
CJ	Căianu Mic	46.79419	23.9064	197
CJ	Domoșu	46.83074	23.0233	196
CJ	Mănășturu Românesc	46.7758	23.084	195
CJ	Ticu-Colonie	46.92128	23.23429	195
CJ	Livada (Iclod)	47.00185	23.84077	194
CJ	Livada (Petreștii de Jos)	46.56989	23.59017	194
CJ	Sântejude	46.92512	23.9886	194
CJ	Tioltiur	47.01314	23.7192	190
CJ	Mărcești	46.74373	23.15348	187
CJ	Maia	47.15092	23.72341	186
CJ	Muncel	47.2578	23.76717	186
CJ	Silivaș	46.98715	23.86515	184
CJ	Iclozel	46.9707	23.8249	182
CJ	Valea Caldă	46.84829	24.13602	182
CJ	Buru	46.5078	23.60062	177
CJ	Dângău Mic	46.75602	23.19144	177
CJ	Săliștea Nouă	46.87259	23.48996	175
CJ	Stejeriș	46.46579	23.73449	174
CJ	Legii	46.85578	24.04491	173
CJ	Scrind-Frăsinet	46.74389	22.8998	171
CJ	Olariu	46.69184	24.06751	167
CJ	Mașca	46.55216	23.45508	162
CJ	Băbdiu	47.127	23.6995	161
CJ	Rădaia	46.80224	23.46327	161
CJ	Diviciorii Mari	46.98751	24.07236	158
CJ	Bârlea	46.98863	23.72547	157
CJ	Chidea	46.97853	23.59834	155
CJ	Ciumăfaia	46.94249	23.62233	155
CJ	Sâmboieni	47.02903	24.05794	155
CJ	Câmpenești	46.83555	23.70982	154
CJ	Giula	46.92849	23.61303	153
CJ	Dosu Napului	46.66345	23.91325	151
CJ	Căprioara	47.10155	23.52908	150
CJ	Rotunda	46.90938	24.19747	149
CJ	Arghișu	46.93676	23.23974	146
CJ	Finciu	46.75386	23.03846	146
CJ	Horlacea	46.81861	23.0384	146
CJ	Ciubăncuța	47.14322	23.55205	144
CJ	Hodăi-Boian	46.64073	24.00993	143
CJ	Calna	47.17682	23.64481	141
CJ	Filea de Sus	46.60964	23.48056	141
CJ	Plaiuri	46.5881	23.56961	141
CJ	Suarăș	47.13544	23.71027	141
CJ	Giurcuța de Sus	46.64385	22.91626	139
CJ	Tiocu de Jos	47.05945	23.66037	135
CJ	Pâglișa	47.00472	23.64017	134
CJ	Corneni	47.07648	23.74713	132
CJ	Pruniș	46.63815	23.56338	131
CJ	Bădești	46.96945	23.63704	130
CJ	Vale	47.08128	23.71645	130
CJ	Copru	46.87216	24.20149	127
CJ	Huta	47.32901	24.00143	127
CJ	Petea	46.86602	24.01617	127
CJ	Pietroasa	46.46391	23.63718	126
CJ	Coasta	46.88685	23.89323	122
CJ	Strucut	46.68371	23.9372	122
CJ	Sumurducu	46.87153	23.44757	122
CJ	Alunișu	46.83178	22.94302	121
CJ	Prelucele	46.93409	22.77988	121
CJ	Puini	46.90953	24.00962	121
CJ	Osoi	47.14832	23.51967	120
CJ	Satu Lung	46.90766	23.59974	120
CJ	Elciu	47.0831	23.56666	119
CJ	Vâlcelele	47.1065	23.5951	117
CJ	Petreștii de Mijloc	46.56441	23.65316	116
CJ	Muntele Cacovei	46.54675	23.34769	115
CJ	Oaș	46.70148	24.09454	114
CJ	Ocolișel	46.5147	23.48711	114
CJ	Straja (Căpușu Mare)	46.80752	23.29364	113
CJ	Straja (Cojocna)	46.70193	23.87436	113
CJ	Săliște	46.651	23.58345	112
CJ	Fânațe	46.67423	23.96842	111
CJ	Tiocu de Sus	47.07751	23.64835	110
CJ	Cerc	46.62379	23.27931	108
CJ	Hodaie	46.83198	24.13287	106
CJ	Mureșenii de Câmpie	46.89081	23.98693	106
CJ	Valea lui Cati	46.64596	23.94177	105
CJ	Boj-Cătun	46.69745	23.83747	104
CJ	Măhal	46.97458	24.04377	104
CJ	Plopi	46.65607	23.34828	104
CJ	Șutu	46.61567	23.54226	104
CJ	Ciubanca	47.16216	23.5716	102
CJ	Oșorhel	47.12941	23.60372	101
CJ	Cătălina	47.03648	23.50458	100
CJ	Sub Coastă	46.7968	23.71137	98
CJ	Târgușor	46.99689	24.04471	98
CJ	Tărpiu	47.14393	23.75972	98
CJ	Brăișoru	46.85699	22.9566	97
CJ	Chiriș	46.88329	24.03808	97
CJ	Valea Cășeielului	47.32838	23.92677	97
CJ	Dorolțu	46.85598	23.29416	96
CJ	Dretea	46.80485	23.09713	96
CJ	Petreștii de Sus	46.54802	23.6437	95
CJ	Moara de Pădure	46.60393	23.42315	94
CJ	Cremenea	47.14479	23.72051	90
CJ	Valea Luncii	47.16744	24.02569	90
CJ	Vălișoara	46.66611	23.4934	89
CJ	Clapa	46.57311	24.02833	87
CJ	Pădurenii (Mintiu Gherlii)	47.0716	23.99979	83
CJ	Pădurenii (Tritenii de Jos)	46.59348	24.02424	83
CJ	Dâmbu Mare	47.15257	23.95016	82
CJ	Dâmburile	46.76138	23.9418	79
CJ	Ciuleni	46.77096	22.97733	78
CJ	Crairât	46.65533	23.81702	77
CJ	Jurca	47.1259	23.54587	77
CJ	Bălcești (Beliș)	46.674	23.00071	76
CJ	Bălcești (Căpușu Mare)	46.77233	23.19123	76
CJ	Bica	46.79473	23.0787	76
CJ	Morău	46.99882	23.69067	76
CJ	Sântejude-Vale	46.96376	23.96363	74
CJ	Lăpuștești	46.71551	23.18114	73
CJ	Pustuța	47.12388	23.56402	72
CJ	Tăușeni	46.87232	23.92413	72
CJ	Leurda	47.26366	23.90491	70
CJ	Borșa-Cătun	46.90649	23.70706	69
CJ	Dâncu	46.91083	23.22333	69
CJ	Sălătruc	47.26813	23.88174	69
CJ	Ardeova	46.7959	23.10319	67
CJ	Buteni	46.78748	22.98062	67
CJ	Săliștea Veche	46.89272	23.46353	67
CJ	Ciurgău	46.65906	23.93311	66
CJ	Sărădiș	46.7002	23.66204	66
CJ	Bociu	46.77907	22.94665	63
CJ	Ticu	46.90764	23.24421	62
CJ	Valea lui Opriș	47.32782	23.89857	57
CJ	Turmași	46.801	24.0077	56
CJ	Diviciorii Mici	46.9731	24.0995	55
CJ	Muntele Bocului	46.57815	23.34063	55
CJ	Dealu Botii	46.67232	22.92215	53
CJ	Frăsinet	46.6157	23.39074	53
CJ	Băgaciu	46.88549	23.9458	51
CJ	Borzești	46.53988	23.61104	51
CJ	Bodrog	46.72926	23.75972	49
CJ	Lungești	46.49702	23.52898	49
CJ	Escu	47.12791	23.52623	46
CJ	Muntele Săcelului	46.60248	23.38418	46
CJ	Custura	47.2466	23.84455	44
CJ	Dorna	47.01486	23.49987	44
CJ	Valea Vadului	46.55394	23.42482	44
CJ	Pruni	47.16245	23.60875	43
CJ	Smida	46.6436	22.87524	42
CJ	Igriția	47.09253	23.63115	40
CJ	Pruneni	47.04486	23.71527	39
CJ	Moriști	46.7747	23.7962	36
CJ	Răzoare	46.70711	24.02271	36
CJ	Măgura Ierii	46.54367	23.58344	34
CJ	Valea Agrișului	46.57047	23.55681	33
CJ	Cerbești	46.90193	22.86537	31
CJ	Huci	46.68681	23.89289	31
CJ	Casele Micești	46.69859	23.57142	30
CJ	Antăș	47.11167	23.57947	27
CJ	Pădurea Iacobeni	46.68515	24.0516	26
CJ	Șigău	47.10185	23.71362	26
CJ	Daroț	47.11667	24.05	23
CJ	Lobodaș	46.67903	23.84759	23
CJ	Blidărești	47.10628	23.56579	16
CJ	Valea Gârboului	47.2062	23.9231	15
CJ	Muntele Filii	46.58606	23.39247	13
CJ	Falca	46.7873	24.0086	12
CJ	Sicfa	47.09139	24.12012	10
CJ	Dosu Bricii	47.2857	23.9066	7
CJ	Stârcu	46.64854	23.89407	6
CJ	Morțești	46.63954	23.90587	5
CJ	Valea Cireșoii	47.1507	24.0262	3
CJ	Andici	46.65195	23.92482	0
CJ	Așchileu	46.98551	23.49238	0
CJ	Comorâța	47.28417	23.82512	0
CJ	Giurcuța de Jos	46.6559	22.9884	0
CJ	Jucu	46.855	23.79333	0
CJ	Lunca Bonțului	46.98846	23.9247	0
CJ	Peștera	47.18771	23.74535	0
CJ	Râșca	46.73355	23.11151	0
CJ	Tarnița	46.71967	23.27775	0
CL	Călărași	44.20851	27.31374	65181
CL	Oltenița	44.08547	26.63748	24822
CL	Borcea	44.32431	27.76164	7986
CL	Modelu	44.19736	27.38554	7564
CL	Dragalina	44.42934	27.35907	6218
CL	Fundulea	44.46406	26.51093	6099
CL	Roseți	44.21095	27.44734	6070
CL	Fundeni	44.38078	26.34968	5658
CL	Curcani	44.19795	26.59003	5609
CL	Ulmeni	44.14853	26.72827	4962
CL	Budești	44.23467	26.46253	4913
CL	Ciocănești	44.21866	27.06296	4257
CL	Perișoru	44.44273	27.54848	4174
CL	Radovanu	44.17863	26.5199	3802
CL	Gălbinași	44.31539	26.41973	3772
CL	Dor Mărunt	44.44707	26.92488	3754
CL	Lehliu-Gară	44.43708	26.85447	3636
CL	Vasilați	44.28856	26.47321	3590
CL	Mânăstirea	44.21415	26.89673	3573
CL	Chiselet	44.17109	26.85307	3392
CL	Ștefan cel Mare	44.42726	27.63409	3236
CL	Frumușani	44.30389	26.33213	2916
CL	Stancea	44.13745	26.81117	2744
CL	Nana	44.26687	26.58727	2568
CL	Șoldanu	44.23207	26.54201	2451
CL	Răzvani	44.42124	26.87796	2374
CL	Dragoș Vodă	44.45448	27.14588	2283
CL	Valea Roșie	44.17757	26.63219	2276
CL	Ștefan Vodă	44.32594	27.32783	2270
CL	Crivăț	44.19219	26.43586	2243
CL	Tonea	44.20522	27.40759	2188
CL	Unirea	44.25915	27.5992	2177
CL	Cuza Vodă	44.28023	27.2846	2170
CL	Grădiștea	44.23888	27.21312	2123
CL	Independența	44.30606	27.18419	2115
CL	Jegălia	44.2908	27.63433	1945
CL	Sohatu	44.32562	26.50232	1933
CL	Căscioarele	44.12481	26.47012	1912
CL	Lehliu	44.49361	26.83651	1857
CL	Plătărești	44.36089	26.41995	1711
CL	Luica	44.22995	26.5849	1650
CL	Sărulești-Gară	44.44285	26.65501	1650
CL	Vlad Țepeș	44.36957	27.09067	1544
CL	Valea Argovei	44.35519	26.78743	1505
CL	Mitreni	44.16893	26.60788	1498
CL	Dâlga-Gară	44.4364	27.05188	1449
CL	Gâldău	44.30945	27.67189	1337
CL	Radu Vodă	44.38345	26.92463	1334
CL	Progresu	44.35823	26.46038	1307
CL	Drajna Nouă	44.42029	27.37965	1265
CL	Nicolae Bălcescu	44.45265	26.76349	1246
CL	Dorobanțu	44.22217	26.97184	1241
CL	Dorobanțu (Plătărești)	44.36125	26.40856	1241
CL	Vâlcelele	44.38781	27.14507	1236
CL	Ceacu	44.26256	27.25249	1233
CL	Rasa	44.21333	27.14641	1203
CL	Aprozi	44.26462	26.5002	1166
CL	Negoești	44.23141	26.5003	1114
CL	Belciugatele	44.4815	26.43594	1101
CL	Tămădău Mare	44.47007	26.57594	1088
CL	Alexandru Odobescu	44.26923	27.08701	1066
CL	Nicolae Bălcescu (Alexandru Odobescu)	44.28577	27.0802	1066
CL	Sultana	44.25904	26.85564	1055
CL	Constantin Brâncoveanu	44.47744	27.41292	1054
CL	Vărăști	44.2155	26.969	1005
CL	Ileana	44.50685	26.65618	1002
CL	Spanțov	44.12338	26.7891	993
CL	Coconi	44.24189	26.8796	984
CL	Pasărea	44.28362	26.32962	971
CL	Iezeru	44.28523	27.6225	947
CL	Cunești	44.22493	27.1781	882
CL	Săpunari	44.50032	26.83935	873
CL	Cetatea Veche	44.12948	26.76979	868
CL	Gruiu	44.23219	26.41321	867
CL	Potcoava	44.26351	27.12864	852
CL	Coslogeni	44.22639	27.49723	819
CL	Pădurișu	44.31697	26.3041	800
CL	Mihai Viteazu	44.3456	27.07804	792
CL	Buciumeni	44.25519	26.41459	779
CL	Siliștea	44.36705	26.75999	779
CL	Nucetu	44.39535	26.89718	756
CL	Ulmu	44.28829	26.94445	755
CL	Gostilele	44.50337	26.49703	752
CL	Tudor Vladimirescu	44.43435	27.46417	747
CL	Postăvari	44.3322	26.27232	712
CL	Dâlga	44.44104	27.0725	707
CL	Cucuieți	44.33186	26.39306	701
CL	Plevna	44.36252	26.99235	688
CL	Ștefănești	44.51076	26.73911	686
CL	Florica	44.49322	26.63657	654
CL	Lupșanu	44.38664	26.91205	652
CL	Bogata	44.20643	27.11562	645
CL	Călărașii Vechi	44.27195	27.28797	642
CL	Săndulița	44.42331	26.62949	641
CL	Floroaica	44.35924	27.17929	627
CL	Valea Stânii	44.25139	26.61225	622
CL	Arțari	44.56779	26.66998	596
CL	Valea Popii	44.16023	26.54447	592
CL	Plumbuita	44.4517	26.57528	563
CL	Măriuța	44.53459	26.48092	557
CL	Clătești	44.14088	26.59736	549
CL	Podu Pitarului	44.3385	26.3762	525
CL	Luptători	44.30417	26.80876	518
CL	Sărulești	44.41344	26.65896	506
CL	Gurbănești	44.37834	26.69061	505
CL	Vișinii	44.2972	27.18501	499
CL	Buzoeni	44.41488	26.81026	492
CL	Cândeasca	44.48942	26.44382	488
CL	Satnoeni	44.23491	27.54994	482
CL	Coțofanca	44.37971	26.70971	470
CL	Oltina	44.24299	27.56635	459
CL	Boșneagu	44.2386	26.93141	448
CL	Făurei	44.29217	26.89514	442
CL	Dichiseni	44.22175	27.51032	433
CL	Popești	44.30313	26.39973	429
CL	Înfrățirea	44.40747	26.99063	425
CL	Dănești	44.33325	26.8303	418
CL	Frăsinet	44.31374	26.84406	409
CL	Fântâna Doamnei	44.42643	26.73508	402
CL	Călăreți	44.4853	26.60893	389
CL	Nuci	44.27957	26.41539	370
CL	Gălățui	44.26419	27.11152	366
CL	Ogoru	44.4638	26.9053	366
CL	Solacolu	44.38026	26.55493	330
CL	Frăsinetu de Jos	44.31044	26.82298	326
CL	Vlădiceasca	44.34976	26.79673	316
CL	Bogdana	44.43024	27.13892	304
CL	Șeinoiu	44.44144	26.57681	288
CL	Cojești	44.49761	26.4009	282
CL	Socoalele	44.4785	27.15858	275
CL	Valea Presnei	44.34877	26.7199	226
CL	Satu Nou	44.51866	26.74707	205
CL	Mărculești-Gară	44.42509	27.50455	193
CL	Chirnogi	44.11205	26.57045	192
CL	Chirnogi (Ulmu)	44.2713	26.9193	192
CL	Vlăiculești	44.58502	26.66554	188
CL	Preasna	44.38889	26.67071	179
CL	Preasna Veche	44.38889	26.67071	179
CL	Zimbru	44.31645	26.93558	172
CL	Răzoarele	44.52356	26.67592	163
CL	Podari	44.48887	26.64404	148
CL	Curătești	44.27747	26.83394	128
CL	Paicu	44.45715	26.78977	128
CL	Dârvari	44.47408	26.53764	121
CL	Tămădău Mic	44.45604	26.56781	112
CL	Pelinu	44.46324	27.0098	108
CL	Radu Negru	44.28735	27.35754	87
CL	Săcele	44.43829	26.5894	79
CL	Valea Rusului	44.37488	27.00692	69
CL	Pițigaia	44.35699	26.33882	67
CL	Polcești	44.44146	26.61619	67
CL	Sălcioara	44.2049	26.56471	63
CL	Răsurile	44.54337	26.7621	60
CL	Mataraua	44.55037	26.45728	56
CL	Măgureni	44.41344	26.61959	52
CL	Tăriceni	44.29636	26.82746	46
CL	Ostrovu	44.32939	26.78699	37
CL	Sătucu	44.38335	26.58453	16
CL	Alexandru I. Cuza	44.41823	26.51774	0
CL	Ciulnița-Gară	44.4279	27.34772	0
CL	Codreni	44.39101	26.64874	0
CL	Libertatea	44.26153	27.49995	0
CL	Lunca	44.34201	26.77226	0
CL	Orăști	44.31887	26.28646	0
CL	Stoenești	44.26861	27.36207	0
CL	Valea Seacă	44.41081	26.8977	0
CS	Reșița	45.30497	21.8821	69513
CS	Caransebeș	45.41362	22.22186	24146
CS	Bocșa	45.37701	21.71875	15842
CS	Oțelu Roșu	45.51587	22.35043	9461
CS	Oravița	45.03619	21.68742	9303
CS	Moldova Veche	44.73423	21.62009	8545
CS	Anina	45.08788	21.85113	5744
CS	Băile Herculane	44.86818	22.40851	4433
CS	Moldova Nouă	44.73518	21.66423	3095
CS	Teregova	45.15043	22.28645	2790
CS	Carașova	45.19968	21.86196	2341
CS	Mehadia	44.90411	22.36452	2325
CS	Bozovici	44.93062	22.0	2183
CS	Topleț	44.79826	22.37479	2123
CS	Berzovia	45.39323	21.56251	2092
CS	Dognecea	45.27152	21.75138	1905
CS	Glimboca	45.49015	22.30689	1808
CS	Verendin	45.07703	22.23743	1758
CS	Steierdorf	45.063	21.85315	1741
CS	Târnova	45.33757	22.00158	1731
CS	Obreja	45.47902	22.2586	1727
CS	Măureni	45.4	21.5	1726
CS	Slatina-Timiș	45.25	22.2833	1716
CS	Eftimie Murgu	44.87877	22.09426	1628
CS	Răcășdia	44.99193	21.62131	1566
CS	Rusca Montană	45.56579	22.45992	1506
CS	Borlova	45.36697	22.35013	1410
CS	Câlnic	45.33789	21.85601	1397
CS	Coronini	44.68028	21.68115	1388
CS	Băuțar	45.51949	22.53687	1356
CS	Berzasca	44.64751	21.95089	1328
CS	Sichevița	44.69558	21.84447	1256
CS	Armeniș	45.20968	22.30913	1255
CS	Liubcova	44.65814	21.89507	1214
CS	Rusca	45.1442	22.33775	1191
CS	Ramna	45.43333	21.68333	1137
CS	Bănia	44.87653	22.04215	1134
CS	Măru	45.4752	22.44869	1115
CS	Lăpușnicu Mare	44.89892	21.94333	1093
CS	Pojejena	44.76667	21.58333	1085
CS	Grădinari	45.11861	21.59889	1072
CS	Marga	45.5	22.51667	1072
CS	Ciclova Română	45.00673	21.70044	1037
CS	Domașnea	45.09016	22.33495	1016
CS	Petroșnița	45.32324	22.25663	984
CS	Vermeș	45.51667	21.65	979
CS	Gherteniș	45.43132	21.5816	977
CS	Bucova	45.50798	22.63989	972
CS	Cornuțel	45.43257	22.0924	953
CS	Padina Matei	44.75554	21.75105	951
CS	Vârciorova	45.32764	22.34942	938
CS	Dalboșeț	44.86538	21.95553	937
CS	Șoșdea	45.45366	21.51838	920
CS	Prigor	44.93333	22.11667	919
CS	Ticvaniu Mare	45.13333	21.63333	890
CS	Greoni	45.08725	21.61491	884
CS	Lupac	45.26473	21.81303	884
CS	Clocotici	45.24426	21.83247	873
CS	Mehadica	45.03894	22.26432	870
CS	Zorlențu Mare	45.45	21.95	861
CS	Luncavița	45.08333	22.26667	855
CS	Naidăș	44.88012	21.58904	854
CS	Turnu Ruieni	45.39008	22.33376	825
CS	Fârliug	45.4877	21.84968	823
CS	Fizeș	45.36604	21.59424	822
CS	Iablanița	44.95202	22.31279	816
CS	Plugova	44.96262	22.35649	805
CS	Vărădia	45.08333	21.55	803
CS	Sacu	45.56667	22.11667	794
CS	Petnic	44.9779	22.288	780
CS	Vrani	45.04087	21.49091	755
CS	Iaz	45.46468	22.23197	748
CS	Valea Bolvașnița	44.94614	22.38899	745
CS	Bucoșnița	45.30115	22.26824	741
CS	Văliug	45.22555	22.02912	741
CS	Cornea	45.03333	22.31667	731
CS	Prilipeț	44.93134	22.06369	722
CS	Căvăran	45.54588	22.14921	711
CS	Zăvoi	45.39787	22.51459	710
CS	Doman	45.26582	21.90866	708
CS	Biniș	45.33602	21.6898	704
CS	Ilova	45.27675	22.33917	701
CS	Vălișoara	45.3184	22.2833	701
CS	Socol	44.85	21.38333	686
CS	Globu Craiovei	44.99491	22.27064	685
CS	Păltiniș	45.4333	22.15	666
CS	23 August	45.52344	22.39639	664
CS	Ocna de Fier	45.34184	21.77168	656
CS	Cireșa	45.5258	22.3884	651
CS	Cărbunari	44.84324	21.76844	645
CS	Soceni	45.37225	21.94546	640
CS	Șopotu Vechi	44.86051	21.99175	637
CS	Poiana	45.35236	22.17743	634
CS	Gârbovăț	44.86699	22.00794	618
CS	Brebu	45.4225	21.98971	615
CS	Ezeriș	45.41667	21.88333	615
CS	Ciuchici	44.93333	21.61667	610
CS	Broșteni	45.0437	21.64963	602
CS	Feneș	45.19074	22.34452	599
CS	Zlatița	44.86436	21.4716	595
CS	Gornea	44.6807	21.85519	591
CS	Pătaș	44.95159	22.09935	577
CS	Pecinișca	44.85882	22.40356	575
CS	Voislova	45.52699	22.45875	573
CS	Mercina	45.06066	21.53924	568
CS	Belobreșca	44.7861	21.51117	567
CS	Tirol	45.33126	21.59606	561
CS	Moceriș	44.86924	21.92125	554
CS	Forotic	45.2262	21.56239	553
CS	Goleț	45.28184	22.25428	552
CS	Jupa	45.45913	22.18649	543
CS	Nermed	45.22885	21.86262	535
CS	Valea Timișului	45.34769	22.26365	528
CS	Câmpia	44.86162	21.41434	524
CS	Măcești	44.75461	21.60913	519
CS	Zervești	45.40623	22.29116	517
CS	Zăgujeni	45.48214	22.16152	513
CS	Secu	45.27125	21.97938	512
CS	Țerova	45.30817	21.92431	509
CS	Ciudanovița	45.15	21.78333	503
CS	Lăpușnicel	44.98333	22.23333	503
CS	Bârza	44.80941	22.3858	502
CS	Radimna	44.79761	21.56361	501
CS	Pârvova	45.01297	22.20627	489
CS	Măgura	45.4992	22.41334	488
CS	Rafnic	45.23123	21.78714	486
CS	Borlovenii Vechi	44.95414	22.10784	485
CS	Surducu Mare	45.26702	21.58552	485
CS	Prisian	45.35869	22.24154	481
CS	Doclin	45.29832	21.65065	476
CS	Sasca Montană	44.88351	21.71606	472
CS	Brădișoru de Jos	45.08076	21.71834	469
CS	Bolvașnița	45.34519	22.30899	467
CS	Crușovăț	44.99699	22.32024	464
CS	Tincova	45.5725	22.15225	460
CS	Șușca	44.78512	21.52845	450
CS	Peștere	45.52827	22.18703	448
CS	Vodnic	45.24636	21.79741	434
CS	Var	45.44754	22.30362	429
CS	Ciclova Montană	45.02821	21.7367	420
CS	Delinești	45.38622	22.07149	418
CS	Borlovenii Noi	44.96849	22.14245	413
CS	Secășeni	45.17756	21.69027	413
CS	Vrăniuț	45.00127	21.54326	410
CS	Mal	45.50352	22.3954	398
CS	Sadova Veche	45.24702	22.29806	398
CS	Buchin	45.33781	22.18226	396
CS	Sat Bătrân	45.23419	22.32461	391
CS	Mâtnicu Mare	45.50978	22.11984	390
CS	Cănicea	45.06756	22.3524	386
CS	Valeapai	45.49083	21.72281	383
CS	Zorile	45.49697	22.0611	382
CS	Berliște	44.98025	21.47042	375
CS	Nicolinț	44.95522	21.55411	372
CS	Goruia	45.18586	21.77473	367
CS	Iam	45.00821	21.3963	363
CS	Știnăpari	44.84666	21.73302	363
CS	Copăcele	45.5	22.1	362
CS	Prisaca	45.49987	22.15643	361
CS	Slatina-Nera	44.91397	21.68851	361
CS	Sfânta Elena	44.67851	21.71136	360
CS	Sasca Română	44.8926	21.7224	358
CS	Răchitova	45.05957	21.68048	353
CS	Valea Bistrei	45.52549	22.421	349
CS	Ciuta	45.48065	22.2264	348
CS	Ilidia	44.96949	21.70358	345
CS	Cârnecea	45.20133	21.6323	342
CS	Ticvaniu Mic	45.11497	21.64784	339
CS	Ruschița	45.6338	22.41152	328
CS	Zlagna	45.37808	22.29599	325
CS	Scăiuș	45.5183	21.91872	323
CS	Moniom	45.35067	21.83215	319
CS	Gârnic	44.75223	21.79192	317
CS	Stăncilova	44.82556	21.81428	307
CS	Ersig	45.50129	21.62045	301
CS	Cornereva	45.07509	22.4557	299
CS	Izgar	45.54213	21.60119	286
CS	Lescovița	44.87015	21.54403	285
CS	Șopotu Nou	44.81546	21.86164	285
CS	Gârliște	45.17721	21.81183	283
CS	Divici	44.78268	21.4823	281
CS	Potoc	44.92705	21.72075	280
CS	Apadia	45.38862	22.04749	278
CS	Cornișoru	45.52082	22.5633	275
CS	Valeadeni	45.40058	22.01273	271
CS	Rugi	45.38546	22.13297	270
CS	Maciova	45.52012	22.20274	269
CS	Sadova Nouă	45.2563	22.34278	259
CS	Globurău	45.00524	22.36943	253
CS	Milcoveni	45.00114	21.44786	251
CS	Ohaba-Mâtnic	45.46928	22.07579	242
CS	Iabalcea	45.21768	21.91594	234
CS	Dalci	45.4149	22.31364	232
CS	Remetea-Pogănici	45.51158	21.87532	232
CS	Sălbăgelu Nou	45.56618	22.06142	231
CS	Dezești	45.46891	21.89103	223
CS	Duleu	45.51216	21.77678	218
CS	Pogara de Sus	45.09637	22.41357	217
CS	Bigăr	44.66453	22.10367	216
CS	Bogâltin	45.03865	22.41543	208
CS	Sub Margine	45.20811	22.34676	203
CS	Agadici	45.10731	21.69563	202
CS	Petrilova	44.91887	21.627	193
CS	Moldovița	44.78463	21.71172	191
CS	Ciortea	45.03015	21.44615	189
CS	Putna	44.93622	22.17489	183
CS	Socolari	44.94303	21.7262	168
CS	Jitin	45.14852	21.72845	154
CS	Topla	45.05492	22.45984	154
CS	Zorlencior	45.47582	22.00685	154
CS	Bojia	45.1065	22.4147	153
CS	Răchita	44.77715	21.845	151
CS	Zbegu	45.0926	22.4124	150
CS	Giurgiova	45.18437	21.71766	140
CS	Cozia	45.11921	22.44122	137
CS	Valea Mare	45.5043	21.80378	137
CS	Zănogi	45.08973	22.46503	131
CS	Iertof	45.01026	21.51311	126
CS	Ruginosu	45.45939	22.11234	125
CS	Bogodinț	44.89753	21.66091	122
CS	Zmogotin	45.09949	22.47125	117
CS	Camena	45.11234	22.47446	111
CS	Calina	45.22946	21.69906	104
CS	Ohabița	45.38594	22.0972	101
CS	Brezon	45.24323	21.5786	96
CS	Negiudin	45.0591	22.3985	94
CS	Sub Plai	45.0693	22.4639	94
CS	Valea Răchitei	44.75996	21.87162	91
CS	Rusova Nouă	44.96998	21.51948	90
CS	Ruștin	45.1025	22.4118	90
CS	Hora Mare	45.1154	22.4219	89
CS	Șumița	44.96056	22.18739	89
CS	Gărâna	45.22046	22.09971	88
CS	Ravensca	44.77345	21.91337	88
CS	Izvor	45.0712	22.4052	87
CS	Cozla	44.62927	22.00376	86
CS	Rusova Veche	44.97761	21.50553	85
CS	Lunca Zaicii	45.08724	22.45926	82
CS	Vama Marga	45.52359	22.51261	79
CS	Cârșa Roșie	44.78392	21.81273	67
CS	Pârneaura	44.8633	21.4414	67
CS	Valea Roșie	44.79909	21.8326	62
CS	Baziaș	44.8166	21.38988	61
CS	Lunca Florii	45.0795	22.4697	59
CS	Zoina	45.057	22.4539	59
CS	Poiana Lungă	44.9967	22.44501	57
CS	Studena	45.06413	22.46422	56
CS	Obița	45.1385	22.4278	55
CS	Gruni	45.10963	22.4222	54
CS	Cârșie	44.72923	21.80979	49
CS	Cracu Teiului	45.02582	22.41224	49
CS	Poiana Mărului	45.39956	22.54217	47
CS	Pogara	45.04494	22.40722	45
CS	Strugasca	45.0961	22.4478	45
CS	Zănou	44.73557	21.83572	45
CS	Poienile Boinei	44.78624	21.86182	44
CS	Urcu	44.8054	21.83903	44
CS	Crușovița	44.68188	21.80994	41
CS	Bărbosu	45.4625	21.73806	40
CS	Cireșel	45.0704	22.4169	40
CS	Valea Ravensca	44.71837	21.85187	39
CS	Dolina	45.07814	22.44988	36
CS	Valea Sicheviței	44.71033	21.86174	36
CS	Hora Mică	45.1107	22.4129	35
CS	Arsuri	45.12045	22.42927	34
CS	Mesteacăn	45.03686	22.38393	34
CS	Cicleni	45.42789	22.30753	33
CS	Marila	45.06154	21.77791	33
CS	Borugi	45.0505	22.3951	32
CS	Brebu Nou	45.23008	22.13708	31
CS	Țațu	45.04379	22.57564	31
CS	Zăsloane	44.70721	21.83339	31
CS	Prisacina	45.01566	22.48517	30
CS	Costiș	45.0221	22.3978	29
CS	Sub Crâng	45.10118	22.46755	29
CS	Cracu Mare	45.00831	22.5221	25
CS	Liborajdea	44.67693	21.76797	25
CS	Bârz	44.84126	21.91651	24
CS	Dobraia	44.99949	22.47595	23
CS	Boina	44.82031	21.89055	19
CS	Martinovăț	44.70217	21.77818	19
CS	Reșița Mică	44.85587	21.94376	19
CS	Scărișoara	45.02983	22.5469	19
CS	Driștie	44.83682	21.85376	18
CS	Brestelnic	44.70604	21.88914	16
CS	Lucacevăț	44.69179	21.7907	16
CS	Cracu Almăj	44.738	21.8507	15
CS	Ineleț	45.01866	22.53577	15
CS	Frăsiniș	44.72645	21.77358	13
CS	Poneasca	45.0117	21.95927	13
CS	Camenița	44.71685	21.82616	11
CS	Curmătura	44.72154	21.80272	11
CS	Ogașu Podului	44.6962	21.8702	7
CS	Plopu	45.23387	22.40693	6
CS	Valea Minișului	45.01933	21.90317	6
CS	Valea Orevița	44.69385	21.91654	6
CS	Drencova	44.63833	21.97388	4
CS	Streneac	44.6993	21.75461	3
CS	Boinița	44.83396	21.89379	0
CS	Bratova	45.32647	21.93582	0
CS	Comorâște	45.18105	21.56142	0
CS	Constantin Daicoviciu	45.54588	22.14921	0
CS	Cuptoare (Cornea)	45.01095	22.30589	0
CS	Cuptoare (Reșița)	45.26264	21.96414	0
CS	Lindenfeld	45.31374	22.10987	0
CS	Macoviște (Ciuchici)	44.93843	21.65433	0
CS	Macoviște (Cornea)	45.02892	22.33171	0
CS	Preveciori	45.5759	22.5582	0
CS	Prislop (Cornereva)	45.108	22.4535	0
CS	Prislop (Dalboșeț)	44.83355	21.92761	0
CT	Constanța	44.1598	28.63481	278742
CT	Medgidia	44.24163	28.27773	38016
CT	Mangalia	43.81524	28.57415	34705
CT	Năvodari	44.34105	28.64554	31510
CT	Cernavodă	44.33754	28.04926	17022
CT	Valu lui Traian	44.16383	28.46479	12376
CT	Cumpăna	44.11219	28.51803	12333
CT	Ovidiu	44.25763	28.55861	11892
CT	Hârșova	44.68935	27.94566	9254
CT	Murfatlar	44.17355	28.41055	9144
CT	Mihail Kogălniceanu	44.37014	28.46527	8319
CT	Lumina	44.29134	28.56278	7800
CT	Techirghiol	44.05548	28.58989	7292
CT	Tuzla	44.00284	28.63767	6711
CT	Cobadin	44.06527	28.23327	6483
CT	Eforie Nord	44.06394	28.63153	5188
CT	Palazu Mare	44.22691	28.59833	4998
CT	Corbu	44.40969	28.65929	4908
CT	Agigea	44.09474	28.63679	4853
CT	Poarta Albă	44.20622	28.39529	4637
CT	Eforie Sud	44.02584	28.64863	4285
CT	Negru Vodă	43.81559	28.21762	4168
CT	Cuza Vodă	44.2863	28.30561	3586
CT	Băneasa	44.06498	27.69832	3321
CT	Topraisar	44.0168	28.45891	3238
CT	Cogealac	44.61594	28.46237	3081
CT	Nicolae Bălcescu	44.38564	28.38035	3066
CT	Limanu	43.79857	28.53588	2990
CT	Castelu	44.25737	28.33921	2952
CT	Pecineaga	43.8974	28.49855	2936
CT	Ciobanu	44.72052	28.03574	2907
CT	23 August	43.91815	28.58563	2849
CT	2 Mai	43.78708	28.57361	2848
CT	Ostrov	44.10569	27.3778	2666
CT	Rasova	44.23971	27.94118	2558
CT	Săcele	44.48533	28.64783	2042
CT	Ghindărești	44.62109	28.05183	1973
CT	Mircea Vodă	44.28073	28.17829	1922
CT	Satu Nou (Mircea Vodă)	44.26895	28.22222	1922
CT	Nisipari	44.25706	28.3956	1904
CT	Mihai Viteazu	44.6449	28.67863	1799
CT	Chirnogeni	43.89718	28.22525	1789
CT	Ciocârlia	44.10306	28.28599	1771
CT	Peștera	44.17861	28.13346	1725
CT	Oltina	44.17259	27.67019	1700
CT	Satu Nou (Oltina)	44.16079	27.60202	1700
CT	Dorobanțu	44.41035	28.32573	1691
CT	Topalu	44.54857	28.08008	1654
CT	Tortoman	44.34359	28.2498	1646
CT	Gârliciu	44.77802	28.09297	1619
CT	Lazu	44.11484	28.60399	1613
CT	Fântânele	44.61231	28.5773	1585
CT	Viișoara	44.07808	28.19473	1492
CT	Schitu	43.94141	28.62717	1490
CT	Mamaia-Sat	44.30967	28.6235	1471
CT	Dunăreni	44.21037	27.78985	1465
CT	Ciocârlia de Sus	44.11552	28.33168	1449
CT	Sinoie	44.62823	28.73034	1445
CT	Valea Dacilor	44.19506	28.31246	1415
CT	Dulcești	43.90556	28.5457	1398
CT	Costinești	43.95095	28.60123	1376
CT	Amzacea	43.95673	28.39786	1369
CT	Istria	44.57044	28.71224	1343
CT	Albești	43.80142	28.43457	1294
CT	Mereni	44.03322	28.37991	1283
CT	Piatra	44.40163	28.56062	1283
CT	Făurei	44.04091	27.69731	1276
CT	Târgușor	44.4615	28.41355	1271
CT	Independența	43.95026	28.082	1270
CT	Moșneni	43.93338	28.52962	1236
CT	Cochirleni	44.27892	27.99893	1204
CT	Plopeni	43.94996	28.19378	1178
CT	Adamclisi	44.086	27.95646	1113
CT	Nuntași	44.53703	28.65105	1100
CT	Bărăganu	44.0755	28.3974	1078
CT	Tariverde	44.56253	28.59893	1075
CT	Siminoc	44.17002	28.35012	1072
CT	Cotu Văii	43.82488	28.34769	1067
CT	Culmea	44.25662	28.46611	1059
CT	Crucea	44.53528	28.23246	1056
CT	Movilița	44.04782	28.50874	1010
CT	Viile	44.16117	27.75601	1000
CT	Neptun	43.86487	28.60008	999
CT	Lipnița	44.09185	27.60154	986
CT	Dobromir	43.99764	27.80103	966
CT	General Scărișoreanu	43.95502	28.30354	932
CT	Comana	43.8979	28.31422	918
CT	Lanurile	44.06845	28.37767	913
CT	Poiana	44.22265	28.50431	896
CT	Pietreni	44.09604	28.06735	845
CT	Almălău	44.08312	27.33661	827
CT	Seimenii Mici	44.37132	28.06711	823
CT	Făclia	44.28039	28.10526	816
CT	Saligny	44.28541	28.08643	796
CT	Văleni	44.01913	27.87358	783
CT	Coslugea	44.11489	27.56995	774
CT	Galița	44.09941	27.49222	773
CT	Biruința	43.99013	28.50258	765
CT	Țepeș Vodă	44.44519	28.23325	765
CT	Aliman	44.19161	27.81409	745
CT	Saraiu	44.72133	28.15483	744
CT	Negureni	44.09719	27.75052	735
CT	Oituz	44.32657	28.51564	715
CT	Movila Verde	43.96496	28.13773	711
CT	Dunărea	44.44001	28.12226	702
CT	Grădina	44.55594	28.43417	697
CT	Pantelimon	44.54931	28.32903	694
CT	Horia	44.63318	28.12371	684
CT	Vadu	44.44896	28.73504	684
CT	Arsa	43.83872	28.46499	678
CT	Izvoru Mare	44.15204	28.16338	665
CT	Răzoarele	44.10586	27.67991	654
CT	Darabani	43.78791	28.2978	650
CT	Stupina	44.56053	28.18023	635
CT	Tătaru	43.88069	28.35984	626
CT	Vulturu	44.64882	28.27094	625
CT	Osmancea	44.01453	28.32549	624
CT	Zorile	44.07362	27.93331	623
CT	Siliștea	44.40043	28.17711	608
CT	Râmnicu de Jos	44.62992	28.45705	607
CT	Ion Corvin	44.11215	27.8062	575
CT	Nazarcea	44.2278	28.43487	571
CT	Șipotele	44.04663	27.96066	566
CT	Petroșani	44.01653	28.05068	563
CT	Lespezi	44.02186	27.83059	547
CT	Ștefan cel Mare	44.30232	28.07423	546
CT	Vlahii	44.20407	27.86531	544
CT	Cerchezu	43.84387	28.08422	525
CT	Canlia	44.12411	27.52987	521
CT	Potârnichea	44.06977	28.47802	520
CT	Dulgheru	44.70312	28.24149	515
CT	Seimeni	44.39323	28.07128	498
CT	Viroaga	43.87072	28.08495	489
CT	Ivrinezu Mare	44.23237	28.06206	486
CT	Carvăn	44.03804	27.56713	466
CT	Dumbrăveni	43.93229	27.98295	462
CT	Sanatoriul Agigea	44.10741	28.63695	442
CT	Sibioara	44.36259	28.55278	433
CT	Băltăgești	44.4848	28.19252	428
CT	Negrești	43.99959	28.13272	418
CT	Olteni	43.91551	28.02296	416
CT	Runcu	44.60002	28.32659	415
CT	Deleni	44.09283	28.00979	414
CT	Casicea	43.96507	28.26617	411
CT	Ivrinezu Mic	44.22853	28.04388	410
CT	Urluia	44.10503	27.91261	393
CT	Vadu Oii	44.74165	27.8853	388
CT	Conacu	43.9915	28.17217	382
CT	Olimp	43.88278	28.60451	381
CT	Palazu Mic	44.44349	28.53066	376
CT	Dobromiru din Deal	43.99323	27.79439	365
CT	Fântâna Mare	43.98052	28.05629	362
CT	Tufani	43.99186	28.00439	362
CT	Remus Opreanu	44.24107	28.21047	349
CT	Mireasa	44.49185	28.3567	345
CT	Cheia	44.51589	28.4296	340
CT	Gârlița	44.06759	27.46307	335
CT	Crișan	44.60373	28.17768	324
CT	Tichilești	44.60204	28.09044	321
CT	Credința	43.97863	28.23861	316
CT	Miorița	44.68131	28.07945	316
CT	Ciobănița	44.01173	28.27622	296
CT	Gălbiori	44.49233	28.2575	290
CT	Vama Veche	43.75292	28.57255	282
CT	Esechioi	44.03433	27.42059	281
CT	Rariștea	44.07522	27.80117	281
CT	Căscioarele	43.85781	28.1011	277
CT	Vâlcelele	43.78361	28.34117	270
CT	Venus	43.85177	28.59385	263
CT	Pelinu	43.92389	28.38244	260
CT	Vârtop	43.81895	28.38337	257
CT	Vânători	43.87833	28.5211	253
CT	Pantelimon de Jos	44.57489	28.38725	232
CT	Cetatea	44.00731	27.88102	225
CT	Șiriu	44.62936	28.18478	212
CT	Cuiugiuc	44.05192	27.52804	209
CT	Nistorești	44.61981	28.37859	204
CT	Bugeac	44.098	27.43125	187
CT	Gura Dobrogei	44.48132	28.52482	155
CT	Hagieni	43.78555	28.47955	150
CT	Pădureni	44.05325	27.86577	145
CT	Coroana	43.76179	28.38565	132
CT	Mamaia	44.2624	28.61875	132
CT	Capidava	44.49678	28.09173	131
CT	Floriile	44.14608	27.83204	122
CT	Crângu	44.09647	27.85157	121
CT	Râmnicu de Sus	44.65414	28.46488	121
CT	Izvoarele	44.16554	27.54128	118
CT	Cloșca	44.66982	28.14356	110
CT	Măgura	43.84586	28.04447	108
CT	Luminița	44.36362	28.63142	97
CT	Goruni	44.04686	27.6111	94
CT	Furnica	43.9611	27.99963	90
CT	Țibrinu	44.33201	28.15846	90
CT	Abrud	44.14579	27.97792	88
CT	Stațiunea Zoologică Marină Agigea	44.08767	28.64225	84
CT	Călugăreni	44.66198	28.37097	63
CT	Traian	44.49119	28.67677	59
CT	Tudor Vladimirescu	44.00146	27.70458	52
CT	Dropia	44.34665	28.30782	51
CT	Hațeg	44.16429	27.95947	33
CT	Miriștea	44.00421	28.3546	24
CT	Stejaru	44.72947	28.22279	23
CT	Veteranu	44.1531	28.12931	21
CT	Brebeni	44.08677	27.78542	19
CT	Casian	44.49749	28.47906	13
CT	Gherghina	44.32142	28.17946	12
CT	Jupiter	43.858	28.60266	11
CT	Strunga	44.12257	27.63967	9
CT	Saturn	43.82991	28.58813	5
CT	Curcani	43.99871	28.09673	4
CT	Aurora	44.22315	28.63137	0
CT	Eforie	44.04911	28.65273	0
CT	Grăniceru	43.79271	28.26397	0
CT	Straja	44.10268	28.45713	0
CV	Sfântu Gheorghe	45.86094	25.78858	54651
CV	Târgu Secuiesc	46.0006	26.13458	16940
CV	Covasna	45.84728	26.17835	9648
CV	Întorsura Buzăului	45.6641	26.01495	5528
CV	Baraolt	46.07539	25.60505	5264
CV	Ghelința	45.94099	26.24229	4600
CV	Zagon	45.77166	26.12425	4007
CV	Turia	46.06435	25.97802	3677
CV	Sita Buzăului	45.64514	26.06668	3502
CV	Zăbala	45.8877	26.18979	3324
CV	Cernat	45.95709	26.03119	3295
CV	Ojdula	45.9805	26.26301	3247
CV	Sânzieni	46.08317	26.11004	2730
CV	Ozun	45.79749	25.85166	2494
CV	Brețcu	46.05299	26.35714	2467
CV	Barcani	45.71247	26.08637	2351
CV	Araci	45.80601	25.65345	2196
CV	Doboșeni	46.12724	25.59335	2001
CV	Lemnia	46.0525	26.26087	1936
CV	Bățanii Mari	46.09009	25.69775	1920
CV	Micfalău	46.06186	25.86227	1805
CV	Bixad	46.10268	25.86749	1799
CV	Hăghig	45.83913	25.58922	1793
CV	Valea Crișului	45.94632	25.75046	1790
CV	Vârghiș	46.14376	25.52156	1647
CV	Lunga	46.02205	26.21863	1551
CV	Boroșneu Mare	45.82111	26.01543	1547
CV	Arcuș	45.90062	25.7767	1519
CV	Belin-Vale	45.93253	25.60965	1489
CV	Reci	45.83982	25.92291	1443
CV	Catalina	45.96615	26.1555	1372
CV	Belin	45.93214	25.64038	1370
CV	Vâlcele	45.8538	25.68408	1347
CV	Poian	46.06969	26.15981	1301
CV	Păpăuți	45.78865	26.14294	1275
CV	Herculian	46.13541	25.70811	1229
CV	Ghidfalău	45.9059	25.84417	1164
CV	Bodoc	45.9781	25.82952	1153
CV	Filia	46.14219	25.61877	1142
CV	Floroaia	45.69779	26.0117	1100
CV	Ilieni	45.79536	25.77136	1098
CV	Valea Mare	45.76918	26.01507	1051
CV	Dobârlău	45.73772	25.88398	1047
CV	Chichiș	45.77078	25.79972	1019
CV	Comandău	45.75665	26.27301	1006
CV	Căpeni	46.04212	25.57919	1000
CV	Petriceni	46.06902	26.08703	962
CV	Dalnic	45.92106	25.9859	956
CV	Aita Mare	45.96706	25.56352	940
CV	Estelnic	46.14264	26.20106	895
CV	Moacșa	45.87156	25.96993	885
CV	Mereni	46.07389	26.23108	878
CV	Racoșul de Sus	46.08028	25.54736	878
CV	Brăduț	46.12896	25.61011	864
CV	Chilieni	45.83599	25.8026	818
CV	Aita Medie	45.97656	25.60875	775
CV	Mărtănuș	46.01985	26.28969	770
CV	Sântionlunca	45.82561	25.87692	768
CV	Olteni	45.97098	25.8458	755
CV	Brădet	45.65468	25.98871	748
CV	Tălișoara	46.10298	25.58822	721
CV	Aita Seacă	46.03879	25.68865	697
CV	Angheluș	45.87665	25.88625	683
CV	Lădăuți	45.72024	26.05978	677
CV	Biborțeni	46.09332	25.65247	672
CV	Sărămaș	45.70468	26.04054	660
CV	Zălan	45.95939	25.81745	645
CV	Mărcușa	45.91914	26.05373	637
CV	Valea Seacă	46.08354	26.12158	628
CV	Leț	45.85475	26.01805	626
CV	Telechia	45.85819	26.04561	615
CV	Mărtineni	45.92214	26.0961	607
CV	Surcea	45.88112	26.07917	605
CV	Brateș	45.83428	26.07065	582
CV	Dobolii de Jos	45.78176	25.75422	564
CV	Crasna	45.58987	26.14002	554
CV	Coșeni	45.81229	25.79574	537
CV	Ariușd	45.77812	25.67465	529
CV	Zăbrătău	45.61749	26.12795	528
CV	Iarăș	45.86887	25.5947	522
CV	Tamașfalău	45.88428	26.11561	519
CV	Băcel	45.75157	25.83725	518
CV	Calnic	45.92976	25.7928	517
CV	Malnaș	46.00775	25.8411	514
CV	Bățanii Mici	46.10391	25.69593	499
CV	Lisnău	45.77525	25.89634	475
CV	Belani	46.08374	26.18583	467
CV	Chiuruș	45.82209	26.15156	466
CV	Hătuica	45.94027	26.12602	457
CV	Boroșneu Mic	45.78433	26.01275	452
CV	Lutoasa	46.09089	26.22952	446
CV	Zoltan	45.9226	25.8513	445
CV	Aninoasa	45.81406	25.96626	443
CV	Micloșoara	46.0089	25.58252	442
CV	Malnaș-Băi	46.03359	25.82376	434
CV	Mărcuș	45.72014	25.8599	422
CV	Bodoș	46.07619	25.66018	416
CV	Albiș	45.9375	26.00195	404
CV	Hetea	45.82467	25.69442	403
CV	Sâncraiu	45.82369	25.76162	374
CV	Fotoș	45.89895	25.86762	368
CV	Bicfalău	45.76326	25.87265	362
CV	Lunca Mărcușului	45.73424	25.85654	358
CV	Alungeni	46.01654	26.0225	350
CV	Pachia	45.82802	26.117	334
CV	Pădureni	45.88392	25.92956	316
CV	Oituz	46.06933	26.38662	313
CV	Valea Dobârlăului	45.72865	25.93436	308
CV	Imeni	45.94283	26.17007	305
CV	Bita	45.8349	25.97449	285
CV	Valea Scurtă	46.10356	26.19619	284
CV	Icafalău	46.0018	26.02024	279
CV	Hilib	45.96936	26.23577	272
CV	Cașinu Mic	46.06168	26.13263	262
CV	Dobolii de Sus	45.78193	26.03557	229
CV	Țufalău	45.83554	26.02651	222
CV	Harale	45.92593	26.20514	215
CV	Scrădoasa	45.72032	26.00758	152
CV	Peteni	45.92146	26.143	149
CV	Lunca Ozunului	45.76781	25.83293	145
CV	Valea Zălanului	46.01107	25.75358	139
CV	Saciova	45.78415	25.95624	133
CV	Măgheruș	45.78645	25.9233	114
CV	Lisnău-Vale	45.76705	25.92753	72
CV	Ozunca-Băi	46.09112	25.79664	58
CV	Valea Mică	45.78049	25.9934	21
CV	Cărpinenii	46.16508	26.19564	3
CV	Bățani	46.09009	25.69775	0
CV	Merișor	45.63503	26.08991	0
DB	Târgoviște	44.91182	25.45583	78526
DB	Moreni	44.98204	25.64021	18687
DB	Găești	44.71971	25.31621	13317
DB	Pucioasa	45.07361	25.43404	11009
DB	Titu	44.65957	25.56904	7063
DB	Fieni	45.12791	25.41521	6203
DB	Băleni-Sârbi	44.81958	25.64458	4707
DB	Șotânga	44.98498	25.38305	4654
DB	Doicești	44.99564	25.40097	4584
DB	Ocnița	44.98948	25.55727	4325
DB	Răzvad	44.93572	25.52739	4266
DB	Românești	44.56264	25.62358	4198
DB	Lungulețu	44.60272	25.66206	4188
DB	Bucșani	44.86321	25.65914	3667
DB	Dărmănești	44.916	25.7692	3664
DB	Băleni-Români	44.8164	25.66299	3661
DB	I. L. Caragiale	44.91161	25.70569	3600
DB	Comișani	44.86534	25.56746	3480
DB	Poiana	44.56395	25.67865	3465
DB	Gura Șuții	44.75907	25.49904	3390
DB	Bezdead	45.15309	25.5294	3381
DB	Ghirdoveni	44.94062	25.6729	3317
DB	Văcărești	44.85191	25.49129	3173
DB	Brănești	45.04076	25.4204	3171
DB	Gura Ocniței	44.94101	25.56762	3160
DB	Iazu	44.72176	25.82947	3025
DB	Picior de Munte	44.78128	25.39007	2985
DB	Braniștea	44.68269	25.57564	2978
DB	Fântânele	44.71226	25.87888	2934
DB	Crevedia	44.60197	25.91044	2925
DB	Vișina	44.56327	25.34194	2889
DB	Vlădeni	44.87619	25.77534	2807
DB	Potlogi	44.56067	25.59069	2778
DB	Perșinari	44.79611	25.49937	2750
DB	Niculești	44.68042	25.94375	2553
DB	Lucieni	44.84888	25.44593	2544
DB	Vulcana-Pandele	45.01792	25.39089	2533
DB	Decindeni	44.91253	25.32218	2502
DB	Morteni	44.66516	25.23379	2498
DB	Teiș	44.95895	25.40902	2489
DB	Viforâta	44.95304	25.45997	2474
DB	Văleni-Dâmbovița	45.16318	25.17098	2435
DB	Brezoaia	44.56337	25.76402	2425
DB	Drăgăești-Pământeni	44.94182	25.30321	2413
DB	Aninoasa	44.97213	25.43716	2347
DB	Cojasca	44.71548	25.86051	2317
DB	Tărtășești	44.57132	25.8281	2305
DB	Ciocănești	44.60317	25.8648	2245
DB	Răcari	44.62401	25.74281	2244
DB	Slobozia Moară	44.59769	25.7291	2165
DB	Costeștii din Vale	44.65556	25.50314	2164
DB	Nucet	44.77374	25.54902	2162
DB	Pietroșița	45.18498	25.43222	2159
DB	Gheboaia	44.80075	25.75633	2128
DB	Dragomirești	44.91485	25.34382	2122
DB	Dârza	44.60229	25.94977	2082
DB	Grozăvești	44.56781	25.45241	2079
DB	Răscăeți	44.59194	25.27268	2078
DB	Speriețeni	44.7622	25.44957	2072
DB	Bâldana	44.6061	25.77611	2047
DB	Râncăciov	44.88557	25.36275	1996
DB	Lazuri	44.87816	25.54754	1920
DB	Dobra	44.78061	25.72421	1845
DB	Produlești	44.70949	25.50999	1830
DB	Săcueni	44.91068	25.56985	1830
DB	Adânca	44.92068	25.61363	1826
DB	Buciumeni	45.16529	25.47823	1820
DB	Cornești	44.76976	25.88186	1814
DB	Mărcești	44.80434	25.70801	1812
DB	Butimanu	44.69271	25.89314	1788
DB	Ionești	44.68657	25.29455	1773
DB	Glod	45.2404	25.44863	1723
DB	Mogoșani	44.67732	25.38054	1714
DB	Corbii Mari	44.54227	25.49764	1708
DB	Voinești	45.0677	25.24879	1677
DB	Căprioru	44.98225	25.27916	1666
DB	Odobești	44.61337	25.55587	1663
DB	Fierbinți	44.50839	25.28809	1648
DB	Brezoaele	44.56518	25.74633	1587
DB	Bălteni	44.6628	25.69457	1585
DB	Raciu	44.81286	25.45505	1566
DB	Gheboieni	44.98864	25.30467	1563
DB	Iedera de Sus	45.04127	25.62941	1534
DB	Iedera de Jos	45.01787	25.64128	1533
DB	Săteni	44.97262	25.41421	1523
DB	Gulia	44.54697	25.87262	1522
DB	Moțăieni	45.09884	25.41694	1512
DB	Moroeni	45.22579	25.43176	1506
DB	Crovu	44.58991	25.53539	1479
DB	Conțești	44.68401	25.63715	1466
DB	Ciocănari	44.69596	25.9765	1461
DB	Dealu Mare	45.16389	25.44746	1458
DB	Vulcana-Băi	45.08748	25.36509	1455
DB	Hăbeni	44.85676	25.62658	1439
DB	Vulcana de Sus	45.1051	25.34856	1431
DB	Bungetu	44.85179	25.52818	1407
DB	Gura Vulcanei	45.03013	25.38394	1402
DB	Cazaci	44.80316	25.55282	1396
DB	Dragodana	44.74829	25.39366	1373
DB	Viișoara	44.88085	25.42441	1370
DB	Glodeni	45.02127	25.46049	1366
DB	Glodeni (Pucioasa)	45.06391	25.45123	1366
DB	Drăgăești-Ungureni	44.95474	25.31154	1362
DB	Serdanu	44.62536	25.62943	1353
DB	Mănești	44.96492	25.2842	1352
DB	Ungureni (Butimanu)	44.67718	25.91127	1315
DB	Ungureni (Corbii Mari)	44.57474	25.51122	1315
DB	Ungureni (Cornești)	44.78698	25.90543	1315
DB	Ungureni (Dragomirești)	44.87191	25.3916	1315
DB	Pucheni	45.18613	25.27465	1313
DB	Pucheni (Moroeni)	45.18613	25.27465	1313
DB	Valea Leurzii	45.1611	25.48012	1308
DB	Valea Lungă-Ogrea	45.06128	25.58485	1294
DB	Bărbulețu	45.1305	25.28856	1282
DB	Bilciurești	44.74868	25.79495	1281
DB	Dragodănești	45.05131	25.23918	1274
DB	Racovița	44.84081	25.61811	1263
DB	Potocelu	44.89787	25.24519	1261
DB	Finta Mare	44.79063	25.79055	1252
DB	Ulmi	44.89712	25.49932	1239
DB	Gorgota	44.97468	25.50989	1232
DB	Samurcași	44.58001	25.91444	1229
DB	Dâmbovicioara	44.67905	25.55468	1220
DB	Pietrari	45.09306	25.2942	1191
DB	Vizurești	44.64152	25.8084	1188
DB	Odaia Turcului	44.69639	25.45095	1186
DB	Mărginenii de Sus	44.93184	25.75067	1146
DB	Greci	44.66104	25.33996	1126
DB	Mavrodin	44.64793	25.71528	1125
DB	Gemenea-Brătulești	45.1033	25.22971	1123
DB	Petrești	44.64919	25.3366	1117
DB	Petrești (Corbii Mari)	44.55703	25.44601	1117
DB	Scheiu de Jos	44.93349	25.19918	1110
DB	Ghinești	44.74622	25.55286	1109
DB	Priseaca	44.9205	25.40368	1084
DB	Gura Foii	44.74632	25.2872	1068
DB	Tețcoiu	44.68123	25.43943	1068
DB	Tătărani	45.00097	25.27348	1064
DB	Boteni	44.66473	25.6274	1053
DB	Șelaru	44.47274	25.29862	1031
DB	Sălcuța	44.64562	25.58092	1029
DB	Dealu Frumos	45.18751	25.41109	1011
DB	Mătăsaru	44.70643	25.42949	1011
DB	Râu Alb de Jos	45.13525	25.34486	1008
DB	Urziceanca	44.6305	25.83866	1005
DB	Scheiu de Sus	44.95497	25.19221	997
DB	Toculești	45.02806	25.40053	994
DB	Colacu	44.66742	25.75744	983
DB	Bădeni	45.14607	25.407	977
DB	Costeștii din Deal	44.68258	25.4882	949
DB	Cândești-Vale	45.087	25.21436	942
DB	Postârnacu	44.80564	25.87456	936
DB	Priboiu (Brănești)	45.02555	25.42158	932
DB	Priboiu (Tătărani)	45.02678	25.2589	932
DB	Croitori	44.57479	25.41269	924
DB	Șuța Seacă	44.83035	25.40754	922
DB	Mircea Vodă	44.76735	25.58865	919
DB	Ludești	44.87311	25.24513	915
DB	Runcu	45.1957	25.35026	902
DB	Zăvoiu	44.6624	25.40701	902
DB	Mănăstirea	44.77457	25.33232	898
DB	Mânăstirea	44.77457	25.33232	898
DB	Oncești	45.1106	25.20928	895
DB	Pitaru	44.59365	25.58159	892
DB	Lăculețe	45.02049	25.4324	889
DB	Gușoiu	45.0124	25.45596	881
DB	Vișinești	45.1118	25.5508	880
DB	Ghimpați	44.65626	25.79342	873
DB	Hulubești	44.84384	25.24854	867
DB	Vlăsceni	44.58436	25.59982	865
DB	Malu cu Flori	45.1488	25.20038	859
DB	Ibrianu	44.77559	25.84249	846
DB	Zidurile	44.57925	25.55424	841
DB	Cojocaru	44.69379	25.37874	840
DB	Poroinica	44.6637	25.44309	833
DB	Burduca	44.74264	25.40187	829
DB	Valea Mare	44.78423	25.24171	826
DB	Mărunțișu	44.61802	25.50026	820
DB	Merii	44.69552	25.36103	817
DB	Glogoveanu	44.48474	25.34652	815
DB	Ragu	44.59668	25.41127	806
DB	Siliștea (Raciu)	44.80265	25.45116	789
DB	Siliștea (Runcu)	45.19399	25.37371	789
DB	Butoiu de Jos	44.83461	25.26406	782
DB	Mija	44.91401	25.67765	780
DB	Pătroaia-Vale	44.72763	25.2251	768
DB	Suduleni	45.05085	25.28065	768
DB	Ghergani	44.63825	25.71957	766
DB	Bolovani	44.73005	25.63075	757
DB	Voia	44.74412	25.20489	756
DB	Puntea de Greci	44.6459	25.31017	754
DB	Puțu cu Salcie	44.65315	25.45629	744
DB	Costești	45.15114	25.39614	732
DB	Podu Rizii	44.7072	25.58162	723
DB	Butoiu de Sus	44.85965	25.28383	722
DB	Izvoarele	45.03243	25.28761	714
DB	Manga	45.07786	25.2769	711
DB	Urseiu	45.1309	25.56219	698
DB	Capu Coastei	45.14697	25.22403	697
DB	Măgura (Bezdead)	45.12528	25.47344	684
DB	Măgura (Hulubești)	44.83451	25.23297	684
DB	Valea	45.10993	25.2623	684
DB	Valea Lungă	45.06667	25.58333	684
DB	Valea Mare (Cândești)	45.06326	25.15406	684
DB	Valea Mare (Valea Lungă)	45.06152	25.60469	684
DB	Valea Voievozilor	44.93737	25.48406	684
DB	Brăteștii de Jos	44.82315	25.53395	666
DB	Brâncoveanu	44.60773	25.53304	659
DB	Jugureni	44.61588	25.40826	657
DB	Berevoești	45.11941	25.42475	652
DB	Valea Lungă-Gorgota	45.06386	25.53242	645
DB	Frasinu	44.79366	25.86001	644
DB	Izvoru (Valea Lungă)	45.07597	25.53126	641
DB	Izvoru (Vișina)	44.61005	25.37568	641
DB	Brebu	45.19249	25.33743	638
DB	Mânăstioara	44.60931	25.42811	637
DB	Boboci	44.79938	25.39463	627
DB	Plopu	44.64922	25.52714	623
DB	Cocani	44.62902	25.89573	616
DB	Bechinești	44.79224	25.83514	615
DB	Telești	44.88907	25.22865	610
DB	Suseni-Socetu	44.7604	25.7926	608
DB	Valea Caselor	44.79924	25.24619	589
DB	Micloșanii Mici	45.15339	25.24962	588
DB	Dumbrava	44.8909	25.43689	583
DB	Bujoreanca	44.72907	25.89128	580
DB	Gura Bărbulețului	45.12297	25.30197	579
DB	Uliești	44.58886	25.42606	577
DB	Broșteni (Bezdead)	45.12178	25.45933	573
DB	Broșteni (Produlești)	44.71924	25.50279	573
DB	Broșteni (Vișina)	44.60756	25.34724	573
DB	Crețu	44.62526	25.82969	572
DB	Mogoșești	44.88442	25.40154	566
DB	Decindea	44.60625	25.87754	561
DB	Cucuteni	45.11208	25.39528	557
DB	Râu Alb de Sus	45.15424	25.34623	556
DB	Fusea	44.66323	25.52791	553
DB	Piatra	45.16918	25.39368	548
DB	Bădulești	44.75899	25.27015	545
DB	Mislea	44.8429	25.33107	545
DB	Neajlovu	44.65835	25.26789	544
DB	Colibași	45.03215	25.62067	542
DB	Miulești	44.59995	25.51399	541
DB	Vadu Stanchii	44.52823	25.48425	526
DB	Gherghești	44.68411	25.31541	519
DB	Bela	45.10158	25.43423	518
DB	Săbiești	44.68251	25.7564	507
DB	Satu Nou	44.59592	25.47919	505
DB	Ochiuri	44.96183	25.5455	503
DB	Tomșani	44.63635	25.50613	501
DB	Cetățuia	45.16028	25.2957	500
DB	Ilfoveni	44.82613	25.56164	499
DB	Rățoaia	44.84821	25.68283	495
DB	Diaconești	45.08979	25.45237	490
DB	Schela	45.03011	25.47429	481
DB	Ferestre	45.18368	25.39569	473
DB	Miculești	45.0955	25.4441	464
DB	Frasin-Deal	44.82592	25.32178	461
DB	Matraca	44.89497	25.51873	451
DB	Cricovu Dulce	45.02125	25.62981	443
DB	Șuvița	45.08828	25.50578	440
DB	Ștubeie Tisa	45.06633	25.51422	439
DB	Bărăceni	44.54726	25.45603	438
DB	Bumbuia	44.78513	25.31906	427
DB	Cuza Vodă	44.73763	25.5991	424
DB	Cuparu	44.72255	25.39539	423
DB	Valea lui Dan	45.08385	25.59469	420
DB	Crângurile de Sus	44.76773	25.24357	408
DB	Gherghițești	44.79208	25.33146	400
DB	Pucioasa-Sat	45.06554	25.42344	399
DB	Hanu lui Pală	44.54943	25.38474	393
DB	Hagioaica	44.66743	25.53872	390
DB	Crețulești	44.69367	25.43382	388
DB	Livezile (Glodeni)	45.01462	25.46491	381
DB	Livezile (Valea Mare)	44.77827	25.24867	381
DB	Geangoești	44.89488	25.37838	366
DB	Făgetu	44.75617	25.32652	365
DB	Cornățelu	44.75037	25.66975	357
DB	Crângurile de Jos	44.74964	25.25745	354
DB	Crivățu	44.75591	25.92617	348
DB	Hodărăști	44.75096	25.89297	347
DB	Șipot	45.09862	25.31019	340
DB	Crângași	44.69854	25.63067	334
DB	Valea Lungă-Cricov	45.06763	25.57916	327
DB	Stătești	45.09132	25.49301	325
DB	Coada Izvorului	44.63998	25.36639	321
DB	Străoști	44.73104	25.3492	321
DB	Mesteacăn	45.18596	25.17482	319
DB	Vârfuri	45.10014	25.51612	319
DB	Sultanu	45.11133	25.58666	304
DB	Crăciunești	44.81039	25.34297	300
DB	Șerbăneasa	45.07524	25.5786	298
DB	Lucianca	44.67147	25.89401	295
DB	Bănești	44.73429	25.57304	294
DB	Colanu	44.89372	25.4576	289
DB	Aninoșani	45.06878	25.22837	287
DB	Valea Largă	45.16434	25.25604	281
DB	Catanele	44.75572	25.29706	280
DB	Poienița	44.57956	25.67377	274
DB	Cârlănești	45.10141	25.48989	269
DB	Alunișu	44.72357	25.72973	260
DB	Cobiuța	44.80571	25.3366	259
DB	Costișata	45.17252	25.55779	253
DB	Ulmetu	45.09126	25.48021	250
DB	Podu Cristinii	44.56849	25.6069	248
DB	Miloșari	44.86399	25.23653	244
DB	Gămănești	44.65454	25.71094	241
DB	Pătroaia-Deal	44.71722	25.21432	239
DB	Movila (Niculești)	44.67333	25.97793	236
DB	Movila (Sălcioara)	44.76743	25.57023	236
DB	Blidari	44.81451	25.32554	234
DB	Cândești-Deal	45.05925	25.18435	233
DB	Finta Veche	44.79053	25.82174	230
DB	Cristeasca	44.79258	25.90586	229
DB	Stavropolia	44.64021	25.38883	225
DB	Stănești	44.68591	25.72948	224
DB	Copăceni	45.17149	25.24422	221
DB	Fețeni	44.77514	25.21477	221
DB	Malu Mierii	45.01918	25.47708	218
DB	Pădureni	44.79834	25.37812	217
DB	Udrești	44.88562	25.47472	216
DB	Gârleni	44.80009	25.25571	210
DB	Bălănești	44.68033	25.74748	208
DB	Lăculețe-Gară	45.01585	25.40747	205
DB	Săvești	44.68887	25.61945	200
DB	Potlogeni-Vale	44.72124	25.25482	190
DB	Olteni (Lucieni)	44.84604	25.3962	188
DB	Olteni (Uliești)	44.62772	25.39728	188
DB	Băcești	45.08082	25.5761	186
DB	Căpșuna	44.81939	25.33889	183
DB	Potlogeni-Deal	44.7044	25.25825	181
DB	Sălcioara	44.74432	25.57632	181
DB	Sălcioara (Mătăsaru)	44.63154	25.44346	181
DB	Tunari	45.13067	25.46387	179
DB	Merișoru	45.09582	25.52376	177
DB	Călugăreni (Cobia)	44.79235	25.33558	174
DB	Călugăreni (Conțești)	44.69144	25.69878	174
DB	Mereni (Conțești)	44.69449	25.71438	173
DB	Mereni (Titu)	44.65699	25.57725	173
DB	Chirca	44.68342	25.38342	171
DB	Slobozia	44.72412	25.70687	169
DB	Moara din Groapă	44.5353	25.47264	168
DB	Moșia Mică	45.06975	25.54687	166
DB	Nicolaești	45.08591	25.37435	166
DB	Cătunu (Cornești)	44.74293	25.88518	165
DB	Cătunu (Sălcioara)	44.73736	25.50455	165
DB	Vultureanca	44.60351	25.23929	163
DB	După Deal	45.10963	25.29521	160
DB	Aluniș	45.09251	25.30441	158
DB	Malurile	45.05898	25.47196	152
DB	Saru	44.80468	25.21261	148
DB	Meișoare	45.19786	25.25931	146
DB	Podu Corbencii	44.556	25.52524	139
DB	Rățești	44.75725	25.25399	134
DB	Corni	44.73146	25.68665	132
DB	Dimoiu	44.90346	25.54684	132
DB	Lunca (Moroeni)	45.04733	25.2666	123
DB	Lunca (Voinești)	45.04733	25.2666	123
DB	Micloșanii Mari	45.1635	25.22789	119
DB	Frasin-Vale	44.83181	25.3361	109
DB	Bărbuceanu	44.70497	25.92167	104
DB	Heleșteu	44.67168	25.68074	97
DB	Dospinești	45.10005	25.56605	92
DB	Nisipurile	44.91199	25.5345	79
DB	Vârfureni	45.17884	25.25799	75
DB	Mușcel	45.22723	25.49603	73
DB	Cojoiu	45.10776	25.51554	62
DB	Dobrești	45.2942	25.40753	61
DB	Brădățel	45.186	25.29898	46
DB	Valea Dadei	44.82586	25.27228	46
DB	Oreasca	44.60919	25.63382	45
DB	Moara Nouă	44.71014	25.6029	30
DB	Stratonești	44.82037	25.1998	25
DB	Valea Morii	45.1222	25.4955	16
DB	Băleni	44.81667	25.66667	0
DB	Cândești	45.08333	25.21667	0
DB	Cobia	44.8	25.31667	0
DB	Crângurile	44.74847	25.24668	0
DB	Finta	44.8	25.8	0
DB	Iedera	45.03333	25.61667	0
DB	Mânjina	45.05966	25.2786	0
DB	Râu Alb	45.15	25.35	0
DJ	Craiova	44.33018	23.79488	258340
DJ	Băilești	44.02688	23.3454	16833
DJ	Calafat	43.98975	22.93411	13482
DJ	Dăbuleni	43.80513	24.09263	12182
DJ	Filiași	44.55452	23.52001	12067
DJ	Poiana Mare	43.93333	23.08333	8991
DJ	Segarcea	44.09246	23.74014	7019
DJ	Sadova	43.89983	23.95353	6705
DJ	Moțăței	44.0939	23.20161	5403
DJ	Cetate	44.1053	23.05125	4781
DJ	Mârșani	44.01266	24.01511	4745
DJ	Desa	43.87059	23.03269	4740
DJ	Galicea Mare	44.09161	23.31325	4268
DJ	Cerăt	44.06494	23.6691	4226
DJ	Ciupercenii Noi	43.90768	22.94809	4043
DJ	Podari	44.23795	23.77307	4028
DJ	Călărași	43.79467	24.04264	3942
DJ	Plenița	44.22243	23.18712	3890
DJ	Daneți	43.97748	24.04307	3875
DJ	Unirea	44.15736	23.1754	3814
DJ	Ișalnița	44.39284	23.74204	3770
DJ	Bârca	43.97865	23.63401	3689
DJ	Leu	44.18972	24.0019	3614
DJ	Ostroveni	43.81207	23.89404	3504
DJ	Maglavit	44.02991	23.09569	3472
DJ	Cârcea	44.27011	23.90195	3424
DJ	Rast	43.88928	23.28158	3343
DJ	Coșoveni	44.24828	23.93475	3237
DJ	Valea Stanciului	43.98917	23.80548	3199
DJ	Lipovu	44.1028	23.62844	3075
DJ	Pielești	44.35133	23.96286	2860
DJ	Amărăștii de Jos	43.95523	24.1642	2795
DJ	Goicea	43.9221	23.6176	2760
DJ	Țuglui	44.18705	23.81172	2556
DJ	Urzicuța	44.01235	23.54022	2544
DJ	Bistreț	43.90322	23.49472	2445
DJ	Horezu-Poenari	43.95935	23.86962	2443
DJ	Caraula	44.17796	23.24811	2423
DJ	Ghidici	43.89008	23.19351	2408
DJ	Fratoștița	44.58326	23.55643	2337
DJ	Giurgița	44.01504	23.63274	2328
DJ	Malu Mare	44.254	23.85416	2313
DJ	Ciupercenii Vechi	43.94231	22.8976	2272
DJ	Negoi	43.91647	23.3781	2235
DJ	Breasta	44.34262	23.6886	2231
DJ	Piscu Vechi	43.90089	23.16034	2222
DJ	Apele Vii	44.07442	24.07397	2112
DJ	Giubega	44.12969	23.40494	2036
DJ	Sărata	43.77327	24.03092	2035
DJ	Castranova	44.1233	24.02832	1941
DJ	Ghindeni	44.21106	23.92219	1936
DJ	Predești	44.36105	23.60441	1900
DJ	Brădești	44.48767	23.62585	1804
DJ	Brădeștii Bătrâni	44.49787	23.65436	1804
DJ	Celaru	44.04035	24.12904	1780
DJ	Rojiște	44.03196	23.91735	1778
DJ	Teasc	44.16252	23.868	1716
DJ	Vârtop	44.21214	23.34743	1658
DJ	Siliștea Crucii	44.04468	23.4746	1609
DJ	Coțofenii din Față	44.45559	23.66671	1589
DJ	Argetoaia	44.51752	23.37372	1562
DJ	Lișteava	43.83278	23.91979	1558
DJ	Mofleni	44.30174	23.75865	1547
DJ	Secui	44.19571	23.86023	1537
DJ	Galiciuica	44.10126	23.39137	1512
DJ	Întorsura	44.11498	23.57267	1508
DJ	Bucovăț	44.29466	23.73847	1504
DJ	Preajba	44.26487	23.84611	1467
DJ	Perișor	44.14333	23.48675	1465
DJ	Puțuri	44.13826	24.01003	1453
DJ	Gângiova	43.91367	23.84211	1432
DJ	Cleanov	44.35218	23.20822	1403
DJ	Hunia	44.05489	23.09693	1403
DJ	Prapor	43.94304	24.17554	1389
DJ	Negoiești	44.53325	23.72368	1378
DJ	Cârna	43.88646	23.59927	1363
DJ	Calopăr	44.1655	23.76674	1350
DJ	Măceșu de Sus	43.91664	23.70841	1348
DJ	Bratovoești	44.11838	23.91986	1340
DJ	Ocolna	43.87874	24.13452	1336
DJ	Piscu Sadovei	43.87704	23.93696	1271
DJ	Tunarii Vechi	43.9094	23.11485	1262
DJ	Gighera	43.84792	23.79691	1260
DJ	Popoveni	44.29287	23.78245	1250
DJ	Smârdan	43.93381	22.96326	1231
DJ	Zănoaga	44.15403	24.09675	1210
DJ	Orodel	44.24435	23.24268	1193
DJ	Dioști	44.10684	24.18311	1192
DJ	Dobrotești	43.9609	24.1173	1169
DJ	Răcarii de Sus	44.53545	23.55204	1157
DJ	Salcia	44.48285	23.44676	1145
DJ	Brabeți	43.9615	24.00657	1130
DJ	Radomir	44.12318	24.16422	1123
DJ	Goiești	44.50385	23.75203	1120
DJ	Amărăștii de Sus	43.99284	24.1794	1117
DJ	Scăești	44.46247	23.56287	1117
DJ	Șimnicu de Jos	44.36001	23.81935	1106
DJ	Drănic	44.0484	23.84304	1100
DJ	Răcarii de Jos	44.52316	23.57486	1078
DJ	Catane	43.89233	23.41206	1074
DJ	Boureni	44.01628	23.43342	1073
DJ	Bâlta	44.52961	23.47527	1068
DJ	Afumați	43.98934	23.45225	1062
DJ	Făcăi	44.27582	23.81577	1050
DJ	Fântânele (Radovan)	44.19312	23.59937	1048
DJ	Radovan	44.16096	23.60546	1048
DJ	Comoșteni	43.87462	23.86103	1046
DJ	Basarabi	44.00645	23.00829	1043
DJ	Coțofenii din Dos	44.40661	23.62381	1042
DJ	Valea lui Pătru	44.47201	23.5191	1022
DJ	Măceșu de Jos	43.87764	23.71091	1001
DJ	Tatomirești	44.51565	23.59812	990
DJ	Terpezița	44.2931	23.50437	990
DJ	Piscu Nou	43.92518	23.17569	987
DJ	Nedeia	43.85335	23.77227	985
DJ	Cioroiași	44.08786	23.45328	981
DJ	Seaca de Câmp	43.93278	23.21866	978
DJ	Braniște (Daneți)	43.97897	24.01474	962
DJ	Braniște (Filiași)	44.60343	23.55629	962
DJ	Braniște (Podari)	44.27316	23.79482	962
DJ	Livezi	44.22842	23.78882	945
DJ	Ghercești	44.34616	23.8985	936
DJ	Ghizdăvești	44.05669	24.10461	935
DJ	Izvoare	44.14565	23.29743	924
DJ	Bistrețu Nou	43.89983	23.47163	922
DJ	Bădoși	44.14826	23.88323	890
DJ	Pleșoi	44.35289	23.53049	886
DJ	Zăval	43.84781	23.84099	886
DJ	Padea	44.02	23.86786	882
DJ	Carpen	44.33673	23.25763	851
DJ	Verbița	44.30241	23.16925	837
DJ	Plosca	43.89654	23.55305	831
DJ	Albești	44.37102	23.76941	820
DJ	Botoșești-Paia	44.40474	23.25705	809
DJ	Castrele Traiane	44.22634	23.15191	796
DJ	Mihăița	44.39092	23.66495	776
DJ	Dobridor	44.11944	23.16673	774
DJ	Palilula	44.26992	23.72136	772
DJ	Catanele Noi	43.94414	23.41121	758
DJ	Moțăței-Gară	44.03716	23.19684	758
DJ	Braloștița	44.50201	23.52104	750
DJ	Melinești	44.57972	23.70374	748
DJ	Sărbătoarea	44.29919	23.65423	745
DJ	Ciocănești	44.1604	24.1603	739
DJ	Panaghia	44.17305	23.71039	736
DJ	Câmpeni	44.3667	24.01677	734
DJ	Sălcuța	44.24418	23.43969	712
DJ	Sălcuța (Calopăr)	44.15953	23.70037	712
DJ	Valea Lungului	44.35216	23.66723	681
DJ	Ciutura	44.22598	23.56797	670
DJ	Golfin	44.2913	24.01967	663
DJ	Tâmburești	44.02649	23.93658	643
DJ	Busu	44.45093	23.22282	641
DJ	Marotinu de Jos	44.03081	24.14467	641
DJ	Marotinu de Sus	44.02511	24.08378	640
DJ	Plopșor	44.25024	23.41172	639
DJ	Gubaucea	44.27655	23.34593	634
DJ	Vârvor	44.22461	23.62414	630
DJ	Toceni	43.96515	23.94133	626
DJ	Călugărei	44.29188	23.25225	621
DJ	Milești	44.4513	23.78047	621
DJ	Locusteni	43.97433	23.99764	611
DJ	Golumbu	44.63431	23.75548	609
DJ	Mischii	44.38642	23.85389	608
DJ	Șitoaia	44.41737	23.72448	607
DJ	Balasan	44.02662	23.26278	604
DJ	Soreni	44.05184	24.12631	597
DJ	Fărcaș	44.59538	23.73528	593
DJ	Fântânele (Teslui)	44.20009	24.08854	592
DJ	Teslui	44.2091	24.16478	592
DJ	Brabova	44.34664	23.40839	588
DJ	Moreni	44.08854	23.07451	587
DJ	Murta	43.98401	23.94051	587
DJ	Zvorsca	43.99087	24.17204	586
DJ	Urzica Mare	44.01506	23.59409	584
DJ	Prunet	44.14545	23.91231	572
DJ	Murgași	44.5008	23.86533	565
DJ	Nisipuri	43.97362	24.13055	564
DJ	Popânzălești	44.28291	24.06545	564
DJ	Cernătești	44.44469	23.44892	563
DJ	Cornu	44.23226	23.27644	559
DJ	Robăneștii de Sus	44.31957	23.99908	555
DJ	Golenți	44.01283	23.05742	539
DJ	Mârza	44.19544	23.47765	532
DJ	Țiu	44.44594	23.3786	530
DJ	Almăj	44.4283	23.7024	529
DJ	Căciulătești	43.93684	23.94946	528
DJ	Bogea	44.42829	23.70799	526
DJ	Drăgotești	44.24757	24.07964	523
DJ	Belcinu	44.12892	23.79009	521
DJ	Cornetu	44.43869	23.78522	521
DJ	Viișoara	44.23179	24.11223	521
DJ	Potmelțu	44.41033	23.64846	519
DJ	Cioroiu Nou	44.06351	23.43216	515
DJ	Curmătura	44.00291	23.63869	513
DJ	Georocu Mare	44.11891	23.95562	511
DJ	Dudovicești	44.38017	23.78028	508
DJ	Gura Văii	44.21758	23.79132	508
DJ	Verbicioara	44.28416	23.18672	505
DJ	Covei	43.97581	23.42034	498
DJ	Secu	44.47502	23.29163	496
DJ	Mlecănești	44.37684	23.87248	492
DJ	Schitu	44.50848	23.50527	492
DJ	Preajba de Pădure	44.19557	24.21153	490
DJ	Tunarii Noi	43.93037	23.13459	487
DJ	Rasnicu Oghian	44.44203	23.53389	485
DJ	Sopot	44.41477	23.49159	472
DJ	Izvor	44.42165	23.79073	470
DJ	Balta Verde	44.26196	23.79889	466
DJ	Vela	44.27806	23.41737	464
DJ	Lăcrița Mare	44.29418	23.98488	463
DJ	Velești	44.60703	23.79192	463
DJ	Racovița	44.51967	23.4341	461
DJ	Leordoasa	44.50804	23.41194	453
DJ	Bucovicior	44.29693	23.35246	451
DJ	Amărăști	44.58583	23.72595	450
DJ	Veleni	44.38237	23.28213	449
DJ	Gârlești	44.34951	23.91081	440
DJ	Tencănău	44.22729	23.4841	436
DJ	Seaca de Pădure	44.36748	23.30625	430
DJ	Obedin	44.36505	23.68876	419
DJ	Pietroaia	44.37599	23.50239	416
DJ	Bărboi	44.4458	23.32292	414
DJ	Criva	44.25036	23.63371	412
DJ	Leamna de Sus	44.30187	23.6835	412
DJ	Soceni	44.70211	23.74759	407
DJ	Bodăiești	44.58727	23.68324	398
DJ	Milovan	44.36207	23.56354	397
DJ	Cârligei	44.28379	23.74378	396
DJ	Mălăești	44.46262	23.74283	392
DJ	Dobrești	43.97253	23.94881	387
DJ	Leamna de Jos	44.31166	23.72183	384
DJ	Booveni	44.07813	23.83415	383
DJ	Urdinița	44.38815	23.42399	378
DJ	Leșile	44.42712	23.78249	374
DJ	Foișor	44.10506	23.8626	373
DJ	Domnu Tudor	44.14029	23.31669	372
DJ	Seculești	44.55312	23.88119	368
DJ	Balota de Sus	44.56005	23.79313	357
DJ	Bașcov	44.38961	23.51795	357
DJ	Florești	44.3968	23.79308	357
DJ	Benești	44.25563	24.09246	356
DJ	Corlate	44.17887	23.31688	347
DJ	Săpata	43.88172	23.66489	337
DJ	Robăneștii de Jos	44.31168	24.01542	334
DJ	Răchita de Jos	44.34663	23.40283	331
DJ	Piria	44.50612	23.31379	330
DJ	Ohaba	44.59071	23.66195	326
DJ	Tălpaș	44.6617	23.7477	323
DJ	Căciulatu	44.31405	23.41898	322
DJ	Urieni	44.21734	24.14695	322
DJ	Viișoara-Moșneni	44.23026	24.14077	319
DJ	Ciocanele	44.51168	23.45272	318
DJ	Gabru	44.25716	23.56651	317
DJ	Mogoșești	44.46836	23.76935	317
DJ	Beharca	44.44672	23.68223	315
DJ	Gaia	44.5145	23.84749	315
DJ	Georocel	43.98024	23.95751	315
DJ	Dobromira	44.2619	23.61417	314
DJ	Moșneni	44.45998	23.69946	312
DJ	Bodăieștii de Sus	44.56784	23.64658	307
DJ	Balota de Jos	44.54873	23.81404	303
DJ	Comănicea	44.48433	23.33022	302
DJ	Beloț	44.39404	23.53944	300
DJ	Moflești	44.65211	23.75239	299
DJ	Cornița	44.45222	23.48981	294
DJ	Grecești	44.44635	23.27805	292
DJ	Gogoșu	44.42547	23.36369	285
DJ	Duțulești	44.45948	23.77648	282
DJ	Mărăcinele	44.17583	23.50949	281
DJ	Jiul	44.21682	23.82222	278
DJ	Pisculeț	43.85238	23.14066	277
DJ	Urechești	44.40005	23.84727	277
DJ	Gura Racului	44.5295	23.89965	275
DJ	Fântâni	44.47723	23.76223	272
DJ	Poiana Fântânii	44.51375	23.36722	272
DJ	Lazu	44.29651	23.54159	270
DJ	Teiu	44.25198	23.29157	266
DJ	Vârvoru de Jos	44.22733	23.6006	258
DJ	Smadovicioara de Secu	44.48755	23.26445	252
DJ	Bojoiu	44.30614	24.03758	250
DJ	Românești	44.40056	23.78706	239
DJ	Lipovu de Sus	44.1224	23.6216	238
DJ	Șimnicu de Sus	44.3917	23.79417	238
DJ	Țărțăl	44.19994	24.1136	237
DJ	Bușteni	44.53229	23.83324	235
DJ	Motoci	44.41844	23.84112	234
DJ	Mosna	44.33842	23.37354	231
DJ	Săliște	44.59947	23.86217	228
DJ	Gogoșița	44.3989	23.35462	224
DJ	Preajba de Jos	44.2045	24.19338	222
DJ	Suharu	44.26817	23.38757	219
DJ	Pometești	44.50798	23.73324	218
DJ	Roșieni	44.33514	23.68948	214
DJ	Ștefănel	44.4259	23.40945	214
DJ	Drăgoaia	44.23376	23.52391	207
DJ	Ungureni	44.40036	23.94474	205
DJ	Piorești	44.47728	23.74266	198
DJ	Bulzești	44.51841	23.89873	194
DJ	Gropanele	44.46771	23.2437	190
DJ	Cotu	44.35416	23.69409	188
DJ	Golumbelu	44.62853	23.73728	186
DJ	Godeni	44.54789	23.7375	177
DJ	Sârsca	44.36989	23.54437	174
DJ	Nistoi	44.70043	23.73156	168
DJ	Înfrățirea	44.61591	23.85137	164
DJ	Răchita de Sus	44.36423	23.36628	163
DJ	Brândușa	43.91874	23.56142	158
DJ	Deleni	44.43322	23.79347	158
DJ	Buzduc	44.25662	24.03636	156
DJ	Prejoi	44.57756	23.87422	154
DJ	Picăturile	44.48915	23.88217	152
DJ	Crovna	44.36577	23.6522	151
DJ	Spineni	44.55901	23.72997	151
DJ	Popeasa	44.49604	23.73488	149
DJ	Bujor	44.22662	23.65368	147
DJ	Vladimir	44.50212	23.76266	147
DJ	Valea Muierii de Jos	44.55824	23.67927	146
DJ	Odoleni	44.57361	23.67873	143
DJ	Busulețu	44.46174	23.24459	135
DJ	Băranu	44.49707	23.38528	130
DJ	Lăcrița Mică	44.29633	23.96159	130
DJ	Novac	44.49807	23.37361	124
DJ	Muereni	44.511	23.75552	123
DJ	Geblești	44.33249	23.31394	121
DJ	Uscăci	44.60735	23.58726	119
DJ	Rupturile	44.60407	23.81088	118
DJ	Coșereni	44.19542	24.18521	117
DJ	Știubei	44.32479	23.35529	115
DJ	Plopu-Amărăști	44.60907	23.72578	113
DJ	Stoicești	44.62404	23.87405	110
DJ	Călinești	44.45307	23.87175	106
DJ	Adâncata	44.48308	23.73842	99
DJ	Berbeșu	44.50555	23.36152	99
DJ	Cetățuia (Cioroiași)	44.11052	23.46836	99
DJ	Cetățuia (Vela)	44.11052	23.46836	99
DJ	Malumnic	44.51739	23.31794	95
DJ	Bechet	43.78432	23.95965	92
DJ	Bechet (Orodel)	44.29406	23.29558	92
DJ	Teascu din Deal	44.52403	23.38864	92
DJ	Șumandra	44.46411	23.28871	90
DJ	Frasin	44.35695	23.49231	79
DJ	Țandăra	44.48956	23.73665	78
DJ	Iordăchești	44.50594	23.38227	75
DJ	Bâzdâna	44.14875	23.83587	70
DJ	Cernat	44.40175	23.42003	70
DJ	Luncșoru	44.40544	23.95205	70
DJ	Piscani	44.54261	23.60583	66
DJ	Puținei	44.67609	23.74347	65
DJ	Muierușu	44.56505	23.68852	61
DJ	Ursoaia	44.5331	23.40159	60
DJ	Almăjel	44.55627	23.59351	58
DJ	Meteu	44.53781	23.62776	58
DJ	Bobeanu	44.27301	24.07716	54
DJ	Floran	44.31068	23.43733	54
DJ	Frățila	44.62309	23.85208	53
DJ	Pereni	44.38588	23.56017	47
DJ	Gogoșești	44.45438	23.88507	43
DJ	Filaret	44.00224	23.62245	42
DJ	Jieni	44.37775	23.79818	39
DJ	Ungurenii Mici	44.41512	23.91388	39
DJ	Căruia	44.31689	23.55101	37
DJ	Desnățui	44.26966	23.37087	36
DJ	Grădiștea	44.44971	23.26244	34
DJ	Cârstovani	44.34321	23.57073	33
DJ	Poienile	44.63049	23.83797	24
DJ	Popești	44.57086	23.68708	24
DJ	Segleț	44.26736	23.40671	24
DJ	Ploștina	44.5413	23.70506	23
DJ	Făget	44.33045	23.62221	22
DJ	Voita	44.36426	23.38017	22
DJ	Piscu Lung	44.61837	23.88172	20
DJ	Lânga	44.36117	23.96508	15
DJ	Valea Mare	44.54951	23.69264	8
DJ	Predeștii Mici	44.34372	23.57952	3
DJ	Bucicani	44.33591	23.56111	0
DJ	Caraiman	44.34737	23.38105	0
DJ	Chiașu	43.75901	24.08201	0
DJ	Gruița	44.50902	23.79913	0
DJ	Italieni	44.30296	23.58983	0
DJ	Malaica	44.08976	23.6701	0
DJ	Rasnicu Bătrân	44.42432	23.53704	0
DJ	Robănești	44.3	23.9667	0
DJ	Sfircea	44.48224	23.55034	0
DJ	Târnava	44.17721	23.5476	0
DJ	Valea Fântânilor	44.50062	23.48542	0
DJ	Zlătari	44.45836	23.74701	0
GJ	Târgu Jiu	45.03143	23.26894	77376
GJ	Motru	44.80274	22.97286	15518
GJ	Rovinari	44.9	23.15435	11147
GJ	Bumbești-Jiu	45.17762	23.38562	6377
GJ	Târgu Cărbunești	44.9573	23.50932	4491
GJ	Țicleni	44.88695	23.39755	4414
GJ	Turceni	44.67408	23.3742	4055
GJ	Mătăsari	44.84741	23.09078	3599
GJ	Baia de Fier	45.17532	23.76447	3195
GJ	Florești	44.61881	23.52769	2744
GJ	Novaci	45.17829	23.67209	2697
GJ	Polovragi	45.17799	23.79726	2341
GJ	Ceauru	45.01047	23.19468	2211
GJ	Țânțăreni	44.59486	23.49193	2201
GJ	Peșteana-Jiu	44.8496	23.30352	1979
GJ	Bâlteni	44.86466	23.2791	1853
GJ	Bălești	45.0202	23.21239	1812
GJ	Tismana	45.04993	22.94589	1745
GJ	Albeni	45.02695	23.60209	1726
GJ	Urdari	44.8066	23.28985	1556
GJ	Strâmba-Jiu	44.76171	23.3193	1428
GJ	Pociovaliștea	45.15271	23.64777	1425
GJ	Bengești	45.076	23.58637	1416
GJ	Bengești-Ciocadia	45.06667	23.6	1416
GJ	Poiana	44.65644	23.53432	1368
GJ	Roșia de Amaradia	45.02602	23.7469	1353
GJ	Lelești	45.08646	23.19605	1286
GJ	Turburea	44.70918	23.51668	1244
GJ	Bâlta	45.1172	23.10412	1230
GJ	Cocoreni	44.82078	23.32355	1208
GJ	Telești	44.99204	23.08537	1200
GJ	Drăgotești	44.81639	23.14718	1164
GJ	Tetila	45.12778	23.38779	1160
GJ	Peșteana de Jos	44.83197	23.26872	1114
GJ	Turcinești	45.11723	23.3052	1113
GJ	Bustuchin	44.97088	23.72867	1112
GJ	Cârbești	44.95916	23.21905	1106
GJ	Peștișani	45.07611	23.04849	1102
GJ	Ionești	44.6242	23.427	1090
GJ	Pocruia	45.04219	22.9244	1085
GJ	Runcu	45.16925	23.13166	1085
GJ	Aninoasa	44.75645	23.45114	1075
GJ	Vlăduleni	44.88246	23.24766	1063
GJ	Văleni	44.74264	23.38498	1060
GJ	Dobrița	45.13478	23.16606	1057
GJ	Drăguțești	44.96778	23.21895	1057
GJ	Ploștina	44.82586	22.98782	1036
GJ	Costești	44.7256	23.46083	1033
GJ	Cloșani	45.06857	22.80217	1025
GJ	Moi	44.90159	23.20707	1023
GJ	Pișteștii din Deal	45.02134	23.3899	999
GJ	Godinești	45.01272	22.95916	991
GJ	Motru Sec	45.06159	22.79444	978
GJ	Andreești	44.78258	23.5394	972
GJ	Cărpiniș	45.18881	23.55042	968
GJ	Pojogeni	44.99177	23.48093	937
GJ	Sohodol	45.05706	22.87728	935
GJ	Covrigi	44.73778	23.14882	934
GJ	Slobozia	45.02787	23.23398	930
GJ	Iași-Gorj	44.99271	23.24879	927
GJ	Piscuri	44.76874	23.40008	926
GJ	Poiana-Seciuri	44.99019	23.72485	909
GJ	Săulești	44.8114	23.46888	898
GJ	Fântânele	44.78226	23.30342	896
GJ	Valea	44.73	23.17377	885
GJ	Urechești	44.95968	23.27099	881
GJ	Olari	44.80843	23.32971	870
GJ	Sterpoaia	44.7935	23.43275	864
GJ	Bucșana	45.06407	23.71407	854
GJ	Lupoaia	44.81675	22.96153	836
GJ	Bălcești	45.10567	23.63691	830
GJ	Drăgoeni	45.04196	23.33719	830
GJ	Capu Dealului	44.62835	23.47255	827
GJ	Bumbești-Pițic	45.13461	23.70777	817
GJ	Văgiulești	44.73345	23.10331	811
GJ	Iezureni	45.09793	23.33186	809
GJ	Padeș	45.15551	22.7307	804
GJ	Stoina	44.67866	23.63136	802
GJ	Corobăi	44.79343	23.16014	797
GJ	Valea Mare	45.11225	23.08114	797
GJ	Mușetești	45.14205	23.4615	794
GJ	Cernădia	45.1782	23.71759	789
GJ	Totea	44.86983	23.60051	788
GJ	Cornești	44.99509	23.14594	784
GJ	Ursoaia	44.81218	23.20974	784
GJ	Crasna	45.17703	23.51934	780
GJ	Vierșani	44.8647	23.53118	778
GJ	Budieni	45.0148	23.40022	768
GJ	Costeni	45.01572	22.89271	763
GJ	Sărdănești	44.76387	23.36598	745
GJ	Lihulești	44.97272	23.66133	744
GJ	Bălănești	45.07596	23.42777	741
GJ	Radoși	45.18947	23.59839	734
GJ	Bobu	45.03457	23.5106	719
GJ	Murgești	44.71105	23.3614	719
GJ	Frasin	44.81829	23.533	708
GJ	Piscoiu	44.85448	23.749	700
GJ	Vladimir	44.81142	23.55891	699
GJ	Izvoarele	44.72345	23.39452	698
GJ	Stejari	44.78589	23.69249	698
GJ	Bârsești	45.04789	23.23241	696
GJ	Călugăreni	45.0473	22.82153	696
GJ	Ciocadia	45.12646	23.60964	694
GJ	Curtișoara	45.10351	23.35739	689
GJ	Cărbunești-Sat	44.9449	23.54369	678
GJ	Artanu	44.78956	23.2239	677
GJ	Brădiceni	45.05898	23.07696	677
GJ	Cârligei	45.10768	23.68413	676
GJ	Frâncești	45.08724	23.05983	673
GJ	Tămășești	44.99942	23.19459	673
GJ	Curpen	45.15587	23.25749	669
GJ	Bibești	44.78154	23.49071	665
GJ	Calapăru	44.68287	23.32496	661
GJ	Plopșoru	44.77281	23.37557	661
GJ	Buduhala	44.98913	23.12495	658
GJ	Jupânești	44.90151	23.53411	651
GJ	Bălăcești	44.75444	23.19377	647
GJ	Scoarța	45.02074	23.46655	643
GJ	Seciurile	45.0226	23.73159	642
GJ	Preajba Mare	45.0627	23.34663	641
GJ	Stănești	45.11844	23.24227	639
GJ	Tâlvești	44.94786	23.24024	637
GJ	Miluta	44.70359	23.16882	635
GJ	Ruget	45.01666	23.76422	634
GJ	Câlnicu de Sus	44.96359	23.05179	633
GJ	Obârșia	44.82762	23.7706	629
GJ	Roșiuța	44.85298	22.9811	627
GJ	Groșerea	44.71431	23.48467	626
GJ	Șipotu	44.69308	23.52604	617
GJ	Șomănești	44.95973	23.10733	615
GJ	Poienari	45.1249	23.71822	612
GJ	Târgu Logrești	44.87175	23.70952	603
GJ	Slăvuța	44.70223	23.68294	599
GJ	Roșia-Jiu	44.88969	23.15672	595
GJ	Tălpășești	45.02586	23.16009	592
GJ	Călugăreasa	45.04278	23.6424	591
GJ	Negreni	44.85192	23.63752	586
GJ	Însurăței	44.79187	22.99241	580
GJ	Negomir	44.82551	23.1904	580
GJ	Licurici	44.92247	23.62111	579
GJ	Câlnic	44.96854	23.07468	578
GJ	Celei	45.01041	22.92364	574
GJ	Măiag	44.60201	23.64099	573
GJ	Văcarea	44.96803	23.30068	573
GJ	Hotăroasa	44.82067	23.28141	572
GJ	Menții din Dos	44.69656	23.21019	570
GJ	Samarinești	44.76607	23.04196	570
GJ	Dumbrăveni	45.1483	23.5123	565
GJ	Brădet	44.87069	23.07059	561
GJ	Crușeț	44.63653	23.65907	555
GJ	Hirișești	45.17799	23.64241	553
GJ	Ștefănești	44.97592	23.5566	549
GJ	Romanești	45.00932	23.26306	548
GJ	Slivilești	44.79382	23.09533	544
GJ	Trestioara	44.78046	23.1779	544
GJ	Glogova	44.92751	22.90382	538
GJ	Rasova	45.04289	23.18685	538
GJ	Sâmbotin	45.13669	23.34082	538
GJ	Gornăcel	45.16924	23.3444	535
GJ	Miculești	44.82378	23.04368	535
GJ	Drăgoiești	45.16872	23.50643	534
GJ	Glodeni	45.08395	23.4677	534
GJ	Baloșani	44.72934	23.65699	532
GJ	Olteanu	44.87941	22.91986	525
GJ	Copăcioasa	45.03382	23.42328	523
GJ	Alimpești	45.0908	23.80018	516
GJ	Iliești	44.64332	23.4035	510
GJ	Sârbești	45.1171	23.79299	510
GJ	Bărbătești	44.88841	23.47575	505
GJ	Ohaba-Jiu	44.72102	23.24701	503
GJ	Bulbuceni	44.70747	23.57227	502
GJ	Aninișu din Vale	45.19088	23.56928	501
GJ	Strâmtu	44.77394	23.10255	493
GJ	Cocorova	44.65987	23.56348	489
GJ	Valea Perilor	44.84912	22.91839	483
GJ	Petrești	44.85128	23.50542	480
GJ	Bâltișoara	45.11934	23.11719	479
GJ	Racovița	45.17233	23.83413	479
GJ	Arcani	45.08897	23.13252	477
GJ	Hurezani	44.80381	23.64429	474
GJ	Zorlești	45.08895	23.71318	473
GJ	Valea cu Apă	44.84156	23.25829	472
GJ	Bucureasa	44.99773	23.31689	471
GJ	Cartiu	45.1259	23.31362	469
GJ	Boroșteni	45.09536	23.02743	468
GJ	Ursați	45.0769	23.22915	467
GJ	Barza	44.98054	23.33961	465
GJ	Blahnița de Sus	45.13895	23.5524	463
GJ	Rugi	45.13588	23.2902	462
GJ	Frunza	44.85252	23.6964	458
GJ	Crasna din Deal	45.18119	23.53716	457
GJ	Săcelu	45.0812	23.54838	450
GJ	Prigoria	45.06828	23.68367	444
GJ	Ceplea	44.70633	23.40584	442
GJ	Cătunele	44.8213	22.93878	438
GJ	Valea Viei	44.7391	23.33339	438
GJ	Cojmănești	44.79839	23.11691	436
GJ	Fărcășești	44.87125	23.19134	433
GJ	Ciorari	44.70847	23.62091	432
GJ	Apa Neagră	44.99757	22.86529	430
GJ	Stolojani	45.03616	23.14643	430
GJ	Sura	44.75636	23.15913	422
GJ	Măru	44.90265	23.74234	417
GJ	Valea Pojarului	44.93849	23.7276	416
GJ	Valea Deșului	44.864	23.57379	414
GJ	Gornovița	45.07011	22.96672	411
GJ	Dănești	44.95437	23.35267	410
GJ	Iormănești	44.89728	22.91639	410
GJ	Schela	45.20308	23.29624	410
GJ	Ciuperceni	44.93782	23.00564	407
GJ	Păișani	44.66461	23.64247	407
GJ	Băcești	44.7372	23.67702	405
GJ	Brănești	44.64819	23.45993	404
GJ	Busuioci	44.81751	23.67134	404
GJ	Văieni	45.03538	22.84316	404
GJ	Valea Mânăstirii	44.82038	22.93862	403
GJ	Rădinești	44.78644	23.75695	401
GJ	Vârtopu	44.91144	22.97395	401
GJ	Bolbocești	45.00418	23.58787	396
GJ	Căpreni	44.76058	23.62898	393
GJ	Gureni	45.11203	23.03879	393
GJ	Dâmbova	44.94774	23.20645	388
GJ	Runcurel	44.85942	23.02283	388
GJ	Orzești	45.0493	22.81204	387
GJ	Tehomir	44.80541	23.07825	380
GJ	Bolboși	44.74564	23.22626	379
GJ	Sitești	45.14228	23.67846	379
GJ	Văluța	44.65633	23.69422	378
GJ	Bercești	45.17269	23.70325	377
GJ	Condeiești	44.75743	23.26246	377
GJ	Pârâu de Pripor	44.96321	22.98712	374
GJ	Urda de Sus	44.65399	23.64909	373
GJ	Gârbovu	44.73124	23.34433	371
GJ	Cojani	44.99592	23.5354	370
GJ	Stăncești	45.17529	23.46768	370
GJ	Dolcești	44.81554	23.50341	367
GJ	Lăzărești	45.13127	23.41157	367
GJ	Strâmba-Vulcan	44.90226	23.05182	364
GJ	Croici	44.8316	23.09313	361
GJ	Hălăngești	44.76413	23.76083	358
GJ	Magherești	45.08915	23.52036	358
GJ	Spahii	44.68178	23.53022	358
GJ	Picu	44.58866	23.44463	355
GJ	Șasa	44.98131	23.38159	355
GJ	Floreșteni	44.94552	23.422	354
GJ	Gilortu	44.67149	23.48763	353
GJ	Murgilești	44.74687	23.11198	351
GJ	Socu	44.89187	23.49941	346
GJ	Frătești	45.12595	23.213	345
GJ	Râpa	44.79841	22.94136	345
GJ	Șiacu	44.75713	23.18119	344
GJ	Musculești	44.82963	23.50628	343
GJ	Pleșa	45.17827	23.35975	339
GJ	Isvarna	45.03204	22.90557	338
GJ	Bolboasa	44.74145	23.20591	337
GJ	Mierea	44.6163	23.69842	335
GJ	Răchiți	45.09527	23.14916	334
GJ	Colțești	44.83605	23.68195	332
GJ	Pojaru	44.942	23.6948	331
GJ	Scrada	44.89042	23.65241	330
GJ	Ungureni	44.98956	23.36618	330
GJ	Câmpofeni	45.05563	23.14078	329
GJ	Suseni	45.13977	23.20605	329
GJ	Cornetu	44.73212	23.61629	328
GJ	Satu Nou	44.76641	23.63315	325
GJ	Negoiești	45.03585	23.6628	324
GJ	Cârciu	44.71895	23.08258	319
GJ	Frumușei	44.87738	23.6278	319
GJ	Logrești-Moșteni	44.90445	23.70335	319
GJ	Seaca	44.92914	23.74771	319
GJ	Bobaia	44.75341	23.51868	316
GJ	Topești	45.0812	22.97238	316
GJ	Buzești	45.12407	23.51013	315
GJ	Bibulești	44.81183	23.76424	311
GJ	Ciupercenii de Olteț	45.14132	23.78964	310
GJ	Dobrana	45.05863	23.67142	307
GJ	Botorogi	44.99007	23.28965	306
GJ	Nucetu	44.74821	23.2769	306
GJ	Poienița	45.00304	23.68036	305
GJ	Brebenei	44.65468	23.4497	304
GJ	Boca	44.76459	23.02306	302
GJ	Sănătești	45.11736	23.13802	301
GJ	Brătești	44.7191	23.60865	300
GJ	Gâlcești	44.8567	23.66053	299
GJ	Lazuri	45.02765	23.47726	298
GJ	Gura Șușiței	44.60505	23.4309	297
GJ	Hobița	45.0506	23.05859	297
GJ	Dănciulești	44.73567	23.75646	296
GJ	Fărcășești-Moșneni	44.86992	23.20327	296
GJ	Vâlcele	45.08509	22.98596	293
GJ	Paltinu	44.76764	23.23769	291
GJ	Vânăta	45.04665	22.97298	291
GJ	Grui	45.12264	23.43146	290
GJ	Racoți	44.99115	22.93344	284
GJ	Popești	44.91203	23.70246	283
GJ	Brătuia	44.93166	23.36964	282
GJ	Aninișu din Deal	45.17284	23.60661	279
GJ	Vidin	44.92664	23.5118	279
GJ	Berlești	44.91519	23.6628	276
GJ	Mirosloveni	45.04559	23.60138	276
GJ	Valea Bisericii	44.75847	23.03457	266
GJ	Chiciora	44.62086	23.5743	265
GJ	Deleni	44.78518	23.38066	265
GJ	Corșoru	45.08391	23.79504	264
GJ	Totea de Hurezani	44.85126	23.60685	264
GJ	Peșteana-Vulcan	44.92592	22.97505	262
GJ	Merfulești	44.9475	23.36739	261
GJ	Hăiești	45.0698	23.53845	259
GJ	Urda de Jos	44.62972	23.62597	259
GJ	Jilțu	44.68813	23.37982	258
GJ	Pârâu Viu	44.94687	23.66416	256
GJ	Cursaru	44.67896	23.43065	255
GJ	Pegeni	44.77327	23.6354	255
GJ	Nistorești	45.0818	23.80458	254
GJ	Pinoasa	44.90696	23.09591	253
GJ	Crețești	44.95242	23.43268	252
GJ	Mogoșani	45.05183	23.53318	249
GJ	Baniu	44.73897	23.28573	248
GJ	Miericeaua	44.61807	23.65412	245
GJ	Stroiești	45.06278	23.15139	239
GJ	Pârâu de Vale	44.97844	22.99632	238
GJ	Bârcaciu	45.13789	23.45223	237
GJ	Popești-Stejari	44.82289	23.73347	236
GJ	Călești	45.09567	23.26219	235
GJ	Dealu Pomilor	44.8104	22.98863	235
GJ	Colibași	45.01593	23.52832	234
GJ	Broșteni	44.6899	23.414	232
GJ	Gura-Menți	44.69064	23.24474	232
GJ	Toiaga	44.69268	23.65113	230
GJ	Valea Motrului	44.69718	23.11598	227
GJ	Câlcești	44.97025	22.95394	226
GJ	Steic	44.83469	22.92011	224
GJ	Rasovița	45.0774	23.17514	223
GJ	Țârculești	44.93231	23.34957	222
GJ	Șitoaia	45.0771	23.75869	221
GJ	Găvănești	45.02439	23.13823	219
GJ	Cămuiești	44.94779	22.89771	218
GJ	Orzu	44.7745	23.23706	218
GJ	Rogojel	44.90303	23.13733	217
GJ	Plopu	44.7908	23.60004	216
GJ	Alexeni	45.13229	23.24665	212
GJ	Pieptani	44.93592	23.03478	212
GJ	Leurda	44.80291	23.00085	210
GJ	Scorușu	44.70687	23.33262	210
GJ	Ohaba	45.10297	23.47667	207
GJ	Polata	45.0728	23.24253	207
GJ	Cetatea	44.77586	23.61654	202
GJ	Stăncești-Larga	45.16941	23.48338	201
GJ	Trocani	44.9427	23.37825	200
GJ	Cleșnești	44.90011	22.90158	198
GJ	Slămnești	44.60605	23.68943	196
GJ	Igirosu	44.73538	23.23421	190
GJ	Raci	44.76597	23.25117	190
GJ	Miclosu	44.74219	23.21957	185
GJ	Cerătu de Copăcioasa	45.01105	23.4346	182
GJ	Horezu	45.14766	23.29563	182
GJ	Arsuri	45.15048	23.31691	181
GJ	Hodoreasca	44.93778	23.06062	181
GJ	Purcaru	44.84645	23.46839	180
GJ	Curteana	44.95795	23.44405	179
GJ	Lintea	45.02279	23.4429	177
GJ	Bircii	45.10019	23.59425	176
GJ	Voiteștii din Deal	45.09776	23.44384	173
GJ	Valea Poienii	44.74008	23.0579	171
GJ	Dealu Viilor	44.85004	22.90246	167
GJ	Timișeni	44.87467	23.10938	162
GJ	Zăicoiu	44.74565	23.74315	154
GJ	Voinigești	45.00546	23.24381	145
GJ	Vălari	45.1593	23.23379	137
GJ	Stejerei	44.9309	23.13315	136
GJ	Bârzeiu	44.95413	23.64505	135
GJ	Burlani	45.04374	23.69148	131
GJ	Prunești	45.01656	23.63834	131
GJ	Bădești	44.68791	23.46828	129
GJ	Larga	44.77168	23.06438	129
GJ	Măceșu	44.94143	23.46355	125
GJ	Valea Racilor	44.76837	23.25137	123
GJ	Becheni	45.08018	23.7671	122
GJ	Seuca	45.0097	23.03127	122
GJ	Marinești	44.68679	23.70034	120
GJ	Motorgi	44.9732	23.68866	120
GJ	Petrăchei	44.72348	23.75493	120
GJ	Arjoci	44.97887	22.95379	118
GJ	Brădețel	44.88149	23.03135	118
GJ	Obreja	45.1102	23.2634	118
GJ	Nămete	44.98369	23.70118	115
GJ	Țirioi	44.77984	23.04903	110
GJ	Scurtu	44.9669	23.6317	109
GJ	Aluniș	44.73896	23.64102	108
GJ	Didilești	44.95489	23.03786	105
GJ	Stejaru	45.01609	23.71072	103
GJ	Bălani	45.08251	23.25464	98
GJ	Băzăvani	44.79862	23.02971	98
GJ	Bojinu	44.63582	23.68185	97
GJ	Boboiești	44.94027	22.95649	80
GJ	Broștenii de Sus	44.6687	23.43854	80
GJ	Arpadia	44.63865	23.57394	79
GJ	Mielușei	44.67315	23.66213	79
GJ	Cânepești	45.09911	23.4205	78
GJ	Blahnița de Jos	45.00765	23.52111	76
GJ	Cerna-Sat	45.12736	22.68293	76
GJ	Știucani	44.83488	23.03033	73
GJ	Vaidei	45.16488	23.26148	72
GJ	Pârvulești	45.15574	23.22161	70
GJ	Duculești	44.79113	23.04192	69
GJ	Cionți	44.97547	23.67129	68
GJ	Rătez	44.96209	22.92003	64
GJ	Lupoița	44.84627	22.95498	60
GJ	Măzăroi	45.10143	23.26738	60
GJ	Gămani	45.13752	23.42547	58
GJ	Dealu Viei	45.06844	23.76576	57
GJ	Priporu	44.92902	22.97488	53
GJ	Ulmet	44.68137	23.65668	53
GJ	Câmpu Mare	45.03664	23.5492	52
GJ	Chiliu	44.97768	22.93042	50
GJ	Vâlceaua	44.96274	23.02402	47
GJ	Bârzeiu de Gilort	45.00021	23.59902	40
GJ	Arșeni	45.17664	23.43294	35
GJ	Zorzila	44.94216	22.9823	29
GJ	Blidari	45.11197	23.49771	25
GJ	Valea Mică	44.77619	23.07194	24
GJ	Rogojeni	44.94524	23.5167	23
GJ	Doseni	44.99177	23.57421	18
GJ	Dealu Spirei	44.76881	23.62634	16
GJ	Dealu Leului	44.73353	23.71746	14
GJ	Jeriștea	45.13705	23.53135	12
GJ	Păjiștele	45.14914	23.33459	10
GJ	Bohorel	44.83538	23.16715	9
GJ	Boia	44.92596	23.53754	9
GJ	Pârâu Boia	44.92596	23.53754	9
GJ	Borăscu	44.69335	23.27627	0
GJ	Găleșoaia	44.91927	23.07842	0
GJ	Horăști	44.77545	23.00353	0
GJ	Logrești	44.89375	23.7213	0
GJ	Pârâu	44.68142	23.49534	0
GJ	Voiteștii din Vale	45.08529	23.42738	0
GL	Galați	45.43532	28.00799	249432
GL	Tecuci	45.84909	27.42413	34871
GL	Matca	45.85992	27.55977	11605
GL	Pechea	45.64738	27.78492	10126
GL	Cudalbi	45.76965	27.68946	6319
GL	Toflea	46.06082	27.33458	5801
GL	Tudor Vladimirescu	45.56733	27.64286	4872
GL	Corod	45.89912	27.6257	4729
GL	Ivești	45.68976	27.53544	4571
GL	Independența	45.47241	27.76194	4375
GL	Piscu	45.50196	27.72699	4359
GL	Munteni	45.92607	27.43361	4272
GL	Târgu Bujor	45.87401	27.91623	4121
GL	Tulucești	45.56613	28.0435	4115
GL	Bucești	45.6549	27.53212	3870
GL	Barcea	45.75301	27.46907	3626
GL	Fârțănești	45.78877	27.9908	3622
GL	Slobozia Conachi	45.57549	27.76716	3050
GL	Schela	45.49918	27.82941	3023
GL	Berești	46.10126	27.88457	2916
GL	Frumușița	45.65336	28.06154	2875
GL	Valea Mărului	45.84872	27.68103	2781
GL	Brăhășești	46.04026	27.36938	2637
GL	Drăgănești	45.78562	27.46163	2584
GL	Cuza Vodă	45.5966	27.79355	2580
GL	Smârdan	45.5401	27.9204	2540
GL	Chiraftei	45.77151	28.02675	2491
GL	Grivița	45.7167	27.65	2419
GL	Șendreni	45.41386	27.92106	2405
GL	Umbrărești-Deal	45.70821	27.49889	2367
GL	Hanu Conachi	45.58035	27.60284	2365
GL	Băleni	45.79151	27.82059	2332
GL	Șivița	45.61457	28.05351	2330
GL	Costache Negri	45.70218	27.72233	2287
GL	Vânători	45.51952	27.99804	2271
GL	Malu Alb	45.80512	27.46536	2268
GL	Țepu	45.97066	27.38031	2208
GL	Cuca	45.74796	27.90784	2150
GL	Măstăcani	45.76458	28.0528	2115
GL	Foltești	45.74253	28.05855	2078
GL	Umbrărești	45.7164	27.47231	1920
GL	Umbrărești (Târgu Bujor)	45.84418	27.92221	1920
GL	Tălpigi	46.00877	27.47598	1889
GL	Drăgușeni	45.97861	27.76341	1731
GL	Odaia Manolache	45.54915	27.99217	1658
GL	Fântânele	45.7055	28.00032	1564
GL	Viile	45.80661	27.94292	1562
GL	Gohor	46.06289	27.40116	1556
GL	Negrilești	45.95851	27.49642	1481
GL	Cavadinești	46.0786	27.9993	1424
GL	Rediu	45.64736	27.90114	1387
GL	Smulți	45.93836	27.75026	1342
GL	Cișmele	45.51479	27.92458	1337
GL	Podoleni	45.74776	27.44501	1331
GL	Ungureni	45.91126	27.46594	1307
GL	Ghidigeni	46.02064	27.49458	1303
GL	Suhurlui	45.71368	27.80501	1291
GL	Băneasa	45.94778	27.93378	1287
GL	Suceveni	45.98412	28.02485	1257
GL	Oancea	45.91778	28.10949	1256
GL	Poiana	45.99297	27.25413	1228
GL	Blânzi	45.93191	27.64756	1189
GL	Furcenii Noi	45.81139	27.33751	1187
GL	Cosmești	45.86946	27.31078	1184
GL	Rădești	46.06267	27.80601	1177
GL	Gefu	46.06213	27.49822	1157
GL	Moscu	45.89868	27.92983	1154
GL	Vârlezi	45.90851	27.84407	1151
GL	Bălășești	46.10004	27.67361	1148
GL	Vlădești	45.8358	28.08903	1123
GL	Mândrești	45.87887	27.69812	1113
GL	Nămoloasa-Sat	45.54095	27.57815	1110
GL	Nămoloasa	45.52165	27.6033	1065
GL	Buciumeni	46.00075	27.3036	1031
GL	Ijdileni	45.63511	28.05562	1028
GL	Vasile Alecsandri	45.45395	27.79821	1007
GL	Furcenii Vechi	45.83427	27.32813	981
GL	Stoicani	45.70589	28.07584	979
GL	Izvoarele	45.54443	27.76651	974
GL	Gănești	46.09074	27.98275	973
GL	Balintești	46.02804	27.92247	971
GL	Cosmeștii-Vale	45.86844	27.28494	950
GL	Costi	45.49955	28.02037	935
GL	Mihail Kogălniceanu	45.50126	27.92992	933
GL	Scânteiești	45.67464	28.00084	926
GL	Țigănești	45.90339	27.43701	926
GL	Slobozia Blăneasa	45.93544	27.47656	924
GL	Tămăoani	45.67931	28.07462	897
GL	Nicorești	45.92768	27.29854	891
GL	Fundeanu	45.97744	27.72875	872
GL	Brănești	45.80515	28.08354	854
GL	Crăiești	45.94126	27.80761	850
GL	Fundenii Noi	45.57261	27.54219	838
GL	Cerțești	46.01297	27.63245	828
GL	Măcișeni	45.85454	27.75167	821
GL	Bălăbănești	46.09779	27.72149	810
GL	Salcia	45.69397	27.44073	790
GL	Corni	45.85656	27.78297	787
GL	Cărăpcești	45.96526	27.65753	781
GL	Tătarca	45.59861	28.05107	755
GL	Nărtești	46.01192	27.40441	744
GL	Băltăreți	45.85375	27.32451	732
GL	Torcești	45.69531	27.48959	717
GL	Adam	46.02808	27.73187	710
GL	Cotoroaia	46.04063	27.64474	705
GL	Slivna	46.08505	27.94095	703
GL	Slobozia Corni	45.99036	27.47761	698
GL	Pleșa	46.14108	27.86578	685
GL	Cârlomănești	45.99244	27.58802	676
GL	Negrea	45.53419	27.87055	667
GL	Brătulești	45.94803	27.66447	635
GL	Șerbeștii Vechi	45.42238	27.87879	633
GL	Lungești	46.11051	27.75163	627
GL	Movileni	45.76632	27.37342	603
GL	Movileni (Șendreni)	45.40771	27.96105	603
GL	Bursucani	46.04308	27.77277	588
GL	Fântâni	45.95753	27.29212	583
GL	Ionășești	45.91006	27.28242	566
GL	Rogojeni	45.98077	28.09063	562
GL	Călmățui	45.68232	27.63726	558
GL	Traian	45.42554	27.86731	555
GL	Roșcani	45.9169	28.01622	538
GL	Ciureștii Noi	46.10027	27.63828	530
GL	Căuiești	46.00963	27.70411	527
GL	Berești-Meria	46.08481	27.90286	526
GL	Condrea	45.71051	27.43109	514
GL	Plevna	45.72912	27.84834	504
GL	Priponeștii de Jos	46.07491	27.44903	495
GL	Vădeni	46.06512	28.08389	479
GL	Hănțești	45.96395	27.30703	475
GL	Dobrinești	45.91356	27.31603	468
GL	Lungoci	45.56584	27.52174	466
GL	Nicopole	45.96678	27.71546	458
GL	Urlești	45.89344	27.79162	458
GL	Vișina	45.99771	27.27559	458
GL	Priponești	46.08322	27.43684	450
GL	Tecucelu Sec	45.98361	27.32527	447
GL	Vameș	45.53439	27.70533	387
GL	Gara Berheci	45.97609	27.43368	379
GL	Tăplău	46.03025	27.48481	379
GL	Ciurești	46.07346	27.63736	377
GL	Zărnești	46.01774	27.85179	377
GL	Vizurești	45.96293	27.33084	373
GL	Aldești	46.13295	27.91606	352
GL	Siliștea	45.73371	27.43764	320
GL	Cruceanu	46.09409	27.79932	313
GL	Știețești	46.02979	27.71066	301
GL	Ghinghești	46.01199	27.76616	300
GL	Ireasca	46.04112	27.43057	298
GL	Piscu Corbului	45.95676	27.26028	291
GL	Frunzeasca	45.91711	27.4212	286
GL	Coasta Lupei	45.94133	27.2754	268
GL	Lunca	45.94151	27.88944	256
GL	Comănești	46.09999	27.96734	249
GL	Pupezeni	46.08045	27.68443	240
GL	Gârbovăț	46.02101	27.51786	232
GL	Liești	45.61601	27.54422	232
GL	Liești (Priponești)	46.1054	27.43072	232
GL	Sârbi	45.92883	27.32509	219
GL	Poșta	45.98418	27.44208	216
GL	Cosițeni	46.07314	27.37643	210
GL	Corcioveni	46.06876	27.36357	199
GL	Mălureni	45.93096	27.2709	199
GL	Țepu de Sus	45.98443	27.37175	191
GL	Slobozia Oancea	45.89309	28.1104	185
GL	Puricani	46.11547	27.94064	177
GL	Satu Nou	45.84454	27.31809	162
GL	Prodănești	46.11069	27.95135	124
GL	Gura Gârbovățului	46.02333	27.48177	118
GL	Săseni	46.12427	27.9342	98
GL	Șipote	46.14711	27.90161	86
GL	Grozăvești	45.94222	27.30426	65
GL	Zimbru	46.05488	27.76218	55
GL	Braniștea	45.43662	27.83979	52
GL	Braniștea (Nicorești)	45.94652	27.32734	52
GL	Onciu	46.05536	27.94831	49
GL	Gara Ghidigeni	46.06842	27.48393	45
GL	Lupele	45.66081	27.85512	26
GL	Lozova	45.44877	27.81907	12
GL	Crângeni	45.49391	27.55733	5
GL	Ciorăști	46.11128	27.45767	0
GL	Fundeni	45.57791	27.54874	0
GL	Huștiu	46.1307	27.42258	0
GL	Jorăști	45.98667	27.85977	0
GR	Giurgiu	43.90371	25.96993	61353
GR	Bolintin-Vale	44.44746	25.76467	8334
GR	Mihăilești	44.3214	25.90991	4947
GR	Florești	44.51042	25.69744	4290
GR	Florești-Stoenești	44.51667	25.7	4290
GR	Ogrezeni	44.41168	25.78048	3949
GR	Hotarele	44.17789	26.37488	3939
GR	Vărăști	44.24071	26.26966	3908
GR	Bolintin-Deal	44.4488	25.82024	3854
GR	Cartojani	44.43202	25.4909	3724
GR	Prundu	44.05712	26.25925	3549
GR	Adunații-Copăceni	44.25793	26.04959	3309
GR	Băneasa	44.0478	26.06836	3231
GR	Sfântu Gheorghe (Băneasa)	44.01645	26.03191	3231
GR	Valea Dragului	44.20742	26.29514	3230
GR	Malu Spart	44.44334	25.71034	3200
GR	Vedea	43.78091	25.78565	3108
GR	Săbăreni	44.5074	25.87314	2864
GR	Palanca	44.47432	25.72469	2775
GR	Mârșa	44.36509	25.56569	2742
GR	Cosoba	44.5254	25.80894	2611
GR	Trestieni	44.51028	25.75937	2608
GR	Mihai Bravu	44.1386	26.05678	2586
GR	Frătești	43.99084	25.93188	2549
GR	Ghimpați	44.16787	25.76504	2527
GR	Roata de Jos	44.40654	25.53596	2476
GR	Dobreni	44.25339	26.20823	2409
GR	Slobozia	43.85835	25.9066	2377
GR	Malu	43.82141	25.82868	2376
GR	Găiseni	44.51327	25.63432	2229
GR	Dărăști-Vlașca	44.28876	26.01378	2177
GR	Joița	44.49557	25.85585	2164
GR	Colibași	44.22145	26.18845	2127
GR	Herăști	44.21631	26.35845	2115
GR	Comana	44.17407	26.14188	2113
GR	Gostinari	44.18666	26.22023	2068
GR	Mihai Vodă	44.44206	25.8176	2067
GR	Clejani	44.31527	25.72223	2032
GR	Gostinu	43.99652	26.11842	2032
GR	Remuș	43.94787	25.97842	2020
GR	Buturugeni	44.36668	25.83958	1975
GR	Naipu	44.15448	25.7598	1863
GR	Greaca	44.11029	26.33121	1831
GR	Plopșoru	44.01298	25.98615	1817
GR	Stoenești	44.13768	25.88986	1805
GR	Stoenești (Florești-Stoenești)	44.48837	25.70723	1805
GR	Oinacu	43.94483	26.04082	1758
GR	Hulubești	44.166	25.94441	1751
GR	Vlad Țepeș	44.13516	26.1308	1750
GR	Bâcu	44.47829	25.89156	1700
GR	Crevedia Mare	44.43035	25.6263	1672
GR	Sfântu Gheorghe (Crevedia Mare)	44.43513	25.59612	1672
GR	Pădureni	44.34172	25.80574	1652
GR	Uzunu	44.14198	25.98279	1566
GR	Sadina	44.41991	25.51596	1551
GR	Singureni	44.22292	25.94185	1546
GR	Milcovățu	44.26425	25.70008	1537
GR	Grădiștea	44.21284	26.15863	1515
GR	Toporu	44.01659	25.65383	1491
GR	Isvoarele	44.15053	26.29722	1489
GR	Călugăreni	44.1835	25.99817	1472
GR	Stănești	43.9387	25.86586	1433
GR	Dealu	44.4006	25.64796	1423
GR	Chiriacu	44.05003	25.77803	1419
GR	Răsuceni	44.09039	25.67115	1404
GR	Câmpurelu	44.23517	26.18253	1402
GR	Tântava	44.41577	25.82753	1366
GR	Putineiu	43.93116	25.73604	1332
GR	Izvoarele	43.99429	25.79702	1323
GR	Novaci	44.30066	25.97499	1302
GR	Găujani	43.75476	25.70327	1278
GR	Vânătorii Mari	44.48956	25.53812	1225
GR	Popești	44.30387	25.95679	1191
GR	Pietrele	44.06397	26.11703	1180
GR	Ulmi	44.49897	25.77562	1177
GR	Letca Veche	44.1981	25.6903	1171
GR	Zorile	44.37778	25.80385	1126
GR	Icoana	44.48541	25.74507	1119
GR	Letca Nouă	44.23356	25.73602	1109
GR	Bucșani	44.37622	25.67281	1090
GR	Grădinari	44.39736	25.80924	1086
GR	Daia	43.98722	25.99181	1034
GR	Iepurești	44.25426	25.88339	1032
GR	Cucuruzu	44.07691	25.72721	1031
GR	Poenari	44.47321	25.77014	1024
GR	Pietrișu	43.72604	25.67181	1015
GR	Copaciu	44.18005	25.76524	1013
GR	Braniștea	43.96647	26.03696	1006
GR	Crevedia Mică	44.44299	25.60945	988
GR	Bulbucata	44.27519	25.80708	982
GR	Falaștoaca	44.19452	26.18331	980
GR	Cărpenișu	44.53519	25.63018	964
GR	Hobaia	44.38935	25.77632	957
GR	Brăniștari	44.18149	26.04651	945
GR	Gogoșari	43.86809	25.67527	900
GR	Crivina	44.43067	25.78332	872
GR	Budeni	44.18978	26.11273	864
GR	Izvoru (Gogoșari)	43.88858	25.66065	860
GR	Izvoru (Vânătorii Mici)	44.51271	25.53899	860
GR	Crânguri	44.20496	25.98043	852
GR	Tomulești	43.97926	25.63707	849
GR	Vânătorii Mici	44.49043	25.5602	847
GR	Puieni	44.07673	26.18951	837
GR	Vadu Lat	44.3484	25.67115	821
GR	Stejaru	44.25094	25.93238	793
GR	Cetatea	43.94861	25.95033	792
GR	Poiana lui Stângă	44.50894	25.58565	748
GR	Vieru	43.8878	25.80504	720
GR	Podu Doamnei	44.30655	25.74568	681
GR	Valea Plopilor	44.24106	25.81652	661
GR	Gorneni	44.2826	25.86256	624
GR	Varlaam	44.2454	26.0858	616
GR	Cămineasca	44.16647	25.82144	608
GR	Drăgăneasca	44.53048	25.74199	601
GR	Ghionea	44.48269	25.79968	596
GR	Comasca	43.94936	26.04717	593
GR	Podișor	44.38881	25.71487	572
GR	Vlașin	44.09921	25.86216	572
GR	Mironești	44.17168	26.24624	566
GR	Bălanu	43.91986	25.9185	564
GR	Ghizdaru	43.93086	25.88317	563
GR	Valea Bujorului	44.077	25.83293	557
GR	Roata Mică	44.40067	25.55541	545
GR	Suseni	44.4505	25.69594	523
GR	Frasinu	44.02616	26.02212	521
GR	Găiseanca	44.45639	25.58944	521
GR	Mogoșești	44.24004	26.10771	519
GR	Bila	44.16043	25.84641	512
GR	Cupele	44.50345	25.52628	502
GR	Goleasca	44.35448	25.58443	492
GR	Drăgănescu	44.34382	25.88326	483
GR	Moșteni	44.46173	25.7847	460
GR	Teișori	44.29624	25.8062	443
GR	Oncești	43.95779	25.88247	440
GR	Hodivoaia	43.90152	25.79346	434
GR	Poșta	44.35053	25.87331	419
GR	Crucea de Piatră	44.1584	26.00074	414
GR	Uiești	44.3572	25.61402	405
GR	Sterea	44.32309	25.73557	378
GR	Puțu Greci	44.14092	26.34601	369
GR	Corbeanca	44.47597	25.56666	367
GR	Obedeni	44.35092	25.65042	347
GR	Zboiu	44.12587	26.30779	343
GR	Schitu	44.13394	25.8246	293
GR	Stâlpu	44.26825	25.85348	291
GR	Ianculești	44.14014	25.92503	267
GR	Teiușu	44.16702	26.27757	262
GR	Radu Vodă	44.00524	25.81721	259
GR	Miloșești	44.21106	26.37468	254
GR	Căscioarele (Găiseni)	44.49963	25.63477	233
GR	Căscioarele (Ulmi)	44.51914	25.74561	233
GR	Cetățuia	43.75579	25.74423	220
GR	Zădăriciu	44.47365	25.57893	218
GR	Dimitrie Cantemir	44.02615	25.81635	212
GR	Podu Popa Nae	44.519	25.60787	202
GR	Rălești	43.85513	25.68377	193
GR	Anghelești	44.33821	25.64207	179
GR	Mirău	44.141	25.8661	177
GR	Făcău	44.29292	25.83004	160
GR	Petru Rareș	44.09893	25.79265	160
GR	Drăghiceanu	43.86401	25.67707	155
GR	Priboiu	44.44757	25.58776	154
GR	Satu Nou	44.06156	25.63387	118
GR	Valter Mărăcineanu	44.23504	25.86668	110
GR	Carapancea	44.10086	25.71384	99
GR	Bănești	44.27446	25.88851	94
GR	Chirculești	44.26511	25.92198	74
GR	Podu Ilfovățului	44.32006	25.81669	33
GR	Coteni	44.31192	25.83007	6
GR	Neajlovu	44.31382	25.75366	0
GR	Vâlcelele	44.46734	25.57192	0
HD	Deva	45.86626	22.91437	58860
HD	Hunedoara	45.76781	22.90723	57885
HD	Petroșani	45.40889	23.3754	36506
HD	Lupeni	45.357	23.21322	23390
HD	Vulcan	45.37809	23.28813	22340
HD	Petrila	45.44377	23.40938	20574
HD	Brad	46.13353	22.78842	12430
HD	Dragu-Brad	46.30212	22.86714	12430
HD	Simeria	45.85557	23.01209	10117
HD	Hațeg	45.60688	22.94936	8644
HD	Uricani	45.34009	23.15339	8081
HD	Călan	45.74031	23.00179	8006
HD	Crișcior	46.11711	22.8665	2770
HD	Geoagiu	45.92959	23.20539	2709
HD	Aninoasa	45.3931	23.32531	2663
HD	Iscroni	45.37959	23.33871	1697
HD	Ghelari	45.71658	22.80711	1670
HD	Jiu-Paroșeni	45.36481	23.26344	1652
HD	Ilia	45.9375	22.65845	1622
HD	Dobra	45.90833	22.62222	1497
HD	Certeju de Sus	45.97382	22.9979	1477
HD	Teliucu Inferior	45.71765	22.8873	1295
HD	Cristur	45.82915	22.94202	1292
HD	Șoimuș	45.93347	22.85679	1204
HD	Peștișu Mare	45.80024	22.92515	1144
HD	Baru	45.47106	23.1671	1136
HD	Pricaz	45.85768	23.1725	1077
HD	Căstău	45.81492	23.20855	1068
HD	Mintia	45.9179	22.84748	1045
HD	Romos	45.84041	23.27641	1041
HD	Rapoltu Mare	45.86643	23.07288	920
HD	Vețel	45.8763	22.7478	879
HD	Jieț	45.42637	23.42663	862
HD	Zdrapți	46.15321	22.86823	857
HD	Boșorod	45.68256	23.09151	845
HD	Hărău	45.9061	22.98628	827
HD	Hărțăgani	46.05821	22.94313	815
HD	Clopotiva	45.49561	22.82328	794
HD	Aurel Vlaicu	45.90865	23.27376	789
HD	Luncoiu de Jos	46.0739	22.76126	782
HD	Sântămăria-Orlea	45.57471	22.94861	769
HD	Bănița	45.46995	23.25338	757
HD	Băcia	45.80354	23.00982	743
HD	Petros	45.48299	23.1868	734
HD	Vălișoara	46.04759	22.83275	730
HD	Vălișoara (Balșa)	46.0585	22.99513	730
HD	Tâmpa	45.82322	23.0113	722
HD	Baia de Criș	46.17328	22.71272	703
HD	Valea Bradului	46.15329	22.829	695
HD	Brănișca	45.91734	22.77275	686
HD	Pui	45.51402	23.09392	670
HD	Sântandrei	45.85248	22.96178	670
HD	Beriu	45.78818	23.19326	666
HD	Țebea	46.16562	22.7283	663
HD	Cinciș-Cerna	45.69967	22.8933	659
HD	Zam	46.00086	22.44355	655
HD	Păclișa	45.56307	22.88016	654
HD	Țărățel	46.12244	22.82025	644
HD	Vaidei	45.86789	23.30007	622
HD	Livadia	45.49254	23.13053	609
HD	Sântuhalm	45.85734	22.95065	597
HD	Romoșel	45.80535	23.31136	587
HD	Bretea Mureșană	45.94082	22.71445	585
HD	Bârsău	45.92992	22.96256	562
HD	Bucureșci	46.12723	22.89901	562
HD	Răcăștia	45.76618	22.87356	562
HD	Streisângeorgiu	45.72429	23.02433	558
HD	Chitid	45.70557	23.06546	554
HD	Sarmizegetusa	45.51413	22.78235	549
HD	Târnava de Criș	46.19083	22.6165	545
HD	Ribița	46.18149	22.76363	535
HD	Subcetate	45.60508	22.99898	533
HD	Leșnic	45.91036	22.73741	527
HD	Mesteacăn (Brad)	46.14876	22.74573	526
HD	Mesteacăn (Răchitova)	45.63475	22.74027	526
HD	Vața de Jos	46.17719	22.59748	520
HD	Sălașu de Sus	45.50986	22.95403	510
HD	Lăpușnic	45.91457	22.61843	506
HD	Hondol	45.98926	22.98422	504
HD	Boz	45.94958	22.75033	490
HD	Batiz	45.7796	22.99901	488
HD	Ormindea	46.05628	22.86302	487
HD	Bobâlna	45.87298	23.12435	486
HD	Răchitova	45.6061	22.74645	485
HD	Boș	45.75399	22.83671	477
HD	Turdaș	45.85049	23.13	473
HD	Mihăileni	46.18167	22.88843	472
HD	Șerel	45.48238	23.0471	469
HD	Banpotoc	45.89532	23.01055	465
HD	Lăpugiu de Sus	45.84622	22.47835	463
HD	Galați	45.52296	23.06651	461
HD	Câmpu lui Neag	45.30745	23.01624	454
HD	Gelmar	45.90499	23.2236	454
HD	Costești	45.69477	23.16286	450
HD	Roșcani	45.864	22.56117	444
HD	Valea de Brazi	45.32034	23.08936	437
HD	Cârnești	45.54899	22.86449	434
HD	Crișan	46.17042	22.79839	431
HD	Sârbi	45.96049	22.70715	431
HD	Reea	45.57865	22.90939	430
HD	Ponor	45.50857	23.12527	425
HD	Căinelu de Sus	46.0473	22.8937	421
HD	Ciopeia	45.56123	22.97409	420
HD	Vâlcelele Bune	45.65508	23.05668	419
HD	Luncoiu de Sus	46.07217	22.8114	405
HD	Șesuri	46.10757	22.92361	405
HD	Stănija	46.16882	22.9909	402
HD	Râu de Mori	45.49876	22.85222	399
HD	Gurasada	45.95451	22.59478	395
HD	Bărăștii Hațegului	45.57189	22.94433	394
HD	Geoagiu-Băi	45.9372	23.16396	391
HD	Simeria Veche	45.83396	23.04904	391
HD	Peșteana	45.54797	22.82212	390
HD	Uroi	45.86447	23.03206	388
HD	Băița	46.02983	22.92294	386
HD	Hășdat	45.73563	22.92371	386
HD	Densuș	45.57987	22.78857	382
HD	Rișculița	46.2272	22.71961	379
HD	Silvașu de Jos	45.65225	22.92904	379
HD	Chimindia	45.89276	22.9931	377
HD	Bălata	45.91567	22.93521	375
HD	Totești	45.56869	22.88301	375
HD	Chișcădaga	45.9547	22.86898	367
HD	Ocolișu Mic	45.7104	23.12765	362
HD	Ostrov	45.5279	22.84671	361
HD	Măceu	45.67147	22.97947	360
HD	Vărmaga	45.94426	23.00722	351
HD	Homorod	45.94027	23.24623	349
HD	Câmpuri-Surduc	45.93926	22.55079	345
HD	Visca	46.07567	22.67781	341
HD	Curechiu	46.09935	22.96842	336
HD	Bacea	45.95767	22.66675	335
HD	Silvașu de Sus	45.64741	22.88422	334
HD	Hășdău	45.65629	22.72057	330
HD	Nălațvad	45.5914	22.93436	328
HD	Fizești	45.53625	23.0712	327
HD	Strei	45.7164	22.991	326
HD	Bucium	45.74006	23.18163	325
HD	Balomir	45.58166	23.00089	324
HD	Rușor	45.52765	23.02695	319
HD	Pojoga	45.99257	22.39881	314
HD	Șăulești	45.86458	22.98731	311
HD	Lunca (Baia de Criș)	46.16765	22.67645	310
HD	Lunca (Băița)	45.97445	22.87039	310
HD	Blăjeni	46.2158	22.90576	308
HD	Boholt	45.94905	22.92243	306
HD	Nădăștia de Sus	45.71045	22.93372	298
HD	Trestia	46.02002	22.93376	298
HD	Paroș	45.49731	22.97094	297
HD	Podele	46.06423	22.78943	293
HD	Tarnița	46.18047	23.05468	292
HD	Valea Sângeorgiului	45.74553	23.06238	291
HD	Prăvăleni	46.19441	22.54786	290
HD	Uric	45.46338	23.08387	290
HD	Ohaba-Ponor	45.5212	23.14176	289
HD	Nădăștia de Jos	45.72007	22.95896	288
HD	Mănerău	45.78871	22.88214	286
HD	Birtin	46.17123	22.64122	284
HD	Mihăiești	45.87386	22.5618	284
HD	Nucșoara	45.48092	22.91647	284
HD	Gânțaga	45.63291	23.03497	282
HD	Brazi	45.48771	22.84019	279
HD	Nojag	45.95621	23.00112	278
HD	Păuliș	45.94093	22.86595	278
HD	Săliște	46.03406	22.92077	278
HD	Teliucu Superior	45.70516	22.87613	276
HD	Petreni	45.79203	23.02576	273
HD	Vața de Sus	46.17053	22.56904	273
HD	Peștenița	45.55202	22.80289	271
HD	Ciungani	46.17691	22.50187	270
HD	Plopi	45.63729	23.00263	270
HD	Ruși	45.69608	22.99275	270
HD	Sulighete	45.97676	22.79984	268
HD	Federi	45.53512	23.12899	267
HD	Șteia	46.19748	22.64498	267
HD	Bretea Română	45.66117	23.01628	266
HD	Valea Dâljii	45.5149	22.88481	266
HD	Ludeștii de Jos	45.7106	23.17928	263
HD	Crăciunești	46.01253	22.86816	262
HD	Stejărel	46.07958	22.76412	262
HD	Bârcea Mică	45.8215	22.95458	261
HD	Bretea Streiului	45.66004	23.00108	261
HD	Ociu	46.2116	22.56502	261
HD	Tuștea	45.5999	22.84698	261
HD	Brotuna	46.19566	22.60237	260
HD	Fintoag	45.91257	22.43211	258
HD	Vălioara	45.61626	22.7899	258
HD	Prihodiște (Boșorod)	45.61648	23.20244	256
HD	Prihodiște (Vața de Jos)	46.16573	22.60273	256
HD	Săcel	45.55881	22.92097	255
HD	Sânpetru	45.55352	22.91366	254
HD	Balșa	46.04185	23.05577	251
HD	Dâncu Mare	45.7598	23.1141	251
HD	Gothatea	45.94511	22.60688	251
HD	Sibișel (Beriu)	45.75886	23.24838	251
HD	Sibișel (Râu de Mori)	45.50699	22.90171	251
HD	Dâlja Mare	45.4144	23.33839	247
HD	Sălciva	45.99488	22.41492	247
HD	Bățălar	45.69831	23.01745	246
HD	Meria	45.6673	22.62316	246
HD	Boița	45.61502	22.81058	245
HD	Criș	46.2576	22.8988	245
HD	Grid	45.73311	23.10894	244
HD	Rapolțel	45.88114	23.05962	242
HD	Rișca	46.18884	22.71045	240
HD	Băiești	45.53525	23.01164	239
HD	General Berthelot	45.60787	22.88584	239
HD	Vâlcele	45.67012	23.05334	239
HD	Ocolișu Mare	45.68948	22.94444	236
HD	Brâznic	45.911	22.65056	233
HD	Buceș-Vulcan	46.21897	22.96229	231
HD	Cărpiniș	45.87819	23.03227	231
HD	Basarabasa	46.1916	22.58562	230
HD	Lunca Cernii de Sus	45.63882	22.57778	229
HD	Grohoțele	46.20319	22.99219	224
HD	Renghet	45.95473	23.14061	224
HD	Unciuc	45.54386	22.87999	224
HD	Sălașu de Jos	45.53327	22.97119	223
HD	Bejan	45.94117	22.84995	220
HD	Bejan-Târnăvița	45.93086	22.83649	220
HD	Hățăgel	45.57674	22.83596	220
HD	Pișchinți	45.87635	23.31024	220
HD	Valea Lupului	45.47089	23.12434	217
HD	Săliștioara	46.00375	22.82351	215
HD	Fizeș	45.9964	22.88224	214
HD	Glodghilești	45.97831	22.47701	212
HD	Păucinești	45.50414	22.75608	212
HD	Bucium-Orlea	45.60094	23.00969	211
HD	Teiu	45.89365	22.50252	211
HD	Căzănești	46.14549	22.51106	208
HD	Jeledinți	45.80317	23.07624	208
HD	Sereca	45.78112	23.18244	207
HD	Fornădia	45.96999	22.83801	206
HD	Josani	45.80047	22.85596	204
HD	Cărăstău	46.17421	22.65708	203
HD	Obârșa	46.25479	22.66895	203
HD	Bozeș	45.97528	23.17068	202
HD	Spini	45.83379	23.08803	202
HD	Fărcădin	45.60811	22.86997	201
HD	Ocișor	46.22573	22.56054	201
HD	Târsa	45.63035	23.16675	201
HD	Ștei	45.58043	22.72964	197
HD	Burjuc	45.96965	22.49164	194
HD	Dealu Mare	46.04158	22.78375	192
HD	Pestișu Mic	45.79855	22.88284	191
HD	Lăsău	45.91856	22.49383	190
HD	Râu Mic	45.49125	23.00831	189
HD	Săcămaș	45.92176	22.67094	189
HD	Dupăpiatră	46.19172	23.03731	186
HD	Hobița	45.47034	23.08035	186
HD	Târnăvița	45.94763	22.77155	186
HD	Dumbrava de Jos	46.22552	22.82224	185
HD	Strei-Săcel	45.74499	23.02384	184
HD	Nandru	45.80427	22.82164	183
HD	Râu Alb	45.51915	23.00554	183
HD	Ohaba de sub Piatră	45.5456	22.98921	182
HD	Ruda-Brad	46.0984	22.82105	181
HD	Râu Bărbat	45.48609	23.09093	180
HD	Ciula Mare	45.59407	22.81562	179
HD	Săcărâmb	45.97334	23.04152	179
HD	Tătărăști	45.94447	22.51057	179
HD	Ohaba	45.88777	22.44942	178
HD	Ohaba Streiului	45.71908	23.03416	178
HD	Blăjeni-Vulcan	46.23377	22.94597	175
HD	Coroiești	45.48143	22.99903	175
HD	Sântămăria de Piatră	45.76847	23.01907	175
HD	Breazova	45.5289	22.79476	174
HD	Negoiu	45.6114	22.56627	171
HD	Mărtinești	45.81322	23.12585	170
HD	Barza	46.12049	22.84446	168
HD	Dealu Babii	45.41767	23.24827	168
HD	Sâncrai	45.7535	22.97781	167
HD	Suseni	45.48686	22.86774	167
HD	Crivadia	45.46248	23.20429	165
HD	Ruda	45.69787	22.74786	165
HD	Cozia	45.86857	22.84112	164
HD	Valea Nandrului	45.79542	22.83698	164
HD	Valea Poienii	46.07035	22.63715	163
HD	Vorța	46.02439	22.67115	163
HD	Almașu Sec	45.84971	22.85946	162
HD	Ciula Mică	45.60014	22.78673	162
HD	Ostrovel	45.50594	22.85226	159
HD	Grădiștea de Munte	45.63472	23.21618	158
HD	Folt	45.87592	23.15749	157
HD	Lunca Cernii de Jos	45.62205	22.58077	157
HD	Plai	46.23359	22.91697	156
HD	Boiu	45.89875	23.14591	155
HD	Covragiu	45.62338	23.01832	155
HD	Buceș	46.18906	22.93694	154
HD	Cucuiș	45.76386	23.28328	154
HD	Dâlja Mică	45.40259	23.35287	154
HD	Lelese	45.73497	22.65981	154
HD	Rovina (Brănișca)	45.92662	22.78816	154
HD	Rovina (Bucureșci)	46.15496	22.91959	154
HD	Toplița	45.68698	22.7879	153
HD	Tomești	46.21321	22.66004	148
HD	Bobaia	45.6851	23.11175	147
HD	Tisa	45.95317	22.46852	147
HD	Căinelu de Jos	45.95096	22.83913	146
HD	Mălăiești	45.48668	22.94494	145
HD	Dăbâca	45.65446	22.75303	144
HD	Godinești	46.0263	22.54149	144
HD	Ohaba-Sibișel	45.49443	22.90242	143
HD	Popești	45.82606	22.84713	142
HD	Valea Lungă	45.98567	22.68255	142
HD	Zeicani	45.49934	22.72571	142
HD	Răscoala	45.4689	23.45686	139
HD	Lăpugiu de Jos	45.88636	22.4804	137
HD	Dobroț	46.24814	22.67967	135
HD	Ciungu Mare	45.76535	23.32571	134
HD	Călanu Mic	45.75782	22.99574	133
HD	Hobița-Grădiște	45.49534	22.78916	132
HD	Tătărăștii de Criș	46.16265	22.61449	130
HD	Barbura	46.00468	22.90835	129
HD	Cârjiți	45.8442	22.82629	129
HD	Bocșa Mică	45.98235	23.01089	128
HD	Târnava	45.96811	22.77542	127
HD	Tiulești	46.22293	22.67678	126
HD	Almaș-Săliște	46.06052	22.52001	125
HD	Govăjdia	45.73136	22.81386	125
HD	Rădulești (Stâncești)	45.87876	22.64783	125
HD	Slătinioara	45.4097	23.3993	125
HD	Muncelu Mic	45.84767	22.73234	124
HD	Poiana Răchițelii	45.73759	22.56946	124
HD	Runcu Mare	45.74533	22.64295	123
HD	Herepeia	45.89831	22.81717	120
HD	Livada	46.21577	22.62965	120
HD	Cerbia	46.04047	22.4488	117
HD	Cernișoara Florese	45.68	22.66961	115
HD	Zăvoi	45.51813	22.97962	115
HD	Izvoarele	45.66788	22.85795	114
HD	Măgura-Toplița	45.97982	22.93701	114
HD	Archia	45.844	22.89841	113
HD	Dâncu Mic	45.77781	23.14093	112
HD	Ostrovu Mic	45.51565	22.84299	110
HD	Tămășasa	45.7998	23.1521	110
HD	Panc	45.85655	22.52188	108
HD	Sălătruc	46.23133	22.89486	108
HD	Cigmău	45.89706	23.16409	106
HD	Cerișor	45.74747	22.74452	104
HD	Livezi	45.61508	22.8664	104
HD	Poienița Voinii	45.69572	22.70164	103
HD	Brădățel	45.98845	22.53379	102
HD	Voia	46.03759	23.04926	102
HD	Reț	46.26601	22.88283	101
HD	Baldovin	46.2098	22.71556	100
HD	Groșuri	46.29475	22.93795	98
HD	Merișor (Bănița)	45.44618	23.23107	96
HD	Merișor (Bucureșci)	46.14016	22.93009	96
HD	Boiu de Sus	46.01584	22.58885	95
HD	Poieni (Beriu)	45.75668	23.22357	95
HD	Poieni (Densuș)	45.54085	22.72003	95
HD	Cosești	45.89196	22.41699	93
HD	Toplița Mureșului	45.97407	22.91972	92
HD	Cărmăzănești	46.0182	22.61364	91
HD	Crăguiș	45.62615	22.89797	91
HD	Vadu	45.58512	22.93614	91
HD	Coaja	45.99178	22.65627	89
HD	Poiana	46.08635	23.05336	89
HD	Totia	45.81323	23.04952	89
HD	Cerbăl	45.78039	22.71388	87
HD	Luncani	45.62106	23.11983	87
HD	Bătrâna	45.79181	22.58435	86
HD	Micănești	46.06677	22.47768	86
HD	Chergheș	45.845	22.79276	84
HD	Bujoru	45.87529	22.6165	83
HD	Stâncești	45.87876	22.64783	82
HD	Bulzeștii de Jos	46.26889	22.74163	81
HD	Câmpuri de Sus	45.95831	22.5524	78
HD	Ulieș	45.96251	22.61949	78
HD	Holdea	45.89235	22.39086	77
HD	Pogănești	46.06072	22.45843	77
HD	Ursici	45.59361	23.08216	76
HD	Dumbrava de Sus	46.24184	22.87491	74
HD	Mada	46.00018	23.13055	74
HD	Uibărești	46.20803	22.76006	74
HD	Dudești	46.05028	22.814	73
HD	Leauț	46.23404	22.6899	73
HD	Cuieș	45.95776	22.63927	72
HD	Groș	45.77888	22.78653	71
HD	Turmaș	45.81818	23.1363	70
HD	Almașu Mic de Munte	46.05609	23.08039	64
HD	Feregi	45.79173	22.64764	62
HD	Panc-Săliște	45.86674	22.52088	62
HD	Stretea	45.93288	22.58151	62
HD	Stoieneasa	46.00104	22.83937	60
HD	Almașu Mic	45.81866	22.89412	58
HD	Certeju de Jos	46.01499	22.64711	58
HD	Gura Bordului	45.63473	22.52265	58
HD	Peștera (Băița)	46.0336	22.85154	56
HD	Peștera (Petroșani)	45.4505	23.3187	56
HD	Peștera (Sălașu de Sus)	45.47267	22.9628	56
HD	Tirici	45.46193	23.46605	56
HD	Ardeu	46.0228	23.14222	55
HD	Poienița	46.10035	23.02302	55
HD	Socet	45.777	22.66892	55
HD	Bretelin	45.88299	22.81569	54
HD	Poienița Tomii	45.80009	22.67781	54
HD	Dumbrăvița	45.88893	22.70236	53
HD	Luncșoara	46.06923	22.70866	53
HD	Tămășești	46.0129	22.4887	53
HD	Ciulpăz	45.79533	22.77949	52
HD	Grind	45.91284	22.50186	52
HD	Runcșor	45.98673	22.57223	51
HD	Bunila	45.69649	22.67112	50
HD	Cioclovina	45.58549	23.14358	49
HD	Râpaș	45.827	23.06267	49
HD	Ribicioara	46.20955	22.77236	48
HD	Bulzeștii de Sus	46.30027	22.75886	47
HD	Dealu Mic	45.68472	22.81344	47
HD	Valea Arsului	46.09895	22.84831	46
HD	Păulești	46.29894	22.77119	45
HD	Ulm	45.78843	22.75141	44
HD	Abucea	45.90639	22.54053	42
HD	Boia Bârzii	45.84704	22.69955	42
HD	Căraci	46.14971	22.69012	42
HD	Petrești	46.00914	22.52154	39
HD	Dănulești	46.05175	22.59546	38
HD	Muncelu Mare	45.82651	22.68427	37
HD	Stăuini	45.99691	23.10761	37
HD	Vâlceluța	45.67716	23.0598	37
HD	Costești-Deal	45.68608	23.18306	36
HD	Cutin	45.80963	22.76636	36
HD	Boiu de Jos	46.00341	22.59894	35
HD	Galbina	46.02779	23.06873	35
HD	Măgura	45.77648	23.07541	35
HD	Vica	45.99162	22.5668	35
HD	Vălari	45.68337	22.73239	34
HD	Dumbrava	45.8017	22.78484	33
HD	Oprișești	46.08901	23.01721	30
HD	Giurgești	46.3162	22.75206	29
HD	Techereu	46.09244	23.06911	29
HD	Mermezeu-Văleni	45.99231	23.19967	27
HD	Făgețel	45.88101	22.58905	26
HD	Arănieș	45.79428	22.73689	25
HD	Fântâna	45.6696	22.5914	25
HD	Grohot	46.24547	22.77265	25
HD	Sohodol	45.72749	22.66727	25
HD	Almășel	46.09459	22.43706	24
HD	Stâncești-Ohaba	45.87669	22.67124	24
HD	Merișoru de Munte	45.81844	22.66758	23
HD	Plop	45.72027	22.7643	23
HD	Runcu Mic	45.83709	22.72916	23
HD	Rusești	46.3176	22.7722	23
HD	Criva	45.56669	22.71813	22
HD	Fața Roșie	45.81795	22.59808	22
HD	Căoi	45.86544	22.79807	21
HD	Vadu Dobrii	45.69103	22.54491	21
HD	Căbești	45.99816	22.76207	19
HD	Furcșoara	46.01382	22.75614	19
HD	Potingani	46.21166	22.81777	19
HD	Valea Babii	45.62035	22.58594	19
HD	Bărăștii Iliei	46.0217	22.72749	18
HD	Alun (Boșorod)	45.60732	23.18412	17
HD	Alun (Bunila)	45.70854	22.68497	17
HD	Ludeștii de Sus	45.71182	23.23184	16
HD	Stănculești	46.29798	22.73965	15
HD	Valea	46.07302	22.56629	12
HD	Bercu	45.60695	23.02095	11
HD	Deleni	46.09231	22.56854	11
HD	Văleni (Baia de Criș)	46.1889	22.6861	11
HD	Văleni (Geoagiu)	45.98355	23.22002	11
HD	Brășeu	46.0776	22.58272	10
HD	Gialacuta	46.0028	22.786	10
HD	Răchițaua	45.81449	22.56824	10
HD	Dumești	46.01624	22.7079	9
HD	Piatra	45.80588	22.58566	9
HD	Goleș	45.67551	22.75652	7
HD	Tomnatec	46.28523	22.78848	6
HD	Măgureni	45.68128	23.31655	5
HD	Bocșa Mare	45.99861	23.01705	3
HD	Valea Mare de Criș	46.20848	22.68574	3
HD	Băcâia	46.01657	23.17724	0
HD	Bârcea Mare	45.83102	22.95979	0
HD	Baștea	45.87765	22.41225	0
HD	Bunești	46.07209	23.02586	0
HD	Cimpa	45.45983	23.44423	0
HD	Ciumița	45.6638	22.579	0
HD	Copaci	45.59224	22.90243	0
HD	Curpenii Silvașului	45.65418	22.8211	0
HD	Gotești	45.61104	22.67234	0
HD	Mosoru	45.6532	22.8044	0
HD	Orăștie	45.84512	23.20193	0
HD	Orăștioara de Jos	45.76287	23.18304	0
HD	Orăștioara de Sus	45.73055	23.17062	0
HD	Roșia	46.00946	23.07229	0
HD	Ticera	46.31995	22.87835	0
HR	Miercurea-Ciuc	46.36956	25.79537	37176
HR	Odorheiu Secuiesc	46.305	25.29265	34257
HR	Gheorgheni	46.72121	25.58553	18259
HR	Toplița	46.92603	25.3534	9536
HR	Cristuru Secuiesc	46.29245	25.03171	7836
HR	Vlăhița	46.3267	25.51481	6651
HR	Bălan	46.65858	25.80767	6115
HR	Sândominic	46.57905	25.79003	6110
HR	Făgețel (Remetea)	46.83562	25.38303	6078
HR	Remetea	46.7963	25.44266	6078
HR	Corund	46.4716	25.18373	5228
HR	Ditrău	46.81075	25.50144	4867
HR	Joseni	46.69893	25.50491	4749
HR	Zetea	46.39103	25.36793	4378
HR	Ciumani	46.68	25.51945	4328
HR	Praid	46.55534	25.12727	3448
HR	Lueta	46.27473	25.49144	3395
HR	Lăzarea	46.7586	25.5252	3254
HR	Suseni	46.66629	25.55531	2918
HR	Tulgheș	46.92569	25.73513	2893
HR	Siculeni	46.43748	25.75315	2726
HR	Borsec	46.97028	25.55979	2585
HR	Tomești	46.55657	25.77646	2563
HR	Ciceu	46.41047	25.77999	2544
HR	Sâncrăieni	46.30121	25.80241	2526
HR	Sânsimion	46.25786	25.88635	2438
HR	Valea Rece	46.60711	25.9669	2340
HR	Dănești	46.51581	25.7534	2292
HR	Mădăraș	46.4932	25.74583	2199
HR	Bilbor	47.06561	25.4864	2174
HR	Sântimbru	46.28401	25.86296	2063
HR	Sântimbru-Băi	46.27182	25.75977	2063
HR	Căpâlnița	46.41047	25.51795	2026
HR	Satu Mare	46.33963	25.37968	1995
HR	Ciucsângeorgiu	46.33427	26.04642	1938
HR	Lupeni	46.37906	25.22349	1850
HR	Dealu	46.39592	25.30393	1849
HR	Făgețel (Frumoasa)	46.46272	25.95419	1841
HR	Frumoasa	46.45484	25.85151	1841
HR	Gălăuțaș	46.89358	25.39214	1794
HR	Gălăuțaș-Pârău	46.89734	25.38446	1794
HR	Ineu	46.54404	25.76435	1723
HR	Băile Tușnad	46.14608	25.85696	1629
HR	Vărșag	46.50907	25.37281	1580
HR	Ocna de Jos	46.52469	25.12674	1537
HR	Cozmeni	46.20046	25.96463	1490
HR	Hodoșa	46.86798	25.44555	1408
HR	Ocna de Sus	46.52424	25.15053	1376
HR	Valea Strâmbă	46.69603	25.59812	1359
HR	Merești	46.22384	25.48523	1339
HR	Bancu	46.30169	25.94323	1331
HR	Vale	46.94783	25.37617	1328
HR	Porumbenii Mari	46.27501	25.13359	1237
HR	Atid	46.45347	25.04787	1228
HR	Brădești	46.35067	25.35383	1207
HR	Subcetate	46.85546	25.42748	1187
HR	Voșlăbeni	46.64607	25.62371	1176
HR	Sânmartin	46.26622	25.93937	1171
HR	Ciucani	46.2548	25.94641	1148
HR	Gârciu (Racu)	46.45496	25.77921	1128
HR	Racu	46.45157	25.75862	1128
HR	Jigodin-Băi	46.33937	25.80886	1125
HR	Eliseni	46.29053	24.9359	1110
HR	Misentea	46.32806	25.88742	1108
HR	Sâncrai	46.36567	25.32369	1105
HR	Filiaș	46.26932	25.0161	1103
HR	Șimonești	46.35661	25.0958	1092
HR	Lunca de Jos	46.57234	25.98931	1091
HR	Mugeni	46.25704	25.22101	1086
HR	Tușnadu Nou	46.19381	25.89723	1075
HR	Cetățuia	46.24128	25.89665	1044
HR	Cârța	46.53057	25.76154	986
HR	Călimănel	46.9523	25.33535	941
HR	Plăieșii de Sus	46.23604	26.10733	918
HR	Corbu	47.04217	25.6825	875
HR	Tușnad	46.14608	25.85696	867
HR	Avrămești	46.33472	25.00912	826
HR	Lunca de Sus	46.50716	25.96989	809
HR	Feliceni	46.33098	25.24857	808
HR	Bodogaia	46.27391	24.99639	789
HR	Casinu Nou	46.19588	26.05167	789
HR	Zencani	46.927	25.3341	789
HR	Rugănești	46.30416	25.07172	774
HR	Borzont	46.69174	25.44298	772
HR	Chileni	46.67953	25.57004	767
HR	Lutița	46.24496	25.18556	760
HR	Izvoru Mureșului	46.62746	25.71206	753
HR	Secuieni	46.26084	24.97319	745
HR	Morăreni	46.35713	25.21891	743
HR	Sub Cetate	46.4416	25.39778	736
HR	Betești	46.28941	25.08296	711
HR	Târnovița	46.37275	25.35865	708
HR	Izvorul Trotușului	46.49405	25.94175	702
HR	Sărmaș	46.87998	25.45494	686
HR	Bisericani	46.36449	25.24196	682
HR	Crișeni	46.41781	24.97037	674
HR	Dârjiu	46.20782	25.16464	653
HR	Delnița	46.41211	25.82639	647
HR	Capu Corbului	46.99851	25.64251	645
HR	Armășeni	46.35372	25.96132	642
HR	Runc	46.88989	25.44154	631
HR	Lăzărești	46.18822	25.9466	625
HR	Bârzava	46.43146	25.82068	621
HR	Nădejdea	46.49648	25.83881	619
HR	Jolotca	46.85936	25.50901	616
HR	Goagiu	46.36279	25.02833	607
HR	Păuleni-Ciuc	46.39484	25.8341	605
HR	Fundoaia	46.88524	25.46595	594
HR	Văcărești	46.46346	25.79457	584
HR	Șoimeni	46.395	25.85464	579
HR	Valea Ugra	46.52349	25.9848	571
HR	Mărtiniș	46.28217	25.41178	570
HR	Porumbenii Mici	46.27203	25.10274	568
HR	Dobeni	46.28688	25.18087	551
HR	Cechești	46.31468	25.01844	548
HR	Măgheruș	46.9183	25.34504	521
HR	Livezi	46.52582	25.86115	520
HR	Crăciunel	46.18394	25.4331	503
HR	Platonești	46.90664	25.41891	485
HR	Fitod	46.35792	25.84617	478
HR	Sânpaul	46.19178	25.38124	478
HR	Plăieșii de Jos	46.22942	26.13959	475
HR	Ciba	46.38005	25.74652	473
HR	Răchitiș	47.04428	25.50513	464
HR	Imper	46.21836	26.1063	463
HR	Ocland	46.1625	25.44286	461
HR	Satu Nou (Ocland)	46.14541	25.41554	461
HR	Păltiniș	46.38637	25.19514	455
HR	Tăureni	46.26832	25.25978	437
HR	Șoimușu Mic	46.33838	24.96046	433
HR	Leliceni	46.33604	25.85446	424
HR	Cobătești	46.35711	25.14549	421
HR	Valea Boroș	46.54585	25.98818	421
HR	Cușmed	46.477	25.04576	420
HR	Mihăileni	46.47325	25.82854	420
HR	Mihăileni (Șimonești)	46.36008	25.17643	420
HR	Comiat	46.51479	25.95173	397
HR	Iacobeni	46.20069	26.10527	388
HR	Forțeni	46.30709	25.23608	386
HR	Mujna	46.2053	25.14825	383
HR	Valea Gârbea	46.53516	25.93676	382
HR	Păltiniș-Ciuc	46.54291	25.96583	381
HR	Aldea	46.25229	25.43273	375
HR	Ulcani	46.35615	25.28545	374
HR	Izvoare	46.46238	25.45604	372
HR	Valea lui Pavel	46.51093	25.21271	363
HR	Filpea	46.87953	25.4105	349
HR	Beta	46.27898	25.22263	345
HR	Șoimușu Mare	46.34713	24.92557	338
HR	Polonița	46.33527	25.24659	334
HR	Vidacut	46.33592	24.89414	325
HR	Eghersec	46.33367	26.06728	316
HR	Valea Capelei	46.55747	25.99338	315
HR	Armășenii Noi	46.33886	25.97232	314
HR	Văleni	46.26759	25.33047	314
HR	Ulieș	46.19979	25.28539	311
HR	Hoghia	46.28555	25.24892	303
HR	Fântâna Brazilor	46.4817	25.24977	297
HR	Moglănești	46.924	25.38116	285
HR	Bulgăreni	46.36745	25.25382	279
HR	Petecu	46.17252	25.23355	279
HR	Daia	46.19371	25.30573	273
HR	Poiana Fagului	46.644	25.9505	273
HR	Valea lui Antaloc	46.56934	25.96444	271
HR	Tăietura	46.29755	25.19794	267
HR	Călnaci	46.85394	25.3657	258
HR	Oțeni	46.25925	25.25222	238
HR	Valea Întunecoasă	46.55929	25.95412	235
HR	Potiond	46.36324	25.95121	232
HR	Șiclod	46.51702	25.03891	231
HR	Barațcoș	46.63673	25.9804	230
HR	Luncani	46.9124	25.3568	229
HR	Comănești	46.26492	25.43871	223
HR	Atia	46.48621	25.12689	222
HR	Tibod	46.34817	25.31115	222
HR	Vâgani	46.94538	25.28786	219
HR	Firtănuș	46.40636	25.09623	216
HR	Dejuțiu	46.25506	25.17651	210
HR	Păuleni	46.42643	25.18252	207
HR	Vrabia	46.22327	25.90759	205
HR	Tărcești	46.37586	25.13094	201
HR	Bădeni	46.21769	25.34451	198
HR	Harghita-Băi	46.37934	25.63209	192
HR	Petreni	46.1767	25.37495	190
HR	Teleac	46.24479	25.31893	184
HR	Firtușu	46.42633	25.15021	173
HR	Ghiduț	46.77845	25.53398	170
HR	Recea	46.89796	25.7238	170
HR	Nicolești (Frumoasa)	46.43947	25.84069	164
HR	Nicolești (Ulieș)	46.24143	25.25748	164
HR	Minele Lueta	46.30631	25.50644	163
HR	Inlăceni	46.43097	25.11129	152
HR	Puntea Lupului	46.68909	25.92301	152
HR	Aluniș	46.26377	25.18421	151
HR	Cădaciu Mare	46.3542	25.13069	151
HR	Tămașu	46.34794	25.28776	150
HR	Hagota	46.87673	25.68273	147
HR	Chinușu	46.25668	25.36038	146
HR	Medișoru Mare	46.36057	25.07341	144
HR	Bențid	46.3769	25.17013	141
HR	Ghipeș	46.26426	25.40382	138
HR	Becaș	46.51493	25.19023	137
HR	Săcel	46.34842	24.91176	137
HR	Fâncel	46.3687	25.29732	136
HR	Rareș	46.20622	25.38489	136
HR	Andreeni	46.34763	25.02218	135
HR	Ciaracio	46.41219	25.74756	135
HR	Nuțeni	46.92043	25.3962	128
HR	Cireșeni	46.32337	25.20217	127
HR	Cehețel	46.39875	25.14239	126
HR	Arvățeni	46.26846	25.30515	125
HR	Mătișeni	46.23508	25.16523	121
HR	Șicasău	46.51432	25.45891	111
HR	Lacu Roșu	46.79383	25.79597	94
HR	Turdeni	46.38098	25.10359	93
HR	Locodeni	46.24119	25.35574	91
HR	Toleșeni	46.9174	25.40355	89
HR	Sineu	46.81442	25.41802	86
HR	Băile Homorod	46.34981	25.46611	84
HR	Cădaciu Mic	46.34659	25.11953	84
HR	Secu	46.99292	25.48379	81
HR	Satu Mic	46.37109	25.19484	76
HR	Ighiu	46.20441	25.28473	73
HR	Valea Rotundă	46.407	25.3274	71
HR	Pintic	46.96668	25.83159	69
HR	Liban	46.54525	25.50977	59
HR	Cotormani	46.30443	25.90822	58
HR	Chedia Mică	46.34166	25.05871	57
HR	Plopiș	46.91324	25.38014	55
HR	Călugăreni	46.29265	25.4026	53
HR	Nicoleni	46.33903	25.08634	51
HR	Iașu	46.20939	25.25683	48
HR	Laz-Șoimuș	46.36069	24.98527	48
HR	Medișoru Mic	46.3873	25.04925	46
HR	Băile Chirui	46.29548	25.57594	44
HR	Alexandrița	46.23463	25.31333	41
HR	Laz-Firtănuș	46.39402	25.04098	39
HR	Poiana Târnavei	46.50797	25.39101	39
HR	Duda	46.8465	25.41076	38
HR	Vasileni	46.22805	25.27095	33
HR	Dealu Armanului	46.89127	25.39916	26
HR	Calonda	46.4436	25.2176	25
HR	Chedia Mare	46.33548	25.04691	21
HR	Uilac	46.30966	24.87126	20
HR	Carpitus	46.12191	25.85528	12
HR	Obrănești	46.22835	25.29131	12
HR	Senetea	46.6262	25.5883	11
HR	Zăpodea	46.89864	25.35706	11
HR	Visafolio	46.70328	25.63116	10
HR	Sâncel	46.47642	25.29934	8
HR	Covacipeter	46.72668	25.71923	7
HR	Desag	46.43337	25.44865	7
HR	Vargatac	46.7543	25.6314	7
HR	Preluca	46.88862	25.35572	6
HR	Ciobăniș	46.3852	26.1667	5
HR	Bucin (Joseni)	46.68896	25.42352	4
HR	Bucin (Praid)	46.5735	25.2049	4
HR	Ghiurche	46.38857	26.0675	3
HR	Valea Uzului	46.34227	26.24817	3
HR	Hosasău	46.34354	25.90553	0
HR	Martonca	46.82887	25.42924	0
HR	Orășeni	46.16279	25.36376	0
HR	Porumbeni	46.25972	25.11723	0
HR	Șașvereș	46.5703	25.0857	0
HR	Țengheler	46.86847	25.5495	0
IF	Pipera (Voluntari)	44.49779	26.12493	42944
IF	Voluntari	44.50508	26.15554	42944
IF	Pantelimon	44.45095	26.23521	25596
IF	Popești-Leordeni	44.37889	26.18767	21895
IF	Buftea	44.56297	25.93882	19202
IF	Bragadiru	44.3816	25.99569	15329
IF	Chitila	44.50989	25.98459	12768
IF	Otopeni	44.56719	26.08351	12540
IF	Jilava	44.33691	26.08806	12223
IF	Roșu	44.44677	26.00092	8020
IF	Afumați	44.51896	26.23964	7919
IF	Domnești	44.40514	25.92927	7910
IF	1 Decembrie	44.28629	26.05404	7817
IF	Mogoșoaia	44.5286	25.99893	7625
IF	Brănești	44.45	26.33333	7305
IF	Balotești	44.62245	26.11025	6286
IF	Cornetu	44.35	25.95	6040
IF	Berceni	44.3123	26.1884	5942
IF	Măgurele	44.3614	26.03815	5760
IF	Periș	44.67792	26.03526	5682
IF	Glina	44.38976	26.2335	5494
IF	Dobroești	44.45523	26.18275	5274
IF	Tunari	44.54653	26.13758	5007
IF	Clinceni	44.36667	25.95	4708
IF	Chiajna	44.45841	25.97335	4511
IF	Moara Vlăsiei	44.63971	26.22136	4411
IF	Fundeni	44.46367	26.17347	4051
IF	Ciorogârla	44.43111	25.87296	3919
IF	Vidra	44.26667	26.15	3872
IF	Cernica	44.41897	26.27991	3136
IF	Copăceni	44.27055	26.08327	3131
IF	Tânganu	44.40294	26.31489	3110
IF	Dărăști-Ilfov	44.30889	26.0218	3026
IF	Buciumeni	44.54609	25.95748	2976
IF	Sintești	44.30619	26.1182	2936
IF	Ștefăneștii de Jos	44.52844	26.19612	2923
IF	Bălăceanca	44.3908	26.28921	2865
IF	Ciolpani	44.72724	26.10957	2828
IF	Cățelu	44.40449	26.21873	2790
IF	Crețești	44.27915	26.13832	2708
IF	Dragomirești-Deal	44.46208	25.93802	2669
IF	Vârteju	44.35501	25.99888	2641
IF	Ghermănești	44.68853	26.1437	2560
IF	Corbeanca	44.6	26.05	2475
IF	Ștefăneștii de Sus	44.52844	26.19612	2433
IF	Siliștea Snagovului	44.74175	26.17437	2398
IF	Dascălu	44.60127	26.22667	2359
IF	Lipia	44.70976	26.25896	2272
IF	Dârvari	44.42147	25.8772	2269
IF	Grădiștea	44.6667	26.3	2096
IF	Tamași	44.58446	26.00269	2031
IF	Petrăchioaia	44.58333	26.31667	2014
IF	Gruiu	44.72372	26.22746	1997
IF	Căciulați	44.62893	26.16954	1896
IF	Olteni	44.3975	25.96068	1881
IF	Snagov	44.70889	26.17139	1763
IF	Dudu	44.45534	25.98593	1728
IF	Ostratu	44.60535	26.0133	1623
IF	Alunișu	44.34199	26.05221	1610
IF	Islaz	44.46122	26.38831	1609
IF	Dragomirești-Vale	44.46238	25.92665	1579
IF	Săftica	44.62774	26.06843	1509
IF	Rudeni	44.47495	25.96612	1416
IF	Buriaș	44.73417	25.98239	1391
IF	Tâncăbești	44.68095	26.0735	1385
IF	Piteasca	44.49105	26.32768	1341
IF	Pasărea	44.47147	26.32202	1325
IF	Odăile	44.54359	26.0487	1321
IF	Șindrilița	44.51394	26.31504	1267
IF	Ciofliceni	44.68181	26.11552	1223
IF	Căldăraru	44.41415	26.25951	1176
IF	Sitaru	44.66793	26.32789	1172
IF	Merii Petchii	44.73855	26.30317	1010
IF	Zurbaua	44.48934	25.91201	995
IF	Petrești	44.60184	26.0656	943
IF	Găneasa	44.5	26.26667	861
IF	Cozieni	44.47752	26.30254	832
IF	Dumitrana	44.32508	26.00073	816
IF	Piscu	44.73578	26.07223	790
IF	Țegheș	44.37941	25.87323	772
IF	Șanțu-Florești	44.73335	26.20349	745
IF	Micșuneștii Mari	44.69183	26.35156	738
IF	Moara Domnească	44.49362	26.25479	662
IF	Izvorani	44.69535	26.12095	641
IF	Surlari	44.57331	26.31489	620
IF	Nuci	44.71667	26.3	616
IF	Poșta	44.37758	26.31034	599
IF	Gagu	44.61469	26.25757	567
IF	Lupăria	44.74186	26.12336	552
IF	Dumbrăveni	44.63596	26.11567	519
IF	Bălteni	44.71626	26.03548	484
IF	Vânători	44.59028	26.29631	467
IF	Micșunești-Moară	44.70148	26.32761	451
IF	Crețuleasca	44.53276	26.18862	419
IF	Măineasca	44.5758	26.34486	397
IF	Vlădiceasca	44.66832	26.08465	341
IF	Dimieni	44.58829	26.13355	329
IF	Manolache	44.40501	26.24659	308
IF	Buda	44.33187	25.95014	284
IF	Balta Neagră	44.69742	26.30389	283
IF	Ordoreanu	44.36385	25.89689	219
IF	Pruni	44.33012	25.99013	214
IF	Creața	44.5985	26.27302	191
IF	Vadu Anei	44.42281	26.35414	128
IF	Runcu	44.58482	26.20557	37
IL	Slobozia	44.56289	27.36137	41748
IL	Fetești-Gară	44.422	27.82446	19395
IL	Urziceni	44.71806	26.64528	15308
IL	Țăndărei	44.64887	27.64387	13219
IL	Fetești	44.415	27.82361	7650
IL	Amara	44.61671	27.31687	7338
IL	Bărbulești	44.72565	26.57494	5902
IL	Făcăeni	44.55547	27.94149	4795
IL	Coșereni	44.68512	26.55816	4570
IL	Manasia	44.7058	26.67398	4405
IL	Gârbovi	44.78643	26.75912	3958
IL	Munteni-Buzău	44.64125	26.97844	3428
IL	Bordușani	44.47813	27.90398	3309
IL	Căzănești	44.62369	27.00836	3271
IL	Traian	44.76613	27.34685	3168
IL	Dridu	44.68696	26.46116	3112
IL	Jilavele	44.78885	26.53108	3096
IL	Mihail Kogălniceanu	44.65801	27.74232	2959
IL	Săveni	44.60162	27.63461	2857
IL	Ograda	44.61347	27.56452	2803
IL	Scânteia	44.73752	27.43798	2773
IL	Gheorghe Doja	44.61523	27.18727	2555
IL	Movilița	44.64374	26.48524	2542
IL	Alexeni	44.68115	26.71268	2410
IL	Grivița	44.70997	27.31292	2366
IL	Bucu	44.60648	27.49087	2323
IL	Gheorghe Lazăr	44.63534	27.45658	2319
IL	Slobozia Nouă	44.60264	27.39051	2247
IL	Ion Roată	44.6652	26.776	2218
IL	Grindu	44.77137	26.90735	2209
IL	Roșiori	44.61209	26.53262	2174
IL	Vlașca	44.39703	27.84841	2163
IL	Vlădeni	44.60788	27.84722	2156
IL	Fierbinții de Sus	44.69008	26.39616	2059
IL	Cocora	44.74142	27.04465	2058
IL	Borănești	44.6645	26.60085	2023
IL	Condeești	44.62444	26.6913	2019
IL	Bora	44.5597	27.38811	1896
IL	Bărcănești	44.6333	26.65	1876
IL	Miloșești	44.73401	27.22932	1853
IL	Maia	44.73966	26.39899	1847
IL	Movila	44.53752	27.71655	1842
IL	Andrășești	44.57805	27.14313	1829
IL	Adâncata	44.76667	26.43333	1785
IL	Axintele	44.6	26.78333	1739
IL	Sudiți	44.57146	27.58188	1710
IL	Broșteni	44.67179	26.74493	1534
IL	Malu Roșu	44.78053	26.57433	1524
IL	Ciochina	44.59294	27.06066	1518
IL	Giurgeni	44.74445	27.85576	1507
IL	Mărculești	44.56196	27.5088	1505
IL	Cegani	44.46312	27.90423	1477
IL	Luciu	44.73791	27.73328	1415
IL	Stelnica	44.41396	27.8784	1393
IL	Sinești	44.56503	26.38332	1329
IL	Valea Măcrișului	44.74136	26.82909	1312
IL	Fierbinți-Târg	44.68001	26.37926	1311
IL	Sărățeni	44.63627	26.92958	1290
IL	Perieți	44.57557	27.25441	1259
IL	Moldoveni	44.71526	26.51704	1247
IL	Gura Ialomiței	44.71641	27.75319	1245
IL	Fierbinții de Jos	44.69455	26.39566	1214
IL	Colelia	44.76066	27.00831	1212
IL	Sălcioara	44.55032	26.92574	1211
IL	Reviga	44.71173	27.10229	1130
IL	Rași	44.53747	26.92261	1125
IL	Valea Ciorii	44.71618	27.54881	1101
IL	Iazu	44.73072	27.42086	1078
IL	Buești	44.54496	27.18497	1074
IL	Balaciu	44.61667	26.88333	1069
IL	Ciulnița	44.53886	27.34851	1046
IL	Smirna	44.72196	27.35344	1013
IL	Buliga	44.3576	27.7907	1009
IL	Brazii	44.76421	26.36013	1006
IL	Cosâmbești	44.56107	27.43562	976
IL	Patru Frați	44.73743	26.46793	938
IL	Gimbășani	44.5607	27.47536	926
IL	Lăcusteni	44.60793	27.67154	911
IL	Rovine	44.69431	27.09246	903
IL	Drăgoești	44.5697	26.53369	896
IL	Platonești	44.60882	27.69668	887
IL	Sfântu Gheorghe	44.67895	26.84951	865
IL	Bordușelu	44.55657	27.04741	858
IL	Misleanu	44.57306	27.21585	823
IL	Poiana	44.54664	27.26057	760
IL	Butoiu	44.64921	26.83929	752
IL	Orezu	44.58312	26.99688	729
IL	Lilieci	44.55293	26.37722	728
IL	Horia	44.53995	26.80022	708
IL	Albești	44.53952	27.13353	675
IL	Cătrunești	44.55732	26.38944	660
IL	Păltinișu	44.56752	27.30011	655
IL	Progresu	44.58084	27.86922	643
IL	Armășești	44.74732	26.58275	608
IL	Marsilieni	44.53973	27.0939	590
IL	Grindași	44.72862	26.84009	580
IL	Ciocârlia	44.80044	26.67374	562
IL	Crunți	44.6609	27.10623	517
IL	Murgeanca	44.70956	27.57418	459
IL	Nicolești	44.76017	27.21009	455
IL	Fundata	44.58228	27.25733	447
IL	Slătioarele	44.78664	26.515	442
IL	Dridu-Snagov	44.71455	26.45504	439
IL	Sintești	44.66311	26.58164	431
IL	Tovărășia	44.78194	27.16424	427
IL	Malu	44.64984	26.82205	421
IL	Frățilești	44.61583	27.60323	419
IL	Stejaru	44.56685	27.28341	402
IL	Ion Ghica	44.53189	27.30331	397
IL	Grecii de Jos	44.67138	26.34903	385
IL	Orboești	44.57908	27.1003	383
IL	Maltezi	44.42174	27.88663	381
IL	Copuzu	44.60327	26.89806	374
IL	Crăsanii de Jos	44.60055	26.8794	319
IL	Gura Văii	44.57027	27.5677	316
IL	Răsimnicea	44.77587	26.33812	316
IL	Cotorca	44.77756	26.6607	244
IL	Nenișori	44.75845	26.57803	236
IL	Bărbătescu	44.61103	26.7987	210
IL	Ivănești	44.53562	27.27918	197
IL	Mircea cel Bătrân	44.69989	27.12418	192
IL	Hagiești	44.54299	26.43223	163
IL	Dumitrești	44.71602	27.50629	148
IL	Bucșa	44.71664	27.52307	147
IL	Bițina-Ungureni	44.60428	26.47945	121
IL	Piersica	44.56529	26.99861	112
IL	Crăsanii de Sus	44.59934	26.8474	98
IL	Bițina-Pământeni	44.60863	26.47195	96
IL	Valea Bisericii	44.58974	26.56753	72
IL	Boteni	44.56966	26.45187	46
IL	Livedea	44.58753	26.42731	46
IL	Chiroiu-Ungureni	44.59203	26.49879	42
IL	Hagieni	44.64491	27.75887	41
IL	Chiroiu-Satu Nou	44.5943	26.49217	39
IL	Movileanca	44.78382	26.31982	36
IL	Chiroiu-Pământeni	44.59798	26.50472	33
IL	Bataluri	44.52738	27.14699	23
IL	Amara Nouă	44.61324	27.34234	7
IL	Bărăganu	44.41999	27.69683	0
IL	Retezatu	44.44182	27.89507	0
IS	Iași	47.15845	27.60144	290422
IS	Pașcani	47.24112	26.72338	25231
IS	Târgu Frumos	47.20854	27.00836	10475
IS	Tomești	47.13323	27.70807	8126
IS	Hârlău	47.42843	26.90912	7298
IS	Podu Iloaiei	47.21093	27.26646	6992
IS	Dancu	47.15619	27.66562	6444
IS	Lunca Cetățuii	47.09826	27.55981	6227
IS	Răducăneni	46.956	27.94167	5065
IS	Valea Lupului	47.18007	27.50824	4982
IS	Hălăucești	47.09338	26.81064	4661
IS	Belcești	47.30965	27.08638	4462
IS	Satu Nou (Belcești)	47.3239	27.09246	4462
IS	Deleni	47.45721	26.8787	4369
IS	Deleni (Ciortești)	46.92034	27.83304	4369
IS	Todirești	47.32892	26.85474	4193
IS	Focuri	47.34955	27.20865	3852
IS	Mironeasa	46.96846	27.4329	3744
IS	Pârcovaci	47.43374	26.84631	3607
IS	Lețcani	47.18391	27.4223	3552
IS	Moțca	47.22201	26.61115	3522
IS	Valea Adâncă	47.12594	27.55451	3053
IS	Voinești	47.05664	27.42662	3020
IS	Mogoșești	47.03517	27.51952	2994
IS	Holboca	47.1845	27.66315	2737
IS	Cuza Vodă (Popricani)	47.23645	27.57259	2621
IS	Popricani	47.26688	27.50881	2621
IS	Dobrovăț	46.96262	27.71708	2515
IS	Erbiceni	47.27283	27.24068	2509
IS	Gâștești	47.24922	26.65965	2472
IS	Dumbrăvița	47.25692	26.84319	2446
IS	Comarna	47.06787	27.77663	2414
IS	Ciurea	47.06177	27.56871	2403
IS	Slobozia (Ciurea)	47.01921	27.6161	2384
IS	Slobozia (Deleni)	47.47152	26.88472	2384
IS	Slobozia (Schitu Duca)	46.98877	27.7425	2384
IS	Slobozia (Sirețel)	47.39765	26.74375	2384
IS	Slobozia (Voinești)	47.05658	27.41162	2384
IS	Butea	47.09363	26.95466	2319
IS	Maxut	47.43839	26.8958	2284
IS	Coarnele Caprei	47.38807	27.11991	2229
IS	Gârbești	46.97665	27.29466	2228
IS	Satu Nou (Sirețel)	47.42477	26.71697	2228
IS	Sirețel	47.38613	26.72148	2228
IS	Miroslava	47.14914	27.52093	2221
IS	Bivolari	47.52728	27.40141	2217
IS	Oțeleni	47.06188	27.02811	2195
IS	Muncelu de Sus	47.12143	26.73559	2164
IS	Fântânele	47.41161	27.18268	2138
IS	Fântânele (Andrieșeni)	47.50879	27.31645	2138
IS	Iugani	47.04524	26.82515	2136
IS	Cozmești	46.87434	27.99219	2078
IS	Cozmești (Stolniceni-Prăjescu)	47.16596	26.76161	2078
IS	Topile	47.2618	26.67232	2063
IS	Popești	47.15414	27.24192	1994
IS	Heci	47.34334	26.66134	1979
IS	Crucea	47.16873	27.16962	1943
IS	Sticlăria	47.40096	26.83005	1932
IS	Miroslovești	47.16828	26.65837	1912
IS	Țibănești	46.90787	27.3381	1910
IS	Zmeu	47.19151	27.17816	1868
IS	Războieni	47.21835	27.05242	1842
IS	Bosia	47.2173	27.76445	1818
IS	Scobinți	47.40583	26.96715	1818
IS	Scânteia	46.91667	27.56667	1811
IS	Golăiești	47.26482	27.67877	1783
IS	Bălțați	47.22979	27.16214	1782
IS	Ciohorăni	47.13849	26.6832	1781
IS	Ruginoasa	47.24833	26.84083	1778
IS	Fărcășeni	47.15795	26.89735	1777
IS	Trifești	47.46199	27.50313	1772
IS	Moșna	46.92075	27.95573	1767
IS	Tătăruși	47.35016	26.59196	1765
IS	Valea Seacă	47.291	26.66578	1765
IS	Păușești	47.15783	27.32467	1753
IS	Răchiteni	47.05263	26.91499	1742
IS	Plugari	47.49252	27.12447	1741
IS	Brătești	47.18707	26.69842	1710
IS	Buznea	47.19236	27.01519	1706
IS	Chișcăreni	47.46035	27.19862	1700
IS	Borosoaia	47.46025	27.09559	1693
IS	Cogeasca	47.16606	27.38449	1690
IS	Cârjoaia	47.33945	26.90161	1666
IS	Dagâța	46.95189	27.18214	1651
IS	Conțești	47.30888	26.65204	1643
IS	Totoești	47.24706	27.2846	1635
IS	Andrieșeni	47.51974	27.30734	1633
IS	Prisăcani	47.06426	27.88032	1623
IS	Mircești	47.06607	26.84628	1614
IS	Perieni	47.38629	27.46573	1595
IS	Sinești	47.11373	27.18959	1595
IS	Victoria	47.29662	27.58724	1570
IS	Uda	47.34155	26.56851	1546
IS	Cotnari	47.34186	26.97007	1545
IS	Vlădeni	47.42495	27.34675	1516
IS	Horpaz	47.10824	27.54671	1513
IS	Balș	47.27111	27.00001	1502
IS	Crivești (Strunga)	47.19794	26.92852	1497
IS	Crivești (Vânători)	47.32518	26.78085	1497
IS	Bârnova	47.06425	27.63982	1468
IS	Stolniceni-Prăjescu	47.19534	26.74903	1462
IS	Domnița	47.01508	27.33871	1456
IS	Hodora	47.33843	27.01987	1453
IS	Dumești	47.18126	27.3511	1446
IS	Breazu	47.22728	27.50394	1430
IS	Cârniceni	47.33961	27.5031	1419
IS	Boureni (Balș)	47.26471	26.97858	1417
IS	Boureni (Moțca)	47.20983	26.62845	1417
IS	Aroneanu	47.20153	27.60797	1401
IS	Liteni	47.29985	27.0422	1394
IS	Costuleni	47.0284	27.86165	1389
IS	Soci	47.17628	26.63689	1387
IS	Boșteni	47.23302	26.68771	1386
IS	Tansa	46.89715	27.2528	1358
IS	Tansa (Belcești)	47.30131	27.07781	1358
IS	Ceplenița	47.38467	26.98822	1326
IS	Fetești	47.40994	26.89883	1292
IS	Hârtoape	47.32156	26.72203	1291
IS	Buhalnița	47.37871	26.91816	1281
IS	Păun	47.09637	27.66285	1276
IS	Blăgești	47.24814	26.76858	1275
IS	Goruni	47.10701	27.71268	1264
IS	Costești	47.23326	26.93162	1262
IS	Dorobanț	47.22749	27.59436	1260
IS	Bădeni	47.4015	26.94781	1246
IS	Bohotin	46.94183	27.98031	1240
IS	Izvoarele	47.03598	26.89806	1209
IS	Suhuleț	46.90421	27.25585	1200
IS	Grozești	46.98976	28.05727	1199
IS	Covasna	47.00078	27.85172	1186
IS	Grajduri	46.97173	27.53648	1178
IS	Țigănași	47.33006	27.47376	1175
IS	Hadâmbu	47.01498	27.45576	1171
IS	Zagavia	47.41818	26.89229	1170
IS	Osoi (Comarna)	47.09435	27.79603	1153
IS	Osoi (Sinești)	47.08987	27.19054	1153
IS	Probota	47.37898	27.49902	1124
IS	Brăești	47.14898	27.08762	1116
IS	Chicerea	47.10408	27.74396	1116
IS	Vișan	47.11352	27.60472	1111
IS	Mihail Kogălniceanu	47.34791	27.41498	1095
IS	Scobâlțeni	47.2001	27.28302	1094
IS	Vânători	47.36645	26.76317	1089
IS	Vânători (Popricani)	47.24299	27.52465	1089
IS	Ciortești	46.91329	27.84486	1085
IS	Coropceni	46.94206	27.83031	1081
IS	Satu Nou (Șcheia)	46.93368	27.47864	1081
IS	Scheia	46.92995	27.50563	1081
IS	Șcheia	46.92995	27.50563	1081
IS	Horlești	47.11063	27.3803	1078
IS	Horlești (Rediu)	47.26199	27.45647	1078
IS	Poiana Mărului	47.38137	26.88679	1069
IS	Hărmăneștii Vechi	47.27427	26.80564	1065
IS	Munteni	47.30764	27.13554	1055
IS	Stornești	47.11804	27.17276	1049
IS	Sodomeni	47.22211	26.68939	1048
IS	Țuțora	47.15623	27.77105	1046
IS	Hândrești	47.1048	27.01903	1037
IS	Mănăstirea	46.94966	27.20103	1033
IS	Goești	47.15347	27.13688	1009
IS	Cozia	47.00014	27.894	1007
IS	Șipote	47.47054	27.21558	1005
IS	Iazu Nou	47.48413	27.20383	1003
IS	Buda (Brăești)	47.11924	27.07306	1001
IS	Buda (Lespezi)	47.39927	26.67954	1001
IS	Potângeni	47.3298	27.33177	1000
IS	Hermeziu	47.44491	27.55072	999
IS	Moreni	47.0999	27.85999	998
IS	Brădicești	46.84404	27.90852	997
IS	Verșeni	47.11407	26.63964	995
IS	Sârca	47.22988	27.17717	989
IS	Hărpășești	47.14937	27.28604	977
IS	Mânzătești	47.18896	27.72163	973
IS	Tabăra	47.57845	27.41366	965
IS	Pietrosu	47.34678	26.6055	949
IS	Podolenii de Sus	46.85728	28.01694	945
IS	Pietriș	46.88446	27.9193	942
IS	Iepureni (Andrieșeni)	47.47017	27.32645	938
IS	Iepureni (Movileni)	47.29648	27.43017	938
IS	Vulturi	47.24745	27.53791	928
IS	Românești	47.28329	27.31784	921
IS	Mădârjac	47.04705	27.26543	912
IS	Feredeni	47.48335	26.87968	907
IS	Oboroceni	47.17628	26.87151	904
IS	Heleșteni	47.20056	26.87924	898
IS	Drăgușeni	46.88998	27.48309	886
IS	Iorcani	47.34862	26.52167	885
IS	Șerbești	46.87722	27.84736	881
IS	Luncași	47.11747	26.80337	880
IS	Tudor Vladimirescu	47.13344	26.78556	872
IS	Hălceni	47.4432	27.26036	867
IS	Humosu	47.45033	26.73323	865
IS	Mădârjești	47.21374	27.14776	860
IS	Poieni	47.04638	27.71319	859
IS	Alexandru I. Cuza	47.13883	26.84349	841
IS	Ciurbești	47.09671	27.53037	837
IS	Budăi	47.21691	27.22781	832
IS	Vorovești	47.14012	27.46442	827
IS	Boroșești	46.94103	27.59397	822
IS	Hoisești	47.1947	27.32444	821
IS	Borșa	47.41197	27.36122	800
IS	Gănești	47.16712	27.03185	791
IS	Larga-Jijia	47.31879	27.38469	790
IS	Cârlig	47.21398	27.55765	787
IS	Uricani	47.15581	27.48507	787
IS	Hărmăneștii Noi	47.25288	26.79669	784
IS	Glăvănești	47.55194	27.26961	782
IS	Gorban	46.91108	28.06147	772
IS	Bogonos	47.20667	27.431	766
IS	Bogdănești	47.11615	27.43517	765
IS	Pietrăria	47.06667	27.65	763
IS	Lespezi	47.35549	26.68631	762
IS	Bălteni	47.40506	27.5004	760
IS	Dumbrava (Ciurea)	47.07557	27.55105	747
IS	Dumbrava (Lespezi)	47.35584	26.71636	747
IS	Rădeni	47.42975	27.43568	742
IS	Zaboloteni	47.47457	27.48998	742
IS	Arama	47.39632	27.11341	741
IS	Săveni	47.39954	27.24526	717
IS	Dumitreștii Gălății	47.01258	27.77191	715
IS	Țibana	46.98086	27.31389	710
IS	Hărmăneasa	47.19686	26.86275	704
IS	Jigoreni	46.89601	27.31309	704
IS	Coada Stâncii	47.20961	27.71326	701
IS	Cuza Vodă (Ipatele)	46.8947	27.40935	701
IS	Ipatele	46.90626	27.44051	701
IS	Roșcani	47.46315	27.40367	700
IS	Dolhești	46.87482	27.89621	699
IS	Hilița	47.00197	27.82722	694
IS	Orzeni	47.18098	27.69171	689
IS	Ulmi	47.28228	27.06469	685
IS	Urșița	47.01274	27.40867	683
IS	Cristești	47.25814	26.57144	681
IS	Cristești (Brăești)	47.15805	27.0778	681
IS	Cristești (Holboca)	47.17009	27.72325	681
IS	Ungheni	47.19693	27.78174	681
IS	Valea Satului	46.95326	27.54703	681
IS	Mânjești	47.0574	27.47436	679
IS	Oprișeni	47.12762	27.82476	679
IS	Răsboieni	46.93183	27.31622	673
IS	Luceni	47.28897	27.61152	664
IS	Alexeni	46.97055	27.3691	663
IS	Lungani	47.18948	27.13985	658
IS	Lungani (Voinești)	47.09392	27.39923	658
IS	Mogoșești-Siret	47.13886	26.79123	653
IS	Rusenii Vechi	47.17994	27.68309	651
IS	Bulbucani	47.3625	27.24558	645
IS	Bârlești	47.25609	27.25973	643
IS	Doroșcani	47.14955	27.2649	642
IS	Prigoreni	47.20755	27.06901	642
IS	Măcărești	47.03378	27.96553	633
IS	Tungujei	46.92472	27.36406	623
IS	Podu Hagiului	46.86118	28.08124	612
IS	Cornești	47.1058	27.51312	609
IS	Valea Oilor	47.2447	27.0986	609
IS	Gura Bâdiliței	47.30174	26.74864	608
IS	Bursuc-Deal	47.32397	26.67572	603
IS	Todirel	47.06774	27.61135	593
IS	Bâcu	46.92422	27.45708	592
IS	Spineni	47.49172	27.31597	589
IS	Podișu	47.25625	27.06359	588
IS	Cilibiu	47.25329	27.67741	584
IS	Roșu	46.99004	27.95208	584
IS	Schitu Stavnic	47.06767	27.38902	577
IS	Cercu	47.08378	27.60782	571
IS	Schitu Duca	47.03522	27.76577	567
IS	Stânca (Comarna)	47.06727	27.80394	563
IS	Stânca (Victoria)	47.28301	27.58374	563
IS	Strunga	47.15728	26.95177	557
IS	Picioru Lupului	47.0412	27.57711	556
IS	Căuești	46.93004	27.53554	554
IS	Frenciugi	46.8882	27.47485	550
IS	Movileni	47.32872	27.35639	550
IS	Movileni (Heleșteni)	47.20047	26.90035	550
IS	Proselnici	47.10895	27.48325	549
IS	Vlădiceni	47.13201	27.65739	545
IS	Poiana (Deleni)	47.49207	26.8608	543
IS	Poiana (Schitu Duca)	46.98363	27.78958	543
IS	Horodiștea	47.35287	26.91101	542
IS	Avântu	47.25721	27.36789	530
IS	Buhăeni	47.50799	27.2758	526
IS	Soloneț	47.49688	27.45498	521
IS	Alexandru cel Bun	47.45873	27.29741	519
IS	Poiana Șcheii	46.96221	27.49242	518
IS	Runcu	47.00597	27.28249	516
IS	Balciu	47.14122	27.53622	510
IS	Cioca-Boca	46.94625	27.463	509
IS	Poiana Mănăstirii	46.98694	27.35634	501
IS	Colțu Cornii	47.02284	28.00207	497
IS	Vascani	47.27024	26.8737	496
IS	Poiana de Sus	47.0082	27.31456	490
IS	Cucuteni	47.27794	26.93679	489
IS	Cucuteni (Lețcani)	47.14939	27.41846	489
IS	Giurgești	47.25187	26.89961	481
IS	Pocreaca	46.96615	27.77863	480
IS	Moimești	47.27619	27.51102	468
IS	Stroești	47.32394	26.89008	465
IS	Ursoaia	47.27089	27.38638	457
IS	Mitoc	47.46236	27.2372	456
IS	Gura Bohotin	46.90935	28.05317	454
IS	Zece Prăjini	46.94348	27.17666	448
IS	Vâlcelele	47.42919	27.3662	445
IS	Hlincea	47.11112	27.58238	443
IS	Broșteni	47.46021	27.33817	440
IS	Sângeri	47.38715	27.22924	437
IS	Volintirești	47.17141	26.82845	435
IS	Brătulești	47.12852	26.96695	431
IS	Icușeni	47.27837	27.637	431
IS	Rediu Aldei	47.22608	27.64019	429
IS	Piscu Rusului	46.9592	27.13566	427
IS	Mălăești	47.3557	27.30286	422
IS	Gropnița	47.35816	27.26252	418
IS	Lunca Rateș	46.95127	27.57481	418
IS	Sculeni	47.31454	27.60712	412
IS	Vadu Vejei	46.99506	27.25104	412
IS	Bodești	46.91346	27.59921	410
IS	Albești	47.1848	27.10418	400
IS	Budești	47.05024	27.48932	398
IS	Homița	47.29729	26.59068	396
IS	Rotăria	46.94114	27.87115	395
IS	Valea Lungă	47.18669	27.64719	391
IS	Băiceni (Cucuteni)	47.30113	26.91789	390
IS	Băiceni (Todirești)	47.30113	26.91789	390
IS	Hăbășești	47.15202	26.957	385
IS	Cărbunari	46.99402	27.52136	382
IS	Miclăușeni	47.09783	26.93036	379
IS	Rusenii Noi	47.19689	27.66866	378
IS	Lupăria	47.36685	26.88692	375
IS	Bocnița	47.15854	27.18893	374
IS	Frăsuleni	47.33507	27.58663	373
IS	Brătuleni	47.16354	27.4578	372
IS	Banu	47.1904	27.37219	370
IS	Kogălniceni	47.15796	26.8402	369
IS	Cosițeni	47.20249	27.23533	366
IS	Sprânceana	47.23377	27.25696	364
IS	Frumușica	47.05516	27.29509	363
IS	Cotu lui Ivan	47.27336	27.65112	362
IS	Bahluiu	47.35797	26.9844	355
IS	Iazu Vechi	47.4359	27.22704	353
IS	Stejarii	47.37463	27.43421	347
IS	Valea Racului	47.36259	26.87514	347
IS	Chiperești	47.11748	27.76562	342
IS	Poiana cu Cetate	46.99068	27.60222	341
IS	Zberoaia	46.9267	28.03729	335
IS	Boldești	47.28187	26.82502	334
IS	Podolenii de Jos	46.84844	28.03541	330
IS	Boatca	46.95213	27.21947	324
IS	Grădinari	47.26687	27.66585	313
IS	Bojila	47.0294	27.26527	312
IS	Șorogari	47.20636	27.58188	312
IS	Isaiia	46.93545	28.00683	311
IS	Petrești	47.29144	27.71327	311
IS	Valea Ursului	47.13518	27.48602	310
IS	Spinoasa	47.26496	27.18663	306
IS	Ciocârlești	46.93243	27.55403	301
IS	Poienile	46.96117	27.20971	299
IS	Scoposeni (Gorban)	46.91108	28.06147	296
IS	Scoposeni (Horlești)	47.13315	27.41012	296
IS	Zlodica	47.36654	26.9324	290
IS	Cireșeni	47.36943	26.84804	289
IS	Holm	47.20862	27.30359	289
IS	Tufeștii de Sus	46.91145	27.62697	289
IS	Țipilești	47.29931	27.48037	281
IS	Vălenii	46.89379	27.28111	279
IS	Zbereni	47.37999	26.83749	277
IS	Obrijeni	47.14869	27.21711	275
IS	Iacobeni	47.44647	27.31962	273
IS	Șendreni	47.35697	27.58373	269
IS	Curături	47.02735	27.56475	266
IS	Vâlcica	47.33276	26.63269	264
IS	Fedeleșeni	47.12418	26.97629	263
IS	Podu Jijiei	47.24564	27.71675	262
IS	Dădești	47.22036	26.97474	261
IS	Vladomira	47.41913	27.55826	261
IS	Berezlogi	47.42796	26.74889	259
IS	Griești	46.90336	27.37587	256
IS	Traian	47.50236	27.41837	254
IS	Cotu Morii	47.30113	27.55215	248
IS	Mitești	47.10025	26.64259	239
IS	Rediu	47.24068	27.44714	238
IS	Rediu (Brăești)	47.19375	27.08837	238
IS	Rediu (Ruginoasa)	47.24089	26.86509	238
IS	Rediu (Scânteia)	46.89438	27.59201	238
IS	Săcărești	47.25517	26.93589	237
IS	Făgăt	47.38142	26.84746	235
IS	Coasta Măgurii	47.31662	26.92943	228
IS	Buruienești	47.55313	27.40134	223
IS	Bălușești	46.88603	27.20958	221
IS	Ion Neculce	47.18378	27.01279	203
IS	Bărbătești	47.27483	26.90493	190
IS	Chilișoaia	47.16334	27.30582	186
IS	Dancaș	47.10818	27.52417	185
IS	Găureni	47.15321	27.5027	185
IS	Drăgănești	47.51964	27.25879	182
IS	Onești	47.48113	27.10954	181
IS	Tăutești	47.23246	27.46108	180
IS	Vocotești	47.08151	27.46746	176
IS	Oproaia	46.95586	27.36768	173
IS	Iosupeni	47.34215	27.00394	164
IS	Curagău	47.05831	27.75044	163
IS	Bursuc-Vale	47.3152	26.6976	158
IS	Recea	46.93171	27.38513	150
IS	Satu Nou	46.96247	27.8101	142
IS	Vlădnicuț	47.36333	26.79883	139
IS	Rediu Mitropoliei	47.29993	27.49069	134
IS	Ursărești	47.05883	26.89436	133
IS	Blaga	47.03021	27.74226	124
IS	Moara Ciornei	46.96502	27.34742	124
IS	Cucova	47.15902	26.91644	123
IS	Petroșica	47.41864	27.06466	121
IS	Medeleni	47.29616	27.6902	117
IS	Tarnița	46.97494	27.1815	114
IS	Vama	47.11599	27.24337	103
IS	Pădureni (Grajduri)	46.99322	27.55468	94
IS	Pădureni (Popești)	47.13839	27.27255	94
IS	Schitu Hadâmbului	47.00931	27.43334	94
IS	Lunca (Grajduri)	46.95565	27.56553	92
IS	Lunca (Pașcani)	47.28328	26.73845	92
IS	Buzdug	46.96381	27.16368	82
IS	Cotârgaci	47.22015	27.16768	80
IS	Gura Văii	47.19054	26.9422	73
IS	Sălăgeni	47.01668	28.02269	73
IS	Filiași	47.2577	27.04111	67
IS	Leahu-Nacu	47.49415	26.93875	67
IS	Alexești	46.87747	27.4446	44
IS	Corcodel	46.94453	27.54909	42
IS	Bran	47.24994	27.75295	0
IS	Forăști	47.35502	27.28499	0
IS	Glodenii Gândului	46.952	27.29888	0
IS	Hărmănești	47.26667	26.8	0
MH	Drobeta-Turnu Severin	44.63692	22.65973	84876
MH	Orșova	44.72846	22.39433	10441
MH	Strehaia	44.62424	23.19184	6783
MH	Schela Cladovei	44.6296	22.61322	5389
MH	Șimian	44.63232	22.75151	3844
MH	Gârla Mare	44.20952	22.77563	3382
MH	Cerneți	44.64291	22.71255	3339
MH	Pătulele	44.34327	22.77668	3102
MH	Vânju Mare	44.42571	22.86805	2862
MH	Salcia	44.14236	22.92861	2794
MH	Eșelnița	44.74186	22.26984	2565
MH	Baia de Aramă	44.99715	22.81191	2204
MH	Cujmir	44.20869	22.92268	2096
MH	Gruia	44.26516	22.7057	1890
MH	Oprișor	44.2843	23.07845	1880
MH	Gura Văii	44.66728	22.55188	1783
MH	Breznița-Ocol	44.67207	22.61371	1716
MH	Vrata	44.1864	22.84547	1599
MH	Vânjuleț	44.4428	22.79258	1564
MH	Jirov	44.66823	23.08294	1402
MH	Dârvari	44.19055	23.04807	1395
MH	Bistrița	44.58333	22.78215	1370
MH	Braniștea	44.23091	23.00003	1323
MH	Devesel	44.46885	22.6624	1320
MH	Dănceu	44.36583	22.71519	1310
MH	Dudașu	44.64755	22.69619	1285
MH	Comanda	44.646	23.15853	1260
MH	Bălăcița	44.37301	23.15052	1242
MH	Punghina	44.28204	22.93539	1190
MH	Balta Verde	44.34558	22.59794	1165
MH	Rogova	44.4729	22.80506	1148
MH	Gvardinița	44.39068	23.14721	1112
MH	Gemeni	44.17312	23.07897	1095
MH	Recea	44.32059	22.91308	1085
MH	Corcova	44.69745	23.03739	1081
MH	Jiana Veche	44.39459	22.66436	1080
MH	Hinova	44.52867	22.78217	1071
MH	Magheru	44.65168	22.62979	1055
MH	Breznița-Motru	44.55324	23.21624	1046
MH	Vânători	44.25192	22.90077	1030
MH	Gogoșu	44.36329	22.59993	1028
MH	Malovăț	44.70678	22.72736	1025
MH	Cârceni	44.66181	23.26402	992
MH	Ciochiuța	44.60409	23.12085	983
MH	Izimșa	44.1791	22.95425	983
MH	Izvoarele	44.30954	22.66081	951
MH	Livezile	44.5294	22.87102	934
MH	Roșiori	44.25483	22.927	934
MH	Pristol	44.22585	22.70921	933
MH	Svinița	44.49826	22.10209	925
MH	Mărășești	45.02096	22.76868	913
MH	Jidoștița	44.71363	22.58949	880
MH	Scăpău	44.46125	22.72194	873
MH	Șișești	44.76823	22.85288	854
MH	Burila Mică	44.41892	22.58241	833
MH	Jiana Mare	44.41183	22.68608	825
MH	Ilovița	44.76031	22.47016	813
MH	Negoești	44.98101	22.86528	813
MH	Obârșia de Câmp	44.1732	22.98212	797
MH	Broșteni	44.74363	22.96355	796
MH	Obârșia-Cloșani	45.04407	22.65239	788
MH	Șovarna	44.83587	22.80431	785
MH	Corlățel	44.39758	22.93238	779
MH	Orevița Mare	44.45599	22.90832	777
MH	Ostrovu Mare	44.38	22.51363	773
MH	Cioroboreni	44.38872	22.76181	745
MH	Gârdoaia	44.76052	22.92412	745
MH	Jiana	44.40186	22.71064	735
MH	Almăjel	44.38189	23.02928	733
MH	Bala	44.88223	22.83684	728
MH	Nicolae Bălcescu	44.37386	22.85549	718
MH	Crivina	44.50609	22.57088	710
MH	Noapteșa	44.80372	22.86706	694
MH	Izvoru Bârzii	44.7104	22.67512	682
MH	Burila Mare	44.45428	22.57531	674
MH	Aurora	44.19187	22.9395	656
MH	Halânga	44.67831	22.6888	652
MH	Traian	44.45833	22.85702	611
MH	Zegujani	44.80299	22.90814	604
MH	Bala de Sus	44.89785	22.80917	602
MH	Isverna	44.97409	22.62926	599
MH	Ilovăț	44.81146	22.76344	592
MH	Bistrețu	44.44793	22.61751	589
MH	Valea Anilor	44.36755	22.91981	587
MH	Greci	44.56095	23.10623	580
MH	Albulești	44.5153	23.20314	574
MH	Lupșa de Jos	44.73118	23.0021	573
MH	Meriș	44.78384	22.97261	570
MH	Dudașu Schelei	44.64274	22.59388	569
MH	Severinești	44.68869	22.95218	568
MH	Vlădaia	44.35671	23.02809	568
MH	Podeni	44.87787	22.52706	564
MH	Arginești	44.57461	23.41383	560
MH	Viașu	44.35313	22.81606	534
MH	Rudina	44.8788	22.79501	526
MH	Cozia	44.2157	22.71163	524
MH	Prunișor	44.61173	22.91292	524
MH	Smadovița	44.47743	23.20119	509
MH	Goanța	44.23336	22.96003	504
MH	Slașoma	44.42079	23.04582	496
MH	Gârbovățu de Jos	44.70205	23.00424	495
MH	Seliștea	44.97228	22.65554	495
MH	Lupșa de Sus	44.7325	22.94116	487
MH	Butoiești	44.58718	23.37262	481
MH	Dobra	44.39038	23.08617	476
MH	Ciovârnășani	44.76417	22.86056	474
MH	Voloiac	44.62446	23.09101	472
MH	Cujmiru Mic	44.18972	22.92399	469
MH	Pluta	44.57341	23.32914	465
MH	Stignița	44.49481	23.00008	461
MH	Cordun	44.68613	23.0361	459
MH	Stejaru	44.68495	23.07031	459
MH	Colibași	44.72817	22.74161	456
MH	Schinteiești	44.70273	22.66227	455
MH	Lunca Banului	44.6135	23.24479	454
MH	Grozești	44.64519	23.31574	453
MH	Buicești	44.56393	23.36461	450
MH	Cotoroaia	44.64436	23.03761	449
MH	Crăguești	44.7607	22.77259	447
MH	Corzu	44.45342	23.16584	444
MH	Bâcleș	44.4873	23.12096	442
MH	Balotești	44.73745	22.63601	440
MH	Plopi	44.53242	23.01175	437
MH	Prisăceaua	44.31835	23.09463	435
MH	Țânțaru	44.5369	23.34034	419
MH	Bahna	44.77472	22.49771	418
MH	Stângăceaua	44.60891	23.31144	418
MH	Stănești	45.01979	22.75376	416
MH	Dubova	44.59841	22.21091	410
MH	Pârlagele	44.76576	22.69132	408
MH	Drincea	44.30554	22.99562	397
MH	Peri	44.65951	22.89423	397
MH	Cocorova	44.7452	22.80575	393
MH	Dedovița Nouă	44.62664	22.72927	392
MH	Ostrovu Corbului	44.51857	22.72323	387
MH	Țigănași	44.43364	22.4998	384
MH	Copăcioasa	44.77887	22.89796	381
MH	Tâmna	44.58509	23.02143	381
MH	Valea Ursului (Tâmna)	44.57913	23.05517	381
MH	Imoasa	44.7163	23.03766	378
MH	Crainici	44.90316	22.87118	374
MH	Bobaița	44.75954	22.71992	368
MH	Valea Bună	44.63517	23.1108	356
MH	Jugastru	44.57834	23.3966	344
MH	Bucura	44.39844	22.86522	343
MH	Gura Motrului	44.55313	23.43707	341
MH	Ohaba	44.85037	22.85451	340
MH	Brebina	45.01308	22.81786	338
MH	Ponoarele	44.97988	22.76858	333
MH	Valea Ursului (Ponoarele)	44.98747	22.72945	333
MH	Bârda	44.73264	22.7057	331
MH	Luncșoara	44.72661	23.04087	331
MH	Izvorălu	44.53758	22.96449	330
MH	23 August	44.7133	22.76602	325
MH	Balta	44.89349	22.63422	323
MH	Fața Cremenii	44.59138	22.9889	322
MH	Hotărani	44.41772	22.80815	320
MH	Poroina Mare	44.4918	22.95701	319
MH	Batoți	44.51475	22.68061	311
MH	Bâlvănești	44.79764	22.68074	310
MH	Titerlești	45.02333	22.80415	307
MH	Gârbovățu de Sus	44.72131	22.82075	299
MH	Erghevița	44.60794	22.78074	295
MH	Bârâiacu	45.00478	22.73467	292
MH	Iablanița	44.46336	22.98812	292
MH	Șușița (Breznița-Ocol)	44.72748	22.60194	291
MH	Șușița (Grozești)	44.62167	23.35406	291
MH	Dâlma	44.904	22.74342	288
MH	Prejna	44.93581	22.59551	287
MH	Răduțești	44.58885	23.35361	284
MH	Pădina Mare	44.44239	23.01265	282
MH	Dâlbocița	44.83392	22.7379	281
MH	Florești	44.76683	22.94336	278
MH	Cernaia	44.66403	23.13406	276
MH	Hurducești	44.60179	23.14018	273
MH	Husnicioara	44.67145	22.84338	267
MH	Cervenița	44.63808	22.96385	266
MH	Poroina	44.61612	22.77656	266
MH	Gărdăneasa	44.96487	22.78755	264
MH	Măru Roșu	44.66959	23.11311	263
MH	Zegaia	44.63228	22.82699	260
MH	Slătinicu Mare	44.5983	23.20485	258
MH	Păsărani	44.61047	23.39602	254
MH	Boceni	44.55899	23.0011	253
MH	Ercea	44.6776	22.98441	253
MH	Fântâna Domnească	44.58614	22.92172	253
MH	Eibenthal	44.54457	22.157	249
MH	Izvoru Frumos	44.45404	22.49481	244
MH	Satu Mare	44.57735	23.27126	239
MH	Ștircovița	44.35863	23.00767	239
MH	Gheorghești	44.97219	22.71758	233
MH	Higiu	44.535	23.17931	233
MH	Vrancea	44.5446	22.5956	227
MH	Cremenea	44.60481	23.00307	225
MH	Cracu Muntelui	44.98614	22.75404	221
MH	Ghelmegioaia	44.61179	22.83185	221
MH	Podu Grosului	44.486	23.06725	219
MH	Izvoru Aneștilor	44.5542	22.85422	216
MH	Petra	44.46053	23.08704	212
MH	Cireșu	44.83324	22.53611	211
MH	Pădina Mică	44.42522	22.99071	211
MH	Poroinița	44.47191	22.85011	211
MH	Izvorălu de Jos	44.53657	22.91758	210
MH	Drăghești	44.99046	22.68	206
MH	Păunești	44.78751	22.62985	206
MH	Băluța	44.9563	22.7539	205
MH	Șiroca	44.82853	22.60871	204
MH	Stăncești	44.61664	23.2656	199
MH	Gornovița	44.9327	22.62807	197
MH	Valea Marcului	44.5164	23.22352	197
MH	Busești	44.94943	22.718	196
MH	Scorila	44.34752	23.0855	195
MH	Fântânile Negre	44.48741	22.91465	193
MH	Făuroaia	44.54462	23.29319	193
MH	Selișteni	44.67246	22.84147	192
MH	Poiana Gruii	44.27903	22.81219	189
MH	Puținei	44.68049	22.70167	189
MH	Cearângu	44.28302	22.97926	186
MH	Fața Motrului	44.6	23.3019	186
MH	Poiana	44.68438	22.97397	186
MH	Costești	44.92532	22.58124	185
MH	Sălătruc	44.57318	23.09169	184
MH	Turtaba	44.98373	22.69755	184
MH	Nadanova	44.94741	22.65145	183
MH	Croica	44.66706	23.12274	181
MH	Seliștiuța	44.4913	23.10222	179
MH	Colareț	44.54139	23.02675	176
MH	Stroești	44.83177	22.8963	176
MH	Comănești	44.93584	22.86577	175
MH	Racova	44.79707	22.76801	175
MH	Gornenți	44.90981	22.54988	174
MH	Vidimirești	44.85908	22.82476	174
MH	Bârlogeni	44.63005	23.28689	172
MH	Dumbrava de Jos	44.52435	23.16372	172
MH	Ștefan Odobleja	44.57861	22.83061	172
MH	Brativoești	44.9245	22.84692	167
MH	Vlădășești	44.65067	23.13099	166
MH	Godeanu	44.80032	22.60642	165
MH	Godeanu (Obârșia-Cloșani)	45.02124	22.65005	165
MH	Schitu Topolniței	44.75547	22.61973	164
MH	Valea Coșuștei	44.70692	22.91212	164
MH	Moșneni	44.78147	22.9261	163
MH	Runcușoru	44.89165	22.72863	162
MH	Negrești	44.68196	22.76876	161
MH	Sărdănești	44.88881	22.88694	159
MH	Bâlvăneștii de Jos	44.79661	22.71773	158
MH	Bunoaica	44.79894	22.54263	158
MH	Bădițești	44.63703	22.86511	155
MH	Căzănești	44.69927	22.8964	150
MH	Cârșu	44.89987	22.82432	149
MH	Valea Copcii	44.63469	22.7489	148
MH	Bratilovu	45.0235	22.7829	147
MH	Petriș	44.53734	22.8607	146
MH	Iupca	44.86728	22.86134	145
MH	Pistrița	44.96736	22.83982	145
MH	Studina	44.84218	22.77721	145
MH	Motruleni	44.66392	23.18593	140
MH	Negrușa	44.82163	22.51266	139
MH	Budănești	44.78106	22.74534	137
MH	Pușcașu	44.6704	23.10426	135
MH	Lumnic	44.62876	23.00493	134
MH	Târsa	44.56923	23.29768	133
MH	Ilovu	44.72305	22.86749	132
MH	Ceptureni	44.99088	22.76295	131
MH	Păltinișu	44.68682	22.90483	131
MH	Suharu	44.72744	22.85825	130
MH	Jignița	44.71576	22.90202	129
MH	Lac	44.61067	23.07	128
MH	Baia Nouă	44.55403	22.12837	126
MH	Brateșul	44.9135	22.82791	125
MH	Peșteana	44.82	22.88544	124
MH	Tismana	44.52344	22.66222	122
MH	Răscolești	44.69069	22.69363	121
MH	Mălărișca	44.88694	22.56873	116
MH	Rocșoreni	44.53069	23.06564	115
MH	Lazu	44.72571	22.77368	114
MH	Oprănești	44.65656	22.78245	114
MH	Roșia	44.69685	22.87173	114
MH	Proitești	44.97641	22.72668	110
MH	Cosovăț	44.54315	23.25761	109
MH	Adunații Teiului	44.52002	23.0501	108
MH	Căpățânești	44.74966	22.99555	108
MH	Câmpu Mare	44.85785	22.88864	103
MH	Biban	44.43661	23.07403	99
MH	Voloicel	44.62258	23.05979	98
MH	Cărămidaru	44.78787	22.8611	97
MH	Sfodea	44.857	22.60105	95
MH	Pârvulești	44.68171	23.01243	93
MH	Ludu	44.95913	22.80316	89
MH	Olteanca	44.439	22.96286	89
MH	Pavăț	44.56984	22.98724	89
MH	Slătinicu Mic	44.59037	23.18785	89
MH	Breznicioara	44.58208	23.25491	86
MH	Molani	44.93107	22.8506	86
MH	Moisești	44.80949	22.50352	85
MH	Buicani	44.96959	22.73582	84
MH	Dedovița Veche	44.6277	22.77064	81
MH	Răiculești	44.96752	22.77492	81
MH	Delureni	44.94639	22.76321	78
MH	Gutu	44.60357	22.87376	78
MH	Măgurele	44.2716	22.9476	78
MH	Sperlești	44.64911	23.00233	77
MH	Călineștii de Sus	44.8207	22.64923	76
MH	Șipotu (Ponoarele)	44.99908	22.71504	75
MH	Șipotu (Poroina Mare)	44.50374	22.90915	75
MH	Celnata	44.67798	22.80368	73
MH	Plai	44.54341	23.23653	73
MH	Dunărea Mică	44.5038	22.71269	72
MH	Dumbrava de Sus	44.51662	23.11737	71
MH	Peștenuța	44.83455	22.85415	71
MH	Marga	44.81691	22.58244	67
MH	Menți	44.67754	23.16789	67
MH	Poșta Veche	44.59527	23.32384	67
MH	Brânzeni	44.93759	22.7832	66
MH	Cerânganul	44.63924	23.2725	66
MH	Cracu Lung	44.82724	22.68517	66
MH	Dealu Mare	44.98318	22.81271	66
MH	Giura	44.50662	23.0959	65
MH	Jupânești	44.83269	22.56376	64
MH	Livezi	44.77893	22.90634	61
MH	Blidaru	44.56179	23.07089	59
MH	Borogea	44.65312	22.91007	58
MH	Dumbrava de Mijloc	44.5174	23.13651	58
MH	Priboiești	44.71064	22.81639	58
MH	Ruptura	44.62722	23.03228	58
MH	Balota	44.61906	22.80021	57
MH	Giurgiani	44.96991	22.57336	57
MH	Manu	44.55044	22.94682	57
MH	Valea Teiului	44.55982	23.15429	57
MH	Țițirigi	44.63963	23.04839	56
MH	Vlădica	44.50856	23.0754	53
MH	Mijarca	44.57129	22.89995	52
MH	Alunișul	44.6353	22.84013	50
MH	Valea Petrii	44.58411	23.09177	48
MH	Govodarva	44.69307	22.89255	47
MH	Breța	44.65715	23.12633	43
MH	Călineștii de Jos	44.80929	22.67755	43
MH	Firizu	44.84394	22.72363	40
MH	Brâgleasa	44.51908	23.06591	38
MH	Dragotești	44.58116	22.9424	36
MH	Prunaru	44.61253	22.88178	36
MH	Arvătești	44.56186	22.91869	33
MH	Coada Cornetului	44.90273	22.6632	33
MH	Igiroasa	44.57617	22.96309	33
MH	Gârnița	44.58802	22.85235	32
MH	Varodia	44.52799	23.10537	32
MH	Golineasa	44.52562	23.14354	31
MH	Tălăpanu	44.57927	23.23395	31
MH	Marmanu	44.64199	22.80107	24
MH	Cârjei	44.53713	22.8141	21
MH	Bâltanele (Greci)	44.57892	23.14748	14
MH	Bâltanele (Prunișor)	44.57892	23.14748	14
MH	Vișina	44.57911	23.11525	14
MH	Deleni	44.55489	23.30203	11
MH	Dumbrăvița	44.66825	22.78766	5
MH	Cerna-Vârf	44.92151	22.68167	0
MH	Dumbrava	44.51667	23.11667	0
MH	Nevățu	44.8963	22.61027	0
MH	Pădina	44.43215	23.00947	0
MH	Porțile de Fier II	44.31458	22.56123	0
MH	Satu Nou	44.31371	22.99484	0
MM	Baia Mare	47.65674	23.58499	122660
MM	Sighetu Marmației	47.92771	23.89765	33122
MM	Borșa	47.65377	24.66315	21967
MM	Vișeu de Sus	47.71505	24.43967	12687
MM	Baia Sprie	47.6608	23.69773	10633
MM	Poienile de sub Munte	47.82318	24.44791	10073
MM	Moisei	47.65541	24.54124	9264
MM	Seini	47.74751	23.28492	7501
MM	Băile Borșa	47.67814	24.69389	5644
MM	Ruscova	47.79562	24.29121	5541
MM	Târgu Lăpuș	47.45323	23.86179	5367
MM	Cavnic	47.6566	23.82978	4976
MM	Vișeu de Jos	47.73951	24.34288	4934
MM	Săliștea de Sus	47.65762	24.35248	4893
MM	Repedea	47.83328	24.39741	4716
MM	Ieud	47.66324	24.22869	4318
MM	Șomcuta Mare	47.50387	23.46343	3888
MM	Bârsana	47.81592	24.06565	3802
MM	Lăpuș	47.49556	24.00694	3709
MM	Săcel	47.63257	24.4403	3500
MM	Rona de Sus	47.88248	24.07832	3225
MM	Dragomirești	47.66125	24.28414	3213
MM	Tăuții de Sus	47.65734	23.63603	3093
MM	Săpânța	47.97416	23.69778	2903
MM	Rozavlea	47.7466	24.21812	2816
MM	Tăuții-Măgherăuș	47.66569	23.45965	2761
MM	Botiza	47.68012	24.13567	2717
MM	Leordina	47.78128	24.2618	2547
MM	Petrova	47.82787	24.21163	2525
MM	Strâmtura	47.77662	24.13057	2507
MM	Câmpulung la Tisa	47.97242	23.76566	2485
MM	Remeți	47.98906	23.63544	2478
MM	Suciu de Sus	47.43042	24.02946	2450
MM	Bogdan Vodă	47.69211	24.26299	2445
MM	Vișeu de Mijloc	47.71253	24.40452	2350
MM	Șieu	47.72252	24.21478	2348
MM	Sarasău	47.94876	23.80189	2238
MM	Budești	47.73133	23.94488	2232
MM	Coltău	47.59631	23.522	2189
MM	Vadu Izei	47.88335	23.95625	2187
MM	Groșii Țibleșului	47.53165	24.10603	2095
MM	Săsar	47.64302	23.49833	2016
MM	Ardusat	47.64528	23.36137	2009
MM	Cicârlău	47.69274	23.40058	1822
MM	Rona de Jos	47.92406	24.00904	1776
MM	Fărcașa	47.58545	23.32559	1769
MM	Băița	47.70437	23.49138	1686
MM	Crasna Vișeului	47.83788	24.2371	1666
MM	Sălsig	47.51695	23.30039	1641
MM	Chelința	47.45367	23.31768	1614
MM	Oncești	47.84766	23.97855	1549
MM	Băița de sub Codru	47.54576	23.13522	1546
MM	Băiuț	47.61478	23.99559	1518
MM	Valea Vișeului	47.9097	24.15616	1491
MM	Satulung	47.5687	23.42148	1461
MM	Lăpușel	47.61606	23.47278	1446
MM	Călinești	47.78367	23.96935	1432
MM	Mireșu Mare	47.50388	23.34314	1431
MM	Șișești	47.63304	23.70563	1431
MM	Berbești	47.84984	23.92431	1429
MM	Valea Hotarului	47.9302	23.84467	1417
MM	Ulmeni	47.46602	23.30236	1389
MM	Șurdești	47.60947	23.76575	1385
MM	Crăciunești	47.95359	23.98219	1331
MM	Rogoz	47.46884	23.93225	1324
MM	Văleni	47.78334	24.01805	1323
MM	Groși	47.61874	23.6102	1315
MM	Coaș	47.54008	23.58958	1312
MM	Iapa	47.91712	23.82079	1292
MM	Ungureni	47.55392	23.94125	1267
MM	Tisa	47.94786	23.96067	1255
MM	Ocna Șugatag	47.73739	23.88327	1242
MM	Ilba	47.71319	23.35388	1220
MM	Finteușu Mic	47.57015	23.45087	1189
MM	Recea	47.62495	23.49523	1187
MM	Sat-Șugatag	47.79869	23.90729	1187
MM	Gârdani	47.55191	23.30057	1151
MM	Nistru	47.72231	23.45354	1136
MM	Dumbrăvița	47.59967	23.64998	1131
MM	Remetea Chioarului	47.52925	23.54386	1109
MM	Mânău	47.48124	23.26154	1100
MM	Breb	47.74168	23.8993	1098
MM	Libotin	47.5079	23.96708	1097
MM	Satu Nou de Sus	47.63911	23.63012	1093
MM	Giulești	47.81906	23.92748	1088
MM	Suciu de Jos	47.44599	23.98267	1073
MM	Satu Nou de Jos	47.61591	23.56939	1055
MM	Asuaju de Sus	47.57499	23.16832	1043
MM	Răzoare	47.44775	23.79236	1036
MM	Ciocotiș	47.55543	23.79278	1018
MM	Bistra	47.86503	24.19137	1017
MM	Tămaia	47.59276	23.36404	974
MM	Vălenii Lăpușului	47.40637	23.78597	972
MM	Mocira	47.62401	23.52607	955
MM	Poienile Izei	47.70075	24.11341	940
MM	Mara	47.7523	23.82736	917
MM	Țicău	47.44385	23.30618	914
MM	Copalnic-Mănăștur	47.50927	23.67734	911
MM	Chechiș	47.58158	23.6018	907
MM	Dămăcușeni	47.45443	23.90931	907
MM	Iadăra	47.4777	23.39255	900
MM	Arduzel	47.44853	23.26927	892
MM	Desești	47.77265	23.85356	882
MM	Săbișa	47.72926	23.32753	858
MM	Săcălășeni	47.58166	23.56558	840
MM	Coruia	47.56483	23.59517	832
MM	Făurești	47.56726	23.75068	819
MM	Mogoșești	47.58401	23.39863	805
MM	Cernești	47.50978	23.7403	803
MM	Pribilești	47.56361	23.37288	787
MM	Someș-Uileac	47.45791	23.22544	787
MM	Cupșeni	47.54309	23.92552	782
MM	Vălenii Șomcutei	47.47405	23.4515	770
MM	Bocicoel	47.69884	24.32028	763
MM	Trestia	47.56562	23.79371	748
MM	Firiza	47.75751	23.60667	745
MM	Fersig	47.5403	23.38174	742
MM	Berința	47.54567	23.67713	733
MM	Buciumi	47.47002	23.4851	733
MM	Lunca la Tisa	47.95017	24.0509	714
MM	Șugău	47.88293	23.90478	704
MM	Buzești	47.6088	23.35586	695
MM	Tulghieș	47.49953	23.36941	688
MM	Nănești	47.83903	24.00865	672
MM	Rohia	47.40746	23.86352	670
MM	Copalnic	47.51953	23.65412	667
MM	Fânațe	47.53663	23.75998	665
MM	Chiuzbaia	47.7021	23.68453	657
MM	Ariniș	47.50228	23.22372	650
MM	Rus	47.61273	23.67358	647
MM	Finteușu Mare	47.541	23.46567	639
MM	Berchez	47.51766	23.50157	638
MM	Cărbunari	47.57345	23.64508	632
MM	Glod	47.72441	24.07751	632
MM	Coștiui	47.88062	24.03363	630
MM	Hideaga	47.59312	23.42564	630
MM	Viile Apei	47.7797	23.28657	628
MM	Culcea	47.5642	23.5503	627
MM	Dănești	47.6147	23.73597	627
MM	Cetățele	47.59501	23.73678	624
MM	Remeți pe Someș	47.47987	23.34036	621
MM	Ciolt	47.48491	23.50913	612
MM	Lucăcești	47.54028	23.3336	607
MM	Lazu Baciului	47.9052	23.91952	603
MM	Bicaz	47.45876	23.02691	589
MM	Băsești	47.47881	23.14564	587
MM	Strâmbu-Băiuț	47.59739	23.98005	587
MM	Oarța de Sus	47.46913	23.07557	581
MM	Sârbi (Budești)	47.76407	23.94574	577
MM	Sârbi (Fărcașa)	47.59348	23.34258	577
MM	Boiu Mare	47.39394	23.58208	576
MM	Valea Chioarului	47.4275	23.4841	574
MM	Bozânta Mare	47.63943	23.44281	567
MM	Șindrești	47.6039	23.69612	567
MM	Bușag	47.65914	23.42373	548
MM	Hărnicești	47.78565	23.88345	542
MM	Plopiș	47.58904	23.76994	522
MM	Oarța de Jos	47.45841	23.13212	520
MM	Bocicoiu Mare	47.94762	23.99734	518
MM	Slătioara	47.75499	24.09272	513
MM	Valea Cufundoasă	47.93624	23.9421	502
MM	Lăschia	47.54113	23.72761	490
MM	Unguraș	47.6273	23.67833	488
MM	Ocoliș	47.60277	23.57602	487
MM	Dăneștii Chioarului	47.55485	23.34422	475
MM	Valea Stejarului	47.87434	23.98809	472
MM	Baba	47.33977	23.74422	466
MM	Berchezoaia	47.5016	23.53978	466
MM	Fericea	47.4072	23.38637	463
MM	Colțirea	47.6088	23.40409	455
MM	Borcut	47.48025	23.83932	454
MM	Ferești	47.83211	23.94831	453
MM	Negreia	47.63144	23.74267	451
MM	Costeni	47.53735	23.91029	435
MM	Prislop	47.4078	23.54809	428
MM	Cornești	47.8144	23.96926	423
MM	Odești	47.51503	23.09093	406
MM	Dobricu Lăpușului	47.50171	23.9069	405
MM	Asuaju de Jos	47.53796	23.22647	398
MM	Handalu Ilbei	47.74463	23.36806	397
MM	Bozânta Mică	47.63652	23.42015	396
MM	Preluca Veche	47.4694	23.7079	396
MM	Vima Mare	47.37836	23.70692	396
MM	Buteasa	47.44703	23.55231	384
MM	Piatra	47.99956	23.55093	379
MM	Coroieni	47.37525	23.76249	376
MM	Posta	47.54898	23.49474	370
MM	Cătălina	47.60356	23.54547	368
MM	Cărpiniș	47.57328	23.69943	367
MM	Boiereni	47.38967	23.92941	363
MM	Stremț	47.49242	23.07556	358
MM	Vima Mică	47.40813	23.70702	355
MM	Mesteacăn	47.3817	23.51926	349
MM	Larga	47.4488	24.0986	345
MM	Vad	47.52228	23.70694	342
MM	Vicea	47.44811	23.23796	334
MM	Corni	47.47983	23.01901	332
MM	Hoteni	47.77021	23.89721	326
MM	Urmeniș	47.52625	23.19639	325
MM	Preluca Nouă	47.467	23.6515	298
MM	Curtuiușu Mare	47.42716	23.44375	297
MM	Hovrila	47.45799	23.51372	280
MM	Vărai	47.38721	23.449	275
MM	Arieșu de Câmp	47.64345	23.40304	274
MM	Rușor	47.50117	23.70849	272
MM	Curtuiușu Mic	47.54435	23.62959	269
MM	Sâlța	47.73741	24.17945	269
MM	Merișor	47.66462	23.40735	265
MM	Codru Butesii	47.46657	23.59655	259
MM	Sălnița	47.40824	23.67094	259
MM	Stoiceni	47.50985	23.88178	255
MM	Bârgău	47.68324	23.39635	252
MM	Tămășești	47.50075	23.18844	252
MM	Inău	47.51159	23.82671	251
MM	Remecioara	47.51029	23.55946	251
MM	Bontăieni	47.60966	23.71737	249
MM	Peteritea	47.42398	23.74113	249
MM	Fântânele	47.41056	23.82293	247
MM	Măgureni	47.48576	23.74329	244
MM	Tohat	47.48675	23.30529	240
MM	Poiana Botizii	47.59453	24.02524	235
MM	Arieșu de Pădure	47.58143	23.46774	223
MM	Brebeni	47.50163	23.77749	215
MM	Dealu Mare	47.36014	23.81652	210
MM	Cufoaia	47.47825	23.8012	206
MM	Ciuta	47.44625	22.99138	203
MM	Drăghia	47.35272	23.77073	195
MM	Blidari	47.77908	23.61244	184
MM	Dumbrava	47.49209	23.87104	183
MM	Teceu Mic	48.00137	23.56372	183
MM	Rodina	47.51433	23.2491	182
MM	Ulmoasa	47.73208	23.53176	173
MM	Valea Neagră	47.76662	23.62176	149
MM	Mănăstirea	47.80262	23.92201	143
MM	Orțița	47.46046	23.09205	142
MM	Copalnic-Deal	47.5108	23.65249	109
MM	Săliște	47.49581	23.11136	101
MM	Dealu Corbului	47.4497	23.6852	91
MM	Întrerâuri	47.4861	23.6151	90
MM	Groape	47.4445	23.7253	76
MM	Românești	47.40179	23.64115	68
MM	Durușa	47.41299	23.46144	67
MM	Frâncenii Boiului	47.3975	23.6133	59
MM	Aspra	47.45021	23.63818	55
MM	Izvoarele	47.75338	23.7144	48
MM	Stejera	47.44026	23.41909	44
MM	Jugăstreni	47.3952	23.66247	43
MS	Târgu Mureș	46.53859	24.55144	133124
MS	Reghin	46.77109	24.70076	25699
MS	Sighișoara	46.2197	24.79639	25605
MS	Târnăveni	46.32931	24.29358	20309
MS	Luduș	46.47604	24.09339	12486
MS	Sovata	46.59908	25.07744	9516
MS	Sângeorgiu de Mureș	46.57924	24.60868	8800
MS	Sâncraiu de Mureș	46.55063	24.49856	5385
MS	Iernut	46.45076	24.22902	5382
MS	Iernuțeni	46.7639	24.7192	4857
MS	Cristești	46.50366	24.49159	4754
MS	Sângeorgiu de Pădure	46.42919	24.83864	4509
MS	Band	46.57626	24.3743	3950
MS	Ungheni	46.48407	24.45979	3803
MS	Albești	46.23308	24.8486	3546
MS	Sărmașu	46.75124	24.16558	3546
MS	Miercurea Nirajului	46.53298	24.80451	3543
MS	Sântana de Mureș	46.58136	24.5546	3441
MS	Apalina	46.7521	24.6945	2725
MS	Glodeni	46.65497	24.60804	2688
MS	Petelea	46.71612	24.73867	2683
MS	Hodac	46.77695	24.92626	2672
MS	Corunca	46.52062	24.61889	2649
MS	Zau de Câmpie	46.61276	24.12677	2393
MS	Ernei	46.60736	24.64251	2316
MS	Pănet	46.55991	24.4352	2291
MS	Livezeni	46.55157	24.65132	2225
MS	Fântânele	46.42175	24.76573	2164
MS	Ibănești	46.7704	24.93229	2162
MS	Gănești	46.33365	24.35884	2136
MS	Daneș	46.22248	24.70152	2131
MS	Nazna	46.52932	24.49108	2104
MS	Aluniș	46.89417	24.82059	2015
MS	Bahnea	46.37148	24.47551	2001
MS	Gurghiu	46.76878	24.85598	1992
MS	Deda	46.94865	24.87522	1973
MS	Adămuș	46.30423	24.2413	1969
MS	Gornești	46.68223	24.7074	1926
MS	Toaca	46.79927	24.96325	1871
MS	Periș	46.69068	24.66494	1864
MS	Vânători	46.24177	24.92647	1787
MS	Eremitu	46.66098	24.92736	1785
MS	Chibed	46.54115	24.9628	1762
MS	Dumbrăvioara	46.63815	24.63672	1757
MS	Sânpaul	46.45246	24.35154	1754
MS	Valea Largă	46.62028	24.07595	1734
MS	Glăjărie	46.83417	24.93501	1702
MS	Solovăstru	46.77439	24.77033	1695
MS	Bogata	46.45378	24.11892	1681
MS	Ceuașu de Câmpie	46.65119	24.48553	1656
MS	Sărățeni	46.5617	25.01219	1608
MS	Ogra	46.44635	24.32218	1606
MS	Șăulia	46.63064	24.21241	1603
MS	Suseni	46.82545	24.71055	1599
MS	Brâncovenești	46.85705	24.7579	1595
MS	Ghindari	46.47299	24.94753	1577
MS	Voivodeni	46.7048	24.62569	1548
MS	Miheșu de Câmpie	46.67688	24.15452	1539
MS	Dedrad	46.82619	24.65678	1497
MS	Saschiz	46.19161	24.96158	1490
MS	Chendu	46.38671	24.7294	1473
MS	Deaj	46.34744	24.39909	1463
MS	Lunca Bradului	46.95898	25.1087	1455
MS	Boiu	46.26613	24.8653	1438
MS	Sânger	46.55913	24.13817	1413
MS	Sântioana de Mureș	46.51369	24.45589	1393
MS	Gheja	46.44849	24.0628	1376
MS	Rușii-Munți	46.91166	24.89562	1375
MS	Răstolița	46.97332	24.99172	1357
MS	Băgaciu	46.27176	24.37395	1352
MS	Batoș	46.88656	24.6518	1304
MS	Mădăraș	46.60489	24.43423	1299
MS	Șaeș	46.15642	24.76772	1271
MS	Bălăușeri	46.40784	24.69298	1226
MS	Pârâu Crucii (Pogăceaua)	46.69544	24.33824	1218
MS	Pogăceaua	46.67575	24.28499	1218
MS	Nadeș	46.31697	24.73886	1207
MS	Balda	46.73496	24.14099	1197
MS	Chețani	46.49522	23.99591	1195
MS	Jabenița	46.78269	24.79012	1193
MS	Acățari	46.44866	24.64458	1185
MS	Vălenii de Mureș	46.89241	24.79466	1179
MS	Remetea	46.56921	24.52651	1166
MS	Seuca	46.32969	24.32853	1163
MS	Valea Izvoarelor	46.43546	24.37881	1158
MS	Voiniceni	46.61242	24.52502	1144
MS	Șincai	46.6578	24.36452	1133
MS	Berghia	46.53928	24.43037	1132
MS	Sânpetru de Câmpie	46.71818	24.26148	1131
MS	Satu Nou (Sânpetru de Câmpie)	46.76404	24.25995	1131
MS	Delenii	46.2622	24.33761	1122
MS	Trei Sate	46.47698	24.90004	1122
MS	Țigmandru	46.35103	24.71545	1078
MS	Vălureni	46.50094	24.53996	1070
MS	Grebenișu de Câmpie	46.60698	24.30054	1068
MS	Breaza	46.76622	24.63789	1064
MS	Cipău	46.44565	24.28287	1064
MS	Crăciunești	46.47783	24.5657	1040
MS	Curteni	46.59399	24.57217	1038
MS	Dâmbău	46.31922	24.23112	1018
MS	Bistra Mureșului	46.96624	24.8997	1015
MS	Ideciu de Jos	46.81545	24.75683	1006
MS	Vidrasău	46.4764	24.41202	996
MS	Gălești	46.48743	24.75237	990
MS	Cornești (Adămuș)	46.29242	24.21191	957
MS	Cornești (Crăciunești)	46.45729	24.58577	957
MS	Tonciu	46.77808	24.55225	954
MS	Beica de Jos	46.73424	24.79671	951
MS	Apold	46.12666	24.81965	944
MS	Zagăr	46.34143	24.61004	936
MS	Ceuaș	46.342	24.44272	917
MS	Mătrici	46.65215	24.89898	903
MS	Bobohalma	46.34976	24.23099	899
MS	Păsăreni	46.49181	24.69438	899
MS	Chirileu	46.47426	24.37925	896
MS	Călimănești	46.41442	24.73099	880
MS	Cuieșd	46.60303	24.47347	877
MS	Tăureni	46.57988	24.08243	874
MS	Tirimia	46.45097	24.49033	874
MS	Hărănglab	46.30398	24.41408	857
MS	Viforoasa	46.4315	24.80375	857
MS	Câmpenița	46.65219	24.48532	849
MS	Viilor	46.24738	24.81702	848
MS	Filpișu Mare	46.75399	24.58745	836
MS	Ideciu de Sus	46.84179	24.77107	827
MS	Vătava	46.96404	24.76372	824
MS	Hădăreni	46.46535	23.98705	817
MS	Vălenii	46.44691	24.64508	817
MS	Troița	46.48759	24.76554	811
MS	Băița	46.83537	24.52928	804
MS	Roteni	46.45891	24.67908	797
MS	Morești	46.49071	24.43896	793
MS	Suplac	46.39727	24.51892	786
MS	Lechința	46.47497	24.22904	785
MS	Hetiur	46.27251	24.77154	781
MS	Șoard	46.2631	24.92235	780
MS	Agrișteu	46.39158	24.686	776
MS	Archita	46.18166	25.08606	772
MS	Cuci	46.4542	24.15688	769
MS	După Deal (Cuci)	46.4887	24.1959	769
MS	Cucerdea	46.39646	24.25529	760
MS	Roșiori	46.51414	24.09685	760
MS	Căpușu de Câmpie	46.5419	24.3143	753
MS	Sărmășel-Gară	46.78424	24.20426	749
MS	Săbed	46.6641	24.44417	748
MS	Gălățeni	46.47385	24.70583	745
MS	Sărmășel	46.76151	24.17981	739
MS	Lunca Mureșului	46.87276	24.7876	735
MS	Nicolești	46.47694	24.55556	735
MS	Măgherani	46.58717	24.94126	731
MS	Ațintiș	46.42757	24.10234	716
MS	Senereuș	46.33244	24.64655	708
MS	Filea	46.94203	24.88429	705
MS	Chinari	46.60484	24.58912	698
MS	Viișoara	46.29366	24.59904	695
MS	Cipăieni	46.53177	24.16913	694
MS	Papiu Ilarian	46.57347	24.21658	693
MS	Stânceni	46.94836	25.24774	692
MS	Orșova	46.75073	24.90892	689
MS	Idrifaia	46.38757	24.46634	677
MS	Valea	46.56306	24.79622	677
MS	Valea Albeștiului	46.21611	24.84632	677
MS	Valea Dăii	46.22261	24.89519	677
MS	Valea Sânpetrului (Grebenișu de Câmpie)	46.61136	24.29105	677
MS	Valea Sânpetrului (Pogăceaua)	46.67594	24.26422	677
MS	Valea Șapartocului	46.2035	24.84931	677
MS	Dumbrava	46.94263	24.80065	671
MS	Crăiești	46.7486	24.43905	663
MS	Crăiești (Adămuș)	46.29755	24.19188	663
MS	Iclandu Mare	46.5281	24.26506	661
MS	Luieriu	46.84537	24.72187	654
MS	Sălcud	46.40503	24.1661	652
MS	Bezid	46.40656	24.91979	632
MS	Porumbeni	46.63623	24.54569	631
MS	Călușeri	46.60536	24.73494	627
MS	Călugăreni	46.62892	24.87738	618
MS	Șeulia de Mureș	46.41714	24.24822	618
MS	Răzoare	46.69016	24.19235	607
MS	Criș	46.14334	24.69217	606
MS	Goreni	46.85203	24.65636	597
MS	Dâmbu	46.74109	24.2622	591
MS	Tușinu	46.73139	24.22551	591
MS	Sâmbriaș	46.66116	24.82675	584
MS	Grindeni	46.49877	23.9971	578
MS	Gogan	46.30479	24.51542	577
MS	Filpișu Mic	46.78214	24.5992	573
MS	Tâmpa	46.53267	24.76561	571
MS	Băla	46.71377	24.47944	569
MS	Lunca	46.84408	24.56881	566
MS	Petrilaca	46.40733	24.14445	559
MS	Cuștelnic	46.33911	24.30935	552
MS	Bărdești	46.59468	24.5158	546
MS	Mica	46.36079	24.4132	544
MS	Gheorghe Doja	46.46358	24.50782	543
MS	Satu Nou (Gheorghe Doja)	46.45679	24.50959	543
MS	Sântioana	46.28403	24.54654	538
MS	Murgești	46.48095	24.6554	537
MS	Foi	46.47972	24.59972	535
MS	Ulieș	46.73039	24.33244	534
MS	Uila	46.93122	24.61712	528
MS	Cașva	46.78062	24.87708	522
MS	Vișinelu	46.73599	24.0991	516
MS	Neagra	46.96801	25.14473	513
MS	Idicel-Pădure	46.84961	24.86835	508
MS	Sânmărtinu de Câmpie	46.72677	24.40517	508
MS	Odrihei	46.40521	24.56797	502
MS	Rora	46.2261	24.7433	496
MS	Fărăgău	46.75902	24.52879	494
MS	Râpa de Jos	46.94317	24.76468	492
MS	Tireu	46.7794	24.99332	491
MS	Cerghid	46.41378	24.44352	488
MS	Fițcău	46.89826	24.86846	486
MS	Cotuș	46.57486	24.66974	480
MS	Dumitreni	46.40056	24.75516	478
MS	Sângeru de Pădure	46.64067	24.6621	476
MS	Ivănești	46.54136	24.66795	472
MS	Chiheru de Jos	46.68616	24.87413	471
MS	Cerghizel	46.45498	24.45021	468
MS	Frunzeni	46.81479	24.56878	467
MS	Pădureni	46.64031	24.71396	460
MS	Petrilaca de Mureș	46.68946	24.75129	455
MS	Ilieși	46.58244	25.12799	454
MS	Urisiu de Sus	46.70711	24.90571	454
MS	Maiad	46.52005	24.7134	453
MS	Meștera	46.9645	25.19555	449
MS	Logig	46.87933	24.57355	434
MS	Cecălaca	46.39455	24.04222	431
MS	Budiu Mic	46.50934	24.58158	430
MS	Găiești	46.4256	24.66841	427
MS	Vărgata	46.57793	24.80396	427
MS	Ormeniș	46.32416	24.54353	426
MS	Sânvăsii	46.49688	24.73908	426
MS	Pietriș	46.94569	24.83493	420
MS	Vețca	46.35173	24.78992	420
MS	Șilea Nirajului	46.59821	24.92133	414
MS	După Deal (Iclănzel)	46.51899	24.2474	412
MS	Iclănzel	46.52515	24.27531	412
MS	Păingeni	46.68269	24.56527	408
MS	Laslău Mare	46.38709	24.53846	406
MS	Cozma	46.81093	24.50392	403
MS	Șoimuș	46.39219	24.58591	403
MS	Șardu Nirajului	46.54446	24.75194	401
MS	Coroisânmărtin	46.40435	24.58012	397
MS	Culpiu	46.63924	24.42954	396
MS	Leordeni	46.47023	24.487	396
MS	Chiheru de Sus	46.68212	24.90265	388
MS	Sângeorgiu de Câmpie	46.72395	24.29564	388
MS	Icland	46.61238	24.69324	387
MS	Idiciu	46.27619	24.45811	387
MS	Vădaș	46.45458	24.81861	385
MS	Neaua	46.47843	24.83019	379
MS	Herghelia	46.63155	24.4775	377
MS	Iod	46.97396	24.97503	376
MS	Morăreni	46.9228	24.82788	375
MS	Idicel	46.85326	24.8191	374
MS	Cinta	46.45562	24.54836	373
MS	Tisieu	46.76975	25.01267	366
MS	Mitrești	46.58584	24.80023	365
MS	Laslău Mic	46.36734	24.5552	363
MS	Roua	46.38461	24.82434	360
MS	Sfântu Gheorghe	46.4519	24.26076	357
MS	Solocma	46.47788	24.99529	356
MS	Șerbeni	46.71495	24.86355	355
MS	Sântu	46.80112	24.60052	354
MS	Câmpu Cetății	46.66955	25.01208	351
MS	Mureni	46.23112	24.99143	346
MS	Săcădat	46.61858	25.06541	344
MS	Ilieni	46.46337	24.52555	343
MS	Teleac	46.67381	24.79417	342
MS	Hărțău	46.58262	24.47882	340
MS	Mărășești	46.59742	24.34716	337
MS	Pârâu Mare	46.76162	25.00609	337
MS	Ranta	46.4997	24.14577	337
MS	Jacodu	46.32945	24.83119	334
MS	Poienița	46.5542	24.66775	334
MS	Urisiu de Jos	46.71053	24.89375	331
MS	Bărboși	46.58519	24.18144	330
MS	Deag	46.38916	24.19432	330
MS	Dătășeni	46.47685	24.17525	327
MS	Isla	46.62751	24.78352	327
MS	Iara de Mureș	46.66262	24.72851	325
MS	Stejeriș	46.47968	24.61629	324
MS	Țopa	46.25457	24.8795	323
MS	Mihai Viteazu	46.15515	25.0253	322
MS	Oroiu	46.54224	24.35241	320
MS	Beica de Sus	46.73888	24.82118	318
MS	Ozd	46.3567	24.11779	318
MS	Adrian	46.78277	24.83159	316
MS	Săcalu de Pădure	46.8836	24.70966	316
MS	Botorca	46.2824	24.30157	315
MS	Văleni	46.65944	24.26926	314
MS	Lăureni	46.5426	24.73219	310
MS	Ciobotani	46.95401	25.27047	309
MS	Brădețelu	46.7581	25.04331	306
MS	Dumitreștii	46.52149	24.78635	306
MS	Fânațele Mădărașului	46.62042	24.38548	301
MS	Gruișor	46.45193	24.61477	301
MS	Abuș	46.35759	24.37956	300
MS	Șomoștelnic	46.39095	24.38406	298
MS	Bordoșiu	46.39621	24.78511	294
MS	Habic	46.70855	24.79108	294
MS	Ghinești	46.49644	24.86293	288
MS	Moișa	46.68248	24.52399	282
MS	Bolintineni	46.49228	24.71182	275
MS	Moșuni	46.56888	24.7404	274
MS	Dubiștea de Pădure	46.77966	24.97837	273
MS	Lăscud	46.39268	24.3539	273
MS	Săcăreni	46.59876	24.69675	272
MS	Vadu	46.60721	24.77982	271
MS	Valea Urieșului	46.63021	24.08583	270
MS	Păuloaia	46.80379	24.88547	265
MS	Valea Rece	46.57166	24.33528	264
MS	Sânmihai de Pădure	46.72909	24.87466	263
MS	Seleuș (Daneș)	46.23254	24.69091	256
MS	Seleuș (Zagăr)	46.36163	24.58578	256
MS	Păcureni	46.66242	24.55574	252
MS	Rigmani	46.51074	24.83707	248
MS	Nadășa	46.70285	24.81301	243
MS	Șincai-Fânațe	46.65255	24.33531	243
MS	Sânmărghita	46.48219	24.36955	242
MS	Șăușa	46.50293	24.39633	242
MS	Cioarga	46.4953	24.0716	238
MS	Dămieni	46.62598	24.85956	236
MS	Eremieni	46.53518	24.86978	236
MS	Poarta	46.73396	24.55705	235
MS	Sânișor	46.54293	24.69593	235
MS	Suveica	46.43384	24.71593	232
MS	Bereni	46.58258	24.87258	231
MS	Valea Mare	46.64098	24.29443	229
MS	Filitelnic	46.3659	24.66735	228
MS	Hodoșa	46.63691	24.8234	225
MS	Ciba	46.47917	24.56806	224
MS	Maiorești	46.90763	24.80977	223
MS	Bichiș	46.37537	24.09113	222
MS	Valea Șurii	46.63524	24.0561	222
MS	Iștihaza	46.39021	24.10441	221
MS	Feleag	46.23956	25.0153	216
MS	Blidireasa	46.76187	25.03265	215
MS	Dileu Vechi	46.4707	24.30749	215
MS	Petea	46.51095	24.34394	215
MS	Mărculeni	46.59629	24.86319	214
MS	Grădini	46.61804	24.08883	210
MS	Comori	46.73596	24.89216	208
MS	Toldal	46.7047	24.57842	208
MS	Grâușorul	46.59896	24.82946	205
MS	Leniș	46.73306	24.41989	205
MS	Avrămești	46.53405	24.10479	204
MS	Stejărenii	46.1539	24.72074	204
MS	Păucișoara	46.34975	24.3467	203
MS	Lepindea	46.32784	24.47147	201
MS	Bernadea	46.37559	24.45741	200
MS	Nima Râciului	46.70489	24.44231	200
MS	Valea Frăției	46.64877	24.06423	198
MS	Bedeni	46.46599	24.78161	196
MS	Căciulata	46.71587	24.38676	195
MS	Venchi	46.24808	24.745	195
MS	Valea Pădurii	46.62444	24.04149	194
MS	Daia (Apold)	46.1459	24.90111	192
MS	Daia (Bahnea)	46.30526	24.45884	192
MS	Dulcea	46.75953	25.02337	192
MS	Ercea	46.73204	24.50914	187
MS	Merișor	46.69901	24.54713	187
MS	Ibănești-Pădure	46.76036	24.97555	186
MS	Milășel	46.74202	24.45109	186
MS	Dileu Nou	46.46157	24.33099	183
MS	Cund	46.27168	24.51146	181
MS	Botez	46.38685	24.02254	179
MS	Tirimioara	46.4546	24.5479	176
MS	Căcuciu	46.72591	24.8495	175
MS	Zăpodea	46.53984	24.11741	172
MS	Borzia	46.9701	24.9341	171
MS	Fundătura	46.54958	24.03874	171
MS	Sebeș	46.92815	24.86479	171
MS	Coasta Mare	46.69858	24.36406	169
MS	Orosia	46.45648	24.13816	167
MS	Torba	46.54917	24.8868	164
MS	Bozed	46.68787	24.46083	163
MS	Căpâlna de Sus	46.3785	24.43476	160
MS	Ciulea	46.66595	24.26168	158
MS	Orșova-Pădure	46.73607	24.94025	156
MS	Leorința-Șăulia	46.62149	24.21759	155
MS	Recea	46.46389	24.41655	155
MS	Valea Glodului	46.64737	24.08482	154
MS	Valea Sânmărtinului	46.74514	24.32532	154
MS	Cloașterf	46.14753	24.99525	153
MS	Măcicășești	46.62499	24.24612	153
MS	Bâra	46.57189	24.87171	150
MS	Gâmbuț	46.35176	24.0631	150
MS	Abud	46.52484	24.91442	149
MS	Maia	46.58118	24.84816	148
MS	Bord	46.39246	24.22498	147
MS	Negrenii de Câmpie	46.64561	24.28743	147
MS	Pârâu Crucii (Râciu)	46.6942	24.3371	147
MS	Vaideiu	46.49443	24.32103	147
MS	Giuluș	46.40094	24.30885	146
MS	Coroi	46.40935	24.63353	145
MS	Botei	46.63953	24.12994	141
MS	Cibu	46.37924	24.80338	138
MS	Sălașuri	46.37433	24.77487	138
MS	Bozeni	46.53135	24.66975	136
MS	Bârlibaș	46.68624	24.23265	132
MS	Ilioara	46.64557	24.74544	132
MS	Oarba de Mureș	46.4609	24.28872	132
MS	Țiptelnic	46.58515	24.41129	132
MS	Adrianu Mare	46.49272	24.80433	131
MS	Măgheruș	46.32015	24.68901	131
MS	Pusta	46.67972	24.35395	131
MS	Bicașu	46.80159	24.95326	129
MS	Drojdii	46.54715	24.85679	129
MS	Șăulița	46.66012	24.21359	129
MS	Iștan-Tău	46.65379	24.30003	128
MS	Mădărășeni	46.50356	24.25928	128
MS	Fundoaia	46.83925	24.91035	125
MS	Ihod	46.63266	24.79734	125
MS	Leorința	46.6128	24.23065	125
MS	Ursoaia	46.54933	24.22314	124
MS	Deleni (Ideciu de Jos)	46.83623	24.80636	120
MS	Deleni (Pogăceaua)	46.6758	24.27905	120
MS	Drăculea Bandului	46.61984	24.33709	119
MS	Corbești	46.42964	24.59085	118
MS	Aurel Vlaicu	46.18628	24.80625	117
MS	Larga (Gurghiu)	46.82517	24.91548	116
MS	Larga (Sărmașu)	46.73051	24.18233	116
MS	Lechincioara	46.66506	24.42156	115
MS	Nandra	46.38242	24.07524	115
MS	Poduri	46.62889	24.07027	114
MS	Vulcan	46.14878	24.85305	114
MS	Socolu de Câmpie	46.79039	24.51228	111
MS	Pădurea	46.62974	24.19221	107
MS	Merișoru	46.56806	24.20227	105
MS	Gaura Sângerului	46.6001	24.12484	104
MS	Beu	46.57285	24.71198	100
MS	Zimți	46.75869	25.05045	100
MS	Cându	46.60018	24.88793	95
MS	Moruț	46.73524	24.19407	95
MS	Ciurgău	46.50144	24.10378	93
MS	Andreneasa	46.97256	25.01443	87
MS	Fânațele Căpușului	46.57161	24.26608	85
MS	Gălăoaia	46.97384	24.92964	82
MS	Ciretea	46.60817	24.16585	79
MS	Arșița	46.78657	24.99293	74
MS	Căpeți	46.6213	25.07301	71
MS	Sub Pădure	46.36737	24.32503	71
MS	Bujor	46.65309	24.17791	70
MS	Sânsimion	46.49581	24.83526	69
MS	Pipea	46.32501	24.77171	68
MS	Bârza	46.57425	24.14332	67
MS	Lefaia	46.74916	24.46912	67
MS	Sălard	46.93685	25.08028	67
MS	Bujor-Hodaie	46.6449	24.1683	65
MS	Adrianu Mic	46.50096	24.78941	60
MS	Fânațe (Band)	46.64759	24.31336	59
MS	Fânațe (Fărăgău)	46.76937	24.47126	59
MS	Fânațe (Iclănzel)	46.53348	24.22126	59
MS	Fânațe (Tăureni)	46.56385	24.07848	59
MS	Șoromiclea	46.2601	24.77153	59
MS	Moara de Jos	46.5643	24.09077	56
MS	Uricea	46.77429	24.95716	55
MS	Pripoare	46.52224	24.20171	51
MS	Veța	46.56022	24.72238	49
MS	Malea	46.58368	24.19101	48
MS	Cordoș	46.51149	24.01585	47
MS	Ceie	46.46329	24.97414	46
MS	Groapa Rădăii	46.65943	24.2309	45
MS	Tău	46.59442	24.15419	44
MS	Sicele	46.6944	24.292	42
MS	Dobra	46.58161	24.23509	41
MS	Mura Mică	46.64817	24.76342	37
MS	Valea Ulieșului	46.73486	24.368	37
MS	Mura Mare	46.65688	24.77851	36
MS	Hagău	46.71509	24.37605	32
MS	Ștefanca	46.68401	24.22118	32
MS	Ștefăneaca	46.6117	24.112	32
MS	Titiana	46.7152	24.19347	32
MS	Mirigioaia	46.80483	24.93097	30
MS	Bologaia	46.64302	24.25766	28
MS	Sâniacob	46.4231	24.12945	28
MS	Șapartoc	46.23333	24.85	26
MS	Scurta	46.66072	24.24724	26
MS	Bezidu Nou	46.42465	24.91205	24
MS	Tăblășeni	46.5176	24.3067	24
MS	Tofalău	46.5871	24.6577	24
MS	Herepea	46.33049	24.15542	23
MS	Ghidașteu	46.54812	24.27892	19
MS	Valea Sasului	46.82876	24.46645	19
MS	Fânațele Socolului	46.79143	24.46956	18
MS	Valea Iclandului	46.5344	24.2539	18
MS	Valea Seacă	46.74225	24.41473	18
MS	Vaidacuta	46.41927	24.5231	17
MS	Coasta Grindului	46.4932	23.97486	15
MS	Mogoaia	46.66981	24.23029	14
MS	Curețe	46.74076	24.42765	13
MS	Giurgiș	46.51586	23.97036	13
MS	Cotorinau	46.72748	24.35529	12
MS	Jacu	46.3219	24.81422	12
MS	Cirhagău	46.66149	24.10964	11
MS	Valea Ungurului	46.80899	24.48558	11
MS	Chisălița	46.56153	24.31366	8
MS	Nima Milășelului	46.73023	24.46489	8
MS	Chinciuș	46.35409	24.17983	7
MS	Porumbac	46.4811	24.2647	3
MS	Vălișoara	46.535	24.21023	3
MS	Angofa	46.18606	24.77896	0
MS	Bârlibășoaia	46.29591	24.83156	0
MS	Dalu	46.54527	24.0892	0
MS	Fântâna Babii	46.6774	24.3378	0
MS	Hodaia	46.7737	24.4793	0
MS	Lăpușna	46.76815	25.21364	0
MS	Linț	46.54123	23.99099	0
MS	Loțu	46.40019	24.89633	0
MS	Mălăești	46.62727	24.09685	0
MS	Maldaoci	46.4113	24.0398	0
MS	Mureșeni	46.52474	24.51683	0
MS	Obârșie	46.74713	24.39389	0
MS	Onuca	46.72797	24.57767	0
MS	Racameț	46.5131	24.2404	0
MS	Râciu	46.69037	24.39609	0
MS	Șandru	46.55242	24.21649	0
NT	Piatra-Neamț	46.92996	26.37798	82375
NT	Roman	46.93338	26.92655	50713
NT	Târgu Neamț	47.20979	26.37573	13736
NT	Săbăoani	47.01503	26.86199	8722
NT	Săvinești	46.85631	26.47566	5921
NT	Săvinești (Poiana Teiului)	47.13402	25.89269	5921
NT	Vânători-Neamț	47.21636	26.30668	4726
NT	Roznov	46.83801	26.50744	4723
NT	Zănești	46.81637	26.55256	4016
NT	Oglinzi	47.24835	26.34682	3903
NT	Podoleni	46.79554	26.61516	3883
NT	Buruienești	46.99846	26.97389	3850
NT	Humulești	47.19822	26.35373	3685
NT	Gherăești	47.0235	26.82841	3668
NT	Adjudeni	47.00881	26.94853	3429
NT	Bicaz	46.90958	26.08539	3387
NT	Pildești	46.99761	26.82745	3359
NT	Horia	46.90631	26.92006	3277
NT	Bicaz-Chei	46.83207	25.88147	3082
NT	Tămășeni	46.99148	26.94987	3064
NT	Dumbrava Roșie	46.8821	26.43464	2957
NT	Răucești	47.25221	26.40535	2890
NT	Trifești	46.8971	26.82235	2818
NT	Sagna	46.96956	27.031	2742
NT	Țibucani	47.11184	26.53853	2579
NT	Grumăzești	47.13455	26.37855	2569
NT	Urecheni	47.15456	26.51401	2557
NT	Gârcina	46.97642	26.34276	2554
NT	Cotu Vameș	46.90782	26.95529	2549
NT	Nisiporești	47.07727	26.73948	2471
NT	Ion Creangă	46.86935	26.98347	2339
NT	Cordun	46.94894	26.89602	2250
NT	Tazlău	46.72324	26.4678	2224
NT	Cut	46.88125	26.4171	2214
NT	Piatra Șoimului	46.83463	26.43736	2212
NT	Borlești	46.76765	26.42475	2151
NT	Siliștea	46.78316	26.70091	2074
NT	Bălțătești	47.12247	26.3058	2068
NT	Dochia	46.9	26.55	2042
NT	Barticești	47.06374	26.79327	2031
NT	Crăcăoani	47.09486	26.3119	2023
NT	Telec	46.88034	25.87476	2020
NT	Dămuc	46.73726	25.91489	2018
NT	Sabasa	47.19342	25.80598	1988
NT	Gâdinți	46.93589	27.00925	1983
NT	Bălușești (Dochia)	46.92819	26.59986	1964
NT	Bălușești (Icușești)	46.81436	26.9947	1964
NT	Rediu	46.75733	26.56015	1918
NT	Rediu (Bâra)	47.01374	27.0064	1918
NT	Bodești	47.03231	26.41714	1894
NT	Bistrița	46.94689	26.29888	1881
NT	Ghindăoani	47.10832	26.342	1849
NT	Tupilați	47.07912	26.64868	1804
NT	Brusturi	47.28907	26.34103	1802
NT	Mărgineni	46.89208	26.64527	1798
NT	Miron Costin	46.92239	26.79963	1733
NT	Păstrăveni	47.16125	26.57122	1714
NT	Bicazu Ardelean	46.859	25.92006	1690
NT	Hangu	47.07643	26.04128	1682
NT	Luminiș	46.81299	26.44079	1669
NT	Tarcău	46.89021	26.13274	1666
NT	Dodeni	46.92347	26.08969	1654
NT	Țolici	47.11318	26.4464	1616
NT	Ștefan cel Mare	46.98726	26.51454	1599
NT	Agapia	47.171	26.27849	1594
NT	Agapia-Mânăstire	47.17038	26.23521	1594
NT	Topolița	47.16892	26.38757	1586
NT	Rădeni	47.14179	26.52856	1570
NT	Petricani	47.1583	26.44629	1535
NT	Stânca	47.22744	26.16043	1526
NT	Boboiești	47.25616	26.02133	1513
NT	Rotunda	47.02274	26.96063	1512
NT	Pipirig	47.23961	26.06781	1464
NT	Nemțișor	47.24228	26.26521	1463
NT	Girov	46.94886	26.50126	1460
NT	Bodeștii de Jos	47.02878	26.43665	1450
NT	Dolhești	47.21863	26.06811	1419
NT	Dobreni	46.99638	26.41482	1414
NT	Ruginoasa	46.98478	26.70716	1413
NT	Valea Seacă	47.14068	26.30081	1405
NT	Pângărăcior	46.93434	26.21776	1394
NT	Ceahlău	47.00593	25.96193	1354
NT	Costișa	46.75312	26.63934	1336
NT	Cândești	46.72014	26.57914	1284
NT	Moldoveni	46.82764	26.79818	1283
NT	Negrești	47.03431	26.35637	1257
NT	Negrești (Bâra)	47.00703	27.06618	1257
NT	Târpești	47.15452	26.42991	1236
NT	Poieni	46.84107	26.36153	1231
NT	Doljești	47.04609	26.97176	1191
NT	Petru Vodă	47.13104	25.99899	1160
NT	Poloboc	46.7565	26.54265	1156
NT	Chilii	46.80355	27.03206	1154
NT	Cuejdiu	46.99185	26.28815	1153
NT	Boghicea	47.05258	27.08004	1141
NT	Timișești	47.22542	26.51335	1120
NT	Lunca (Borca)	47.21647	25.74002	1112
NT	Lunca (Oniceni)	46.79224	27.16057	1112
NT	Lunca (Vânători-Neamț)	47.22976	26.29478	1112
NT	Tașca	46.89486	26.02331	1108
NT	Dumbrava	47.21681	26.46894	1107
NT	Farcașa	47.16059	25.84476	1099
NT	Budești	46.94283	26.71316	1017
NT	Bârgăuani	46.99407	26.64929	1009
NT	Grințieș	47.03613	25.88563	997
NT	Stejaru (Farcașa)	47.15759	25.82211	977
NT	Stejaru (Ion Creangă)	46.84661	27.04978	977
NT	Stejaru (Pângărați)	46.91251	26.17959	977
NT	Pluton	47.20894	26.00329	971
NT	Goșmani	46.83429	26.7148	960
NT	Oșlobeni	47.05485	26.38934	960
NT	Borca	47.17894	25.77948	958
NT	Cracăul Negru	47.09023	26.22997	956
NT	Chintinici	46.82697	26.49433	954
NT	Valea Ursului	46.79954	27.07848	946
NT	Izvoare (Bahna)	46.75031	26.79532	945
NT	Izvoare (Dumbrava Roșie)	46.9113	26.46375	945
NT	Dulcești	46.96725	26.79248	943
NT	Hociungi	46.81272	26.77471	924
NT	Oanțu	46.91341	26.19711	918
NT	Filioara	47.16094	26.27691	913
NT	Hoisești	46.87852	26.66303	912
NT	Români	46.79608	26.68048	905
NT	Boiștea	47.1782	26.43462	899
NT	Poienari	46.88567	27.11407	899
NT	Davideni	47.1227	26.59989	894
NT	Cuci	46.82909	27.19743	893
NT	Traian (Săbăoani)	46.98959	26.90574	886
NT	Traian (Zănești)	46.8328	26.57528	886
NT	Vădurele (Alexandru cel Bun)	46.93403	26.25074	879
NT	Vădurele (Cândești)	46.72721	26.56123	879
NT	Averești	46.87546	27.04663	875
NT	Solca	46.75987	27.15469	865
NT	Hlăpești	47.03757	26.60061	850
NT	Ivaneș	46.8293	25.91693	846
NT	Mădei	47.20851	25.75413	845
NT	Secuieni	46.85713	26.81546	813
NT	Văratec	47.14228	26.27309	807
NT	Pâțâligeni	47.22809	26.11503	804
NT	Curechiștea	47.13142	26.38592	796
NT	Mănoaia	46.76328	26.65582	795
NT	Blebea	47.19639	26.40848	793
NT	Ingărești	47.18872	26.50821	785
NT	Ciritei	46.93042	26.40765	773
NT	Bozieni	46.83891	27.13362	757
NT	Vad	47.02496	26.54913	756
NT	Vaduri	46.93093	26.25808	755
NT	Vulpășești	46.96231	27.05913	754
NT	Poiana Largului	47.09343	25.97678	726
NT	Simionești	46.96804	26.86697	724
NT	Slobozia (Boghicea)	47.06992	27.11479	720
NT	Slobozia (Roznov)	46.84884	26.52662	720
NT	Huisurez	46.73001	25.91812	714
NT	Târzia	47.30905	26.35036	708
NT	Buhalnița	47.02233	26.09223	705
NT	Bradu	46.99695	25.84339	701
NT	Bistricioara	47.05312	25.92291	687
NT	Bucium	46.77839	27.06945	685
NT	Recea	46.84692	26.95113	683
NT	Pârâul Cârjei	47.20023	25.76688	681
NT	Tețcani	47.03453	26.8417	680
NT	Războieni	47.06791	26.55753	679
NT	Leghin	47.22339	26.19832	675
NT	Buhonca	47.04769	26.98608	667
NT	Butnărești	46.87241	26.79105	659
NT	Războienii de Jos	47.07502	26.56046	659
NT	Icușești	46.80486	26.98081	658
NT	Giurgeni	46.8163	27.10726	655
NT	Capșa	46.90887	26.10958	644
NT	Brășăuți	46.86627	26.43554	643
NT	Bețești	46.74485	26.58933	634
NT	Drăgănești	47.30724	26.40542	634
NT	Pâncești	46.91877	27.14807	634
NT	Almaș	47.00942	26.34629	629
NT	Valea Arini	47.13091	26.29009	629
NT	Viișoara	46.9412	26.27448	622
NT	Bahna	46.7773	26.80171	620
NT	Văleni	47.0316	26.68709	620
NT	Văleni (Piatra-Neamț)	46.90517	26.38878	620
NT	Plăieșu	47.23234	26.50131	619
NT	Iucșa	46.84299	27.13043	606
NT	Straja	46.90414	26.17135	605
NT	Ghigoiești	46.98224	26.57656	603
NT	Căciulești	46.96783	26.4721	591
NT	Magazia	47.10537	26.2533	591
NT	Poiana Teiului	47.10451	25.94187	588
NT	Săcălușești	47.17032	26.34489	579
NT	Pângărați	46.92798	26.19069	563
NT	Ungheni	47.26676	26.46829	557
NT	Dreptu	47.13736	25.87619	553
NT	Bașta	46.86574	26.91034	548
NT	Pârâul Pântei	47.16693	25.81041	539
NT	Socea	46.73739	26.55684	539
NT	Făurei	46.9122	26.70535	537
NT	Groși	47.29256	26.30032	534
NT	Gura Văii	46.95571	26.44746	533
NT	Bărcănești	46.711	26.59497	509
NT	Frunzeni	46.73423	26.62662	509
NT	Gherăeștii Noi	47.04932	26.79343	506
NT	Preutești	47.25438	26.51282	499
NT	Turturești	46.93986	26.44837	499
NT	Corhana	46.98066	26.80921	496
NT	Botești	47.06093	26.75248	495
NT	Boțești	47.06093	26.75248	495
NT	Chirițeni	47.05248	26.02198	487
NT	Bălănești	46.95298	26.63105	484
NT	Humuleștii Noi	47.18517	26.33238	481
NT	Negulești	46.81109	26.41183	475
NT	Neagra	46.87848	25.96798	470
NT	Cazaci	46.85765	26.14115	466
NT	Valea Albă	47.07816	26.53211	440
NT	Muncelu de Jos	46.77388	27.11009	434
NT	Poiana (Brusturi)	47.29646	26.35889	433
NT	Poiana (Dulcești)	47.00305	26.77346	433
NT	Poiana (Grințieș)	47.03111	25.88488	433
NT	Poiana (Negrești)	47.06378	26.33075	433
NT	Poiana (Pângărați)	46.9045	26.18312	433
NT	Săvești	47.27891	26.42985	431
NT	Șovoaia	46.81055	26.51336	431
NT	Frumosu	47.14638	25.86315	414
NT	Țibucanii de Jos	47.11454	26.58539	413
NT	Dumbrava-Deal	46.87569	26.4971	412
NT	Stănița	47.01736	27.1308	403
NT	Izvoru Muntelui	46.94621	26.04976	399
NT	Băhnișoara	46.7605	26.79099	397
NT	Grozăvești	47.03618	26.06215	393
NT	Rocna	46.77143	26.97402	392
NT	Oniceni	46.80981	27.1607	390
NT	Luțca	46.96587	26.97865	387
NT	Preluca	46.93022	26.2345	387
NT	Izvoru	46.86407	27.01706	381
NT	Izvoru Alb	46.99735	26.04798	381
NT	Cârligi	47.00501	26.52182	377
NT	Borșeni	47.0842	26.58649	372
NT	Mesteacăn	46.83189	27.02313	371
NT	Munteni	47.02381	26.76235	371
NT	Bozienii de Sus	46.96673	26.70891	369
NT	Vlădiceni	46.93477	26.67774	367
NT	Valea Enei	46.80168	27.14917	360
NT	Ghidion	47.03919	27.16067	358
NT	Șoimărești	47.30287	26.44954	358
NT	Gorun	46.78163	27.13965	355
NT	Ruginești	47.00208	26.09522	352
NT	Todireni	47.01089	27.13051	352
NT	Ticoș-Floarea	46.87934	25.98847	349
NT	Galu	47.125	25.90572	344
NT	Topoliceni	47.10857	25.93855	343
NT	Săcăleni	46.86729	27.10682	335
NT	Cârlig	46.99178	26.75207	330
NT	Talpa	47.03375	26.6472	327
NT	Broșteni	46.79602	26.79971	326
NT	Ticoș	46.87138	25.96519	320
NT	Nistria	47.0796	27.15127	317
NT	Verșești	46.97911	26.47918	316
NT	Orțăști	47.32403	26.37999	315
NT	Negritești	46.83607	26.64544	313
NT	Lunca Moldovei	47.18638	26.59644	309
NT	Hamzoaia	46.90308	26.03756	308
NT	Crăiești	46.85139	27.17918	302
NT	Pietrosu	46.77604	27.16658	302
NT	Moreni	47.02482	26.73494	300
NT	Itrinești	46.92649	26.62749	295
NT	Mitocu Bălan	47.1165	26.17341	295
NT	Mânăstirea Neamț	47.26288	26.20797	294
NT	Roșiori	46.96307	26.82718	290
NT	Doina	46.91695	26.5091	287
NT	Dănești	46.91571	26.52457	281
NT	Climești	46.90795	26.74302	277
NT	Țuțcanii din Vale	46.78302	26.76352	276
NT	Veja	47.01606	27.15384	273
NT	Agârcia	46.92623	26.29299	272
NT	Bârjoveni	46.86203	26.78054	269
NT	Brateș	46.80003	26.14869	268
NT	Ciurea	46.88778	27.18493	266
NT	Chilia	47.03503	26.63167	262
NT	Chicerea	46.97781	27.12937	257
NT	Secuienii Noi	46.8467	26.88257	250
NT	Hârțești	46.87265	26.68645	248
NT	Poiana Humei	46.74742	27.15243	248
NT	Cășăria	46.98824	26.42136	247
NT	Nechit	46.77118	26.42619	247
NT	Dornești	46.77824	26.65834	243
NT	Pârâul Fagului	47.13898	25.86947	242
NT	Spiridonești	46.77736	26.95066	242
NT	Poienile Oancei	47.02984	27.10758	239
NT	Dragova	46.72595	26.59746	235
NT	Netezi	47.15423	26.37296	231
NT	Hârtop	46.9553	26.60612	230
NT	Totoiești	47.07645	26.60183	227
NT	Pustieta	46.80774	27.20184	224
NT	Bunghi	46.90937	27.10564	219
NT	Potoci	46.96707	26.11071	213
NT	Breaza	47.0204	26.63797	201
NT	Pădureni	46.69358	26.56085	200
NT	Căușeni	47.04188	27.10403	198
NT	Mărmureni	46.81142	27.18241	198
NT	Bătrânești	46.77102	26.99357	194
NT	Mastacăn (Borlești)	46.79681	26.49546	194
NT	Mastacăn (Dragomirești)	47.00823	26.57432	194
NT	Dârloaia	46.94302	26.66822	190
NT	Popești (Farcașa)	47.15409	25.87169	183
NT	Popești (Girov)	46.97031	26.44112	183
NT	Sărata	46.98861	26.38828	181
NT	Holm	46.87843	27.16791	175
NT	Bușmei	47.1506	25.84025	168
NT	Corni	47.04062	26.48093	168
NT	Doamna	46.92396	26.32459	166
NT	Scăricica	46.94532	26.25774	166
NT	Bordea	47.03341	26.49155	161
NT	Dragomirești	47.02108	26.57776	160
NT	Giulești	46.88611	26.77027	159
NT	Băneasa	46.85506	27.0985	158
NT	Micșunești	46.89709	26.70584	156
NT	Zvorănești	47.2101	26.55911	147
NT	Certieni	46.97985	26.66438	144
NT	Uncești	46.86073	26.79602	143
NT	Ghelăiești	46.94232	26.64759	142
NT	Pârâul Mare	47.04056	25.98538	139
NT	Patricheni	46.91393	27.16954	138
NT	Unghi	47.04345	26.55612	138
NT	Tălpălăi	46.92296	27.15979	137
NT	Soci (Borca)	47.16855	25.79017	136
NT	Soci (Ștefan cel Mare)	47.02589	26.5008	136
NT	Dușești	47.01785	26.51476	134
NT	Borniș	47.01261	26.5934	133
NT	Tabăra	46.82088	27.0382	131
NT	Arămoaia	47.07299	26.61832	130
NT	Țârdenii Mici	46.69275	26.58499	125
NT	Valea Mare	47.05525	26.569	122
NT	Ruseni (Borlești)	46.79225	26.54509	108
NT	Ruseni (Poiana Teiului)	47.11948	25.9097	108
NT	Bisericani	46.95887	26.23834	95
NT	Secu	46.97594	26.02909	92
NT	David	47.03801	26.66935	89
NT	Bârnadu	46.83191	25.82052	85
NT	Vlădnicele	46.99846	27.16119	84
NT	Râșca	47.30842	26.42451	82
NT	Homiceni	47.01693	26.65444	80
NT	Poiana Crăcăoani	47.06526	26.31287	79
NT	Gherman	46.83885	25.8695	76
NT	Brițcani	46.9911	26.7314	73
NT	Călugăreni	47.07368	25.94815	71
NT	Liliac	46.78782	26.82703	70
NT	Prăjești	46.86976	26.72649	66
NT	Ciornei	46.80085	27.17786	64
NT	Bogzești	46.89745	26.7744	60
NT	Roșeni	47.09802	25.94177	54
NT	Baratca	46.95982	26.66101	49
NT	Muncelu	46.8585	26.96714	49
NT	Țuțcanii din Deal	46.79807	26.7735	40
NT	Linsești	46.80379	27.13711	37
NT	Ardeluța	46.72582	26.1977	34
NT	Arămești	46.77954	26.81863	31
NT	Trei Fântâni	46.72215	25.85187	29
NT	Hanul Ancuței	47.09546	26.69567	25
NT	Schitu Tarcău	46.75776	26.18366	23
NT	Bahna Mare	46.96563	26.59868	20
NT	Deleni	46.99953	26.53991	14
NT	Alexandru cel Bun	46.94194	26.27306	0
NT	Bâra	47.02376	27.04415	0
NT	Durău	46.99836	25.92346	0
NT	Plugari	47.19807	26.5568	0
NT	Spiești	47.14939	26.60422	0
OT	Slatina	44.43017	24.37169	69200
OT	Caracal	44.11574	24.34248	30954
OT	Balș	44.35335	24.09567	16317
OT	Corabia	43.77765	24.51291	15418
OT	Drăgănești-Olt	44.17359	24.51509	7883
OT	Izbiceni	43.82292	24.66255	4807
OT	Scornicești	44.58178	24.54942	3891
OT	Brastavățu	43.92097	24.41241	3615
OT	Rusănești	43.93525	24.59356	3555
OT	Vădăstrița	43.84767	24.34221	3437
OT	Iancu Jianu	44.49392	24.03364	3312
OT	Traian	44.02277	24.45392	3264
OT	Cilieni	43.90138	24.61492	3244
OT	Osica de Sus	44.26742	24.33727	3059
OT	Comani	44.18742	24.48635	3011
OT	Vișina	43.86545	24.45513	2930
OT	Crâmpoia	44.30368	24.74387	2853
OT	Rotunda	43.98513	24.31023	2841
OT	Brebeni	44.36916	24.48992	2720
OT	Stoicănești	44.18568	24.64287	2638
OT	Fălcoiu	44.21822	24.38284	2610
OT	Mărunței	44.22291	24.4585	2593
OT	Mărunței (Colonești)	44.59449	24.68669	2593
OT	Potcoava	44.48292	24.62476	2467
OT	Ianca	43.78518	24.17643	2438
OT	Coteana	44.3016	24.45482	2435
OT	Stoenești	44.11362	24.49607	2422
OT	Piatra-Olt	44.36989	24.26069	2392
OT	Giuvărăști	43.79311	24.68745	2381
OT	Alimănești	44.25923	24.54999	2347
OT	Scărișoara	43.99339	24.57189	2327
OT	Slătioara	44.39928	24.32487	2192
OT	Movileni	44.37859	24.61957	2190
OT	Redea	44.05534	24.29906	2180
OT	Grojdibodu	43.75773	24.26647	2162
OT	Șerbănești	44.32912	24.66504	2121
OT	Băbiciu	44.03534	24.55778	2084
OT	Seaca	44.1463	24.76131	2061
OT	Seaca (Poboru)	44.7116	24.45235	2061
OT	Vitănești	44.54265	24.68284	2053
OT	Valea Mare	44.46828	24.44596	1961
OT	Deveselu	44.05567	24.41524	1933
OT	Piatra	44.36148	24.2926	1882
OT	Pârșcoveni	44.29554	24.21251	1823
OT	Oboga	44.42142	24.0853	1777
OT	Vișina Nouă	43.88077	24.39826	1767
OT	Fărcașu de Jos	44.13427	24.4586	1728
OT	Bucinișu	43.94658	24.24564	1717
OT	Strejeștii de Sus	44.54248	24.22589	1706
OT	Tufeni	44.37096	24.79079	1697
OT	Bălteni	44.44347	24.5388	1694
OT	Studina	43.95796	24.4143	1673
OT	Văleni	44.23803	24.78552	1615
OT	Văleni (Brâncoveni)	44.29551	24.30444	1615
OT	Potlogeni	43.8804	24.62747	1610
OT	Tia Mare	43.85429	24.62034	1570
OT	Orlea	43.7535	24.37571	1566
OT	Gostavățu	44.05479	24.50432	1555
OT	Braneț	44.32567	24.17583	1531
OT	Dăneasa	44.13924	24.56455	1524
OT	Urzica	43.85769	24.26581	1514
OT	Găneasa	44.41197	24.27302	1452
OT	Vădastra	43.85398	24.38884	1449
OT	Ipotești	44.31436	24.39861	1441
OT	Bălănești	44.24708	24.48051	1417
OT	Gârcov	43.77926	24.61127	1415
OT	Sprâncenata	44.06209	24.63672	1393
OT	Radomirești	44.11224	24.67714	1390
OT	Slăveni	44.08157	24.525	1364
OT	Osica de Jos	44.22724	24.27844	1346
OT	Obârșia Nouă	43.88688	24.31262	1324
OT	Doanca	43.84657	24.64877	1316
OT	Studinița	43.97739	24.42449	1312
OT	Dobrosloveni	44.17276	24.35571	1298
OT	Morunglav	44.47019	24.12895	1280
OT	Șopârlița	44.27741	24.27684	1279
OT	Nicolae Titulescu	44.27027	24.75661	1271
OT	Ghimpați	44.15834	24.4167	1265
OT	Gura Padinii	43.73401	24.30246	1265
OT	Satu Nou (Gura Padinii)	43.76739	24.31689	1265
OT	Bacea	44.39812	24.63558	1253
OT	Cezieni	44.18672	24.26437	1249
OT	Optași	44.58399	24.65228	1247
OT	Optași-Măgura	44.58333	24.65	1247
OT	Negreni	44.56969	24.59159	1241
OT	Ștefan cel Mare	43.81102	24.22189	1232
OT	Comanca	44.07651	24.34997	1224
OT	Mărgineni-Slobozia	44.53119	24.55638	1220
OT	Crușovu	43.92432	24.41359	1215
OT	Dobrotinet	44.47947	24.34271	1199
OT	Fărcașele	44.14324	24.44049	1196
OT	Bircii	44.51839	24.60164	1179
OT	Dobroteasa	44.77839	24.33263	1164
OT	Cârlogani	44.51898	24.17271	1145
OT	Izvoarele	44.26012	24.53007	1138
OT	Potelu	43.76758	24.20131	1122
OT	Petculești	44.58929	24.26523	1114
OT	Cireașov	44.46147	24.37363	1093
OT	Vlădila	43.99915	24.40316	1087
OT	Brâncoveni	44.31449	24.30656	1061
OT	Valea Merilor	44.47613	24.65785	1061
OT	Potcoava-Fălcoeni	44.49436	24.6157	1043
OT	Ghimpețeni	44.29488	24.79259	1030
OT	Olari	44.30507	24.20796	1004
OT	Turia	44.44281	24.47197	956
OT	Dranovățu	44.42755	24.2807	953
OT	Sinești	44.47181	24.67668	953
OT	Călinești	44.08378	24.68486	940
OT	Greci (Osica de Sus)	44.28157	24.34726	937
OT	Greci (Schitu)	44.33174	24.55776	937
OT	Perieți	44.42424	24.55343	928
OT	Călui	44.44886	24.04976	912
OT	Mihăești	44.10535	24.79142	905
OT	Dumitrești	44.6812	24.31694	901
OT	Ursa	43.78703	24.63518	888
OT	Jieni	43.95142	24.59153	879
OT	Vâlcele	44.28033	24.54287	870
OT	Priseaca	44.51671	24.44268	869
OT	Cioroiu	44.23863	24.37318	839
OT	Vâlcelele de Sus	44.28287	24.55839	834
OT	Strejești	44.51832	24.26264	824
OT	Bărcănești	44.2993	24.54511	822
OT	Bobicești	44.38839	24.14581	818
OT	Obârșia	43.90573	24.3092	808
OT	Catanele	44.38061	24.56274	800
OT	Reșca	44.17345	24.39289	799
OT	Buta	44.30685	24.70891	798
OT	Vulturești	44.7365	24.33847	789
OT	Dejești	44.83238	24.36054	785
OT	Teiș	44.33955	24.13017	781
OT	Cepari	44.49719	24.16916	780
OT	Găvănești	44.4184	24.01696	778
OT	Bușca	44.10656	24.80196	773
OT	Băleasa	44.39941	24.00379	769
OT	Stăvaru	43.86312	24.25772	769
OT	Gropșani	44.43915	23.94831	768
OT	Orlea Nouă	43.75433	24.35606	765
OT	Izvoru	44.42711	24.25017	754
OT	Mărgăritești	44.29874	24.14136	731
OT	Poganu	44.65996	24.31862	727
OT	Crăciunei	44.14215	24.6632	719
OT	Ursoaia	44.43691	24.69018	713
OT	Jitaru	44.54837	24.54549	710
OT	Cioflanu	44.09401	24.56077	705
OT	Potopinu	44.19275	24.35319	701
OT	Hotaru	43.75317	24.24939	695
OT	Teslui	44.51667	24.36667	690
OT	Profa	44.74706	24.57859	685
OT	Icoana	44.40585	24.72424	680
OT	Plăviceni	43.97179	24.57647	675
OT	Arvăteasca	43.95015	24.38483	668
OT	Bârza	44.32383	24.14606	668
OT	Barza	44.32383	24.14606	668
OT	Mirila	44.35742	24.15088	666
OT	Valea lui Alb	44.69352	24.3167	659
OT	Grozăvești	44.12946	24.23333	652
OT	Drăghiceni	44.13275	24.24563	651
OT	Dobriceni	44.52475	24.00759	648
OT	Criva de Sus	44.37451	24.31849	645
OT	Șerbăneștii de Sus	44.33639	24.68118	644
OT	Arcești-Cot	44.45691	24.26951	643
OT	Tătulești	44.64083	24.58629	633
OT	Mierleștii de Sus	44.40854	24.55801	632
OT	Leotești	44.3666	24.15067	622
OT	Baldovinești	44.38893	24.05626	617
OT	Proaspeți	44.45909	24.3356	613
OT	Ulmi	44.36211	24.37601	610
OT	Gura Căluiu	44.4619	24.0323	607
OT	Milcovu din Deal	44.39529	24.39101	606
OT	Dienci	44.75349	24.35574	602
OT	Leleasca	44.79837	24.46698	599
OT	Colonești	44.6288	24.67628	598
OT	Tudor Vladimirescu	43.82412	24.49385	598
OT	Mărgheni	44.33108	24.35166	588
OT	Berindei	44.10617	24.56062	587
OT	Dobrun	44.25814	24.22478	582
OT	Bârseștii de Sus	44.03831	24.65059	579
OT	Cherleștii din Deal	44.52078	24.33569	578
OT	Ianca Nouă	43.82049	24.21189	576
OT	Ociogi	44.31923	24.34752	576
OT	Popești (Bărăști)	44.22287	24.80369	570
OT	Popești (Văleni)	44.22287	24.80369	570
OT	Constantinești	44.59461	24.50127	565
OT	Verguleasa	44.64755	24.33014	563
OT	Pestra	44.12271	24.53066	562
OT	Racovița	44.31861	24.11234	557
OT	Cioroiașu	44.24347	24.36254	555
OT	Româna	44.39989	24.10262	555
OT	Mogoșești	44.5596	24.51777	551
OT	Runcu Mare	44.55716	24.26934	551
OT	Criva de Jos	44.36849	24.3074	547
OT	Frunzaru	44.04374	24.58986	544
OT	Vlăngărești	44.72411	24.34436	541
OT	Horezu	44.46593	23.97586	533
OT	Colibași	44.50458	24.27478	531
OT	Redișoara	44.04347	24.34622	530
OT	Liiceni	44.12341	24.27366	525
OT	Floru	44.37697	24.74887	524
OT	Poboru	44.65684	24.50002	522
OT	Cungrea	44.66969	24.37865	518
OT	Bistrița Nouă	44.39802	24.22774	516
OT	Corbeni	44.38285	24.10801	511
OT	Albești	44.6835	24.4368	509
OT	Chițeasca	44.5376	24.59263	504
OT	Linia din Vale	44.47067	24.33569	501
OT	Cornățelu	44.68624	24.47067	500
OT	Ghimpețenii Noi	44.29898	24.79069	500
OT	Milcoveni	44.42494	24.72094	500
OT	Doba	44.4871	24.24393	499
OT	Hotărani	44.16247	24.40919	494
OT	Pleșoiu	44.46512	24.2656	492
OT	Vlăduleni	44.25599	24.32599	492
OT	Făgețelu	44.78936	24.53895	488
OT	Deleni	44.56259	24.35367	485
OT	Arcești	44.46607	24.23159	478
OT	Reșcuța	44.17	24.40008	470
OT	Grădinile	43.94559	24.36764	469
OT	Frăsinetu	44.15649	24.32038	468
OT	Tomeni	44.29263	24.36292	468
OT	Vitomirești	44.85691	24.38277	466
OT	Oporelu	44.57683	24.43669	459
OT	Topana	44.83354	24.51812	450
OT	Zănoaga	44.10496	24.60837	449
OT	Voineasa	44.29056	24.14807	446
OT	Mandra	44.21397	24.8106	440
OT	Frăsinet-Gară	44.00067	24.42042	435
OT	Pietrișu	44.48697	24.34195	431
OT	Bucinișu Mic	43.93574	24.25632	428
OT	Vârtopu	43.80481	24.40929	425
OT	Grădinari	44.55915	24.2768	420
OT	Satu Nou (Grădinari)	44.55008	24.30074	420
OT	Pescărești	44.44217	23.95662	413
OT	Alunișu	44.74279	24.53269	409
OT	Bechet	44.39294	24.17712	405
OT	Vlădila Nouă	44.00316	24.4068	403
OT	Bălțați	44.51186	24.57667	401
OT	Lisa	44.35377	24.53067	401
OT	Trepteni	44.86121	24.36378	401
OT	Câmpu Mare	44.75735	24.30601	397
OT	Broșteni	44.4338	23.99976	396
OT	Salcia	44.42727	24.31437	393
OT	Bărăști	44.7058	24.6459	389
OT	Bărăști (Colonești)	44.61501	24.68553	389
OT	Bărăști (Morunglav)	44.449	24.13911	389
OT	Buicești	44.49227	24.43182	385
OT	Zorleasca	44.41913	24.45798	381
OT	Câmpu Părului	43.89916	24.29025	374
OT	Bărăștii de Vede	44.7194	24.6564	370
OT	Plăviceanca	43.94935	24.39902	370
OT	Comănița	44.56472	24.34424	364
OT	Corlătești	44.18483	24.24582	359
OT	Mihăilești-Popești	44.52583	24.54768	358
OT	Oltișoru	44.38501	24.28279	358
OT	Curtișoara	44.5	24.33296	354
OT	Curtișoara (Dobrețu)	44.49364	23.95268	354
OT	Poiana	44.10001	24.68284	353
OT	Căzănești	44.61857	24.35796	350
OT	Poiana Mare	44.49007	24.11102	349
OT	Spătaru	44.68444	24.41103	345
OT	Dobrețu	44.49301	23.939	340
OT	Pietriș	44.40053	24.05068	338
OT	Belgun	44.37546	24.14782	333
OT	Vineți	44.68172	24.57129	329
OT	Guești	44.58552	24.69369	327
OT	Săltănești	44.52224	24.43446	326
OT	Oteștii de Jos	44.6868	24.37897	322
OT	Cepești	44.71003	24.38483	318
OT	Enoșești	44.3755	24.28174	317
OT	Recea	44.43067	24.46092	316
OT	Cucueți	44.61595	24.34516	314
OT	Piscani	44.56328	24.55532	314
OT	Cherleștii Moșteni	44.53476	24.33605	303
OT	Teiușu	44.33712	24.43247	296
OT	Valea Soarelui	44.03057	24.27483	296
OT	Oteștii de Sus	44.7346	24.3957	295
OT	Burdulești	44.46042	24.71561	294
OT	Roșienii Mari	44.24103	24.24685	294
OT	Teiuș	44.63675	24.52355	293
OT	Morunești	44.47907	24.12469	284
OT	Rusciori	44.61966	24.52317	284
OT	Schitu	44.35672	24.57116	284
OT	Spineni	44.72368	24.52479	282
OT	Beria de Jos	44.56305	24.41375	280
OT	Rădești	44.62368	24.43278	277
OT	Bărăștii de Cepturi	44.70052	24.63144	276
OT	Scorbura	44.51326	24.16146	275
OT	Schitu din Deal	44.5029	24.228	274
OT	Milcovu din Vale	44.38872	24.36619	263
OT	Rusăneștii de Sus	44.28432	24.16775	260
OT	Grădiștea	44.44622	24.24386	258
OT	Ulmet	44.25115	24.25316	258
OT	Chilia	44.77524	24.5738	256
OT	Roșienii Mici	44.2445	24.23685	256
OT	Șuica	44.61712	24.56651	255
OT	Coteni	43.8786	24.3386	253
OT	Ciocănești	44.70431	24.65783	252
OT	Buzești	44.44743	24.71886	245
OT	Donești	44.80785	24.33834	245
OT	Ghioșani	44.48272	24.08658	243
OT	Isaci	44.76964	24.52285	238
OT	Moșteni	44.36964	24.57068	238
OT	Bulimanu	44.8893	24.4112	237
OT	Blaj	44.2758	24.17322	235
OT	Butoi	44.29207	24.22252	235
OT	Beria de Sus	44.57456	24.42373	234
OT	Peretu	44.27239	24.35023	234
OT	Raițiu	44.50196	24.34323	223
OT	Bondrea	44.19343	24.22644	222
OT	Bobu	44.23104	24.31001	221
OT	Trufinești	44.4907	24.63703	219
OT	Ibănești	44.64162	24.38073	216
OT	Bârca	44.44846	24.45252	215
OT	Mierlicești	44.74171	24.44022	209
OT	Tabaci	44.46092	23.91193	209
OT	Valea Fetei	44.62969	24.33863	208
OT	Schitu din Vale	44.50659	24.23603	207
OT	Tirișneag	44.20482	24.787	201
OT	Valea Satului	44.44682	23.9027	200
OT	Sâmburești	44.80181	24.39764	199
OT	Chintești	44.40474	24.11495	198
OT	Comănești	44.42523	24.13095	183
OT	Creți	44.68104	24.50971	179
OT	Ionicești	44.81633	24.4232	178
OT	Uria	44.07373	24.59385	178
OT	Mamura	44.5333	24.30732	176
OT	Cârstani	44.63781	24.66644	174
OT	Ungureni	44.88162	24.52086	173
OT	Schitu Deleni	44.57196	24.3366	171
OT	Ciurești	44.44556	24.70573	170
OT	Miești	44.6598	24.41146	164
OT	Prisaca	44.472	23.91005	162
OT	Cuza Vodă	44.70349	24.58358	161
OT	Preotești	44.54125	23.98282	158
OT	Batia	44.74605	24.30435	157
OT	Chilii	44.26845	24.20595	156
OT	Bâgești	44.81427	24.52156	155
OT	Mereni	44.71516	24.61049	155
OT	Lăunele	44.81688	24.40177	153
OT	Malu Roșu	44.2478	24.44259	153
OT	Afumați	44.76901	24.45266	152
OT	Stănuleasa (Sâmburești)	44.83195	24.40592	148
OT	Stănuleasa (Vitomirești)	44.83195	24.40592	148
OT	Corbu	44.48769	24.7141	146
OT	Corbu (Teslui)	44.5461	24.40215	146
OT	Plopșorelu	44.4823	23.89109	146
OT	Bărbălăi	44.6557	24.6018	143
OT	Tabonu	43.90052	24.32961	143
OT	Cândelești	44.84236	24.52808	140
OT	Optășani	44.7362	24.50762	140
OT	Strugurelu	44.34244	24.68674	137
OT	Vlaici	44.65092	24.65749	137
OT	Bătăreni	44.60581	24.6828	136
OT	Gubandru	44.3864	24.02122	134
OT	Lăzărești	44.71285	24.63129	133
OT	Vulpeni	44.45182	23.9296	133
OT	Ostrov	44.27979	24.31747	125
OT	Mănulești	44.81359	24.3864	121
OT	Beculești	44.50793	24.16891	120
OT	Cojgărei	44.82792	24.52924	117
OT	Năvârgeni	44.61233	24.68116	116
OT	Tonești (Leleasca)	44.78714	24.42434	116
OT	Tonești (Sâmburești)	44.78714	24.42434	116
OT	Vulpești	44.79544	24.34425	113
OT	Cerbeni	44.79375	24.3789	112
OT	Ciorâca	44.83391	24.54618	111
OT	Momaiu	44.67378	24.60598	110
OT	Tufaru	44.75042	24.42623	108
OT	Dâmburile	44.40271	24.02452	107
OT	Chelbești	44.67008	24.65696	103
OT	Moțoești	44.72263	24.69856	103
OT	Măgura (Perieți)	44.39095	24.5495	93
OT	Măgura (Tătulești)	44.66742	24.62303	93
OT	Sârbii-Măgura	44.55	24.71667	93
OT	Urși	44.74928	24.43663	91
OT	Govora	44.41718	24.11247	89
OT	Simniceni	44.47545	23.9	89
OT	Cotorbești	44.44983	23.9166	87
OT	Mircești	44.68256	24.61593	83
OT	Vânești	44.63348	24.37335	76
OT	Boroești	44.68279	24.62568	71
OT	Stejaru	44.35051	24.3815	67
OT	Davidești	44.71559	24.57367	63
OT	Pielcani	44.81589	24.56032	51
OT	Surpeni	44.66934	24.53176	49
OT	Mardale	44.44831	23.99066	48
OT	Gruiu	44.7554	24.53944	31
OT	Greerești	44.71797	24.41485	30
OT	Lunca	44.65957	24.62108	26
OT	Stupina	44.55465	24.14582	9
OT	Cocorăști	44.48428	24.2103	0
OT	Milcov	44.3783	24.3851	0
OT	Rudari	43.9913	24.59293	0
OT	Stoborăști	44.34183	24.78476	0
PH	Ploiești	44.93666	26.01286	209945
PH	Câmpina	45.137	25.74214	32935
PH	Mizil	44.99816	26.44177	13864
PH	Vălenii de Munte	45.19128	26.04402	12257
PH	Băicoi	45.03402	25.87901	11047
PH	Sinaia	45.33104	25.56235	10410
PH	Boldești-Scăeni	45.02034	26.02747	10105
PH	Urlați	44.98949	26.23462	6856
PH	Bușteni	45.40971	25.53422	6376
PH	Strejnicu	44.91347	25.95481	6108
PH	Breaza de Sus	45.19031	25.65554	6068
PH	Filipeștii de Pădure	45.0	25.75	4955
PH	Bucov	44.96667	26.08333	4783
PH	Cioranii de Jos	44.82167	26.40924	4443
PH	Azuga	45.4451	25.57004	4440
PH	Florești	45.02648	25.79689	4339
PH	Breaza de Jos	45.17198	25.66944	4292
PH	Pleașa	45.004	26.0688	4123
PH	Măgureni	45.06546	25.7283	4095
PH	Dițești	44.9792	25.72964	3978
PH	Telega	45.13304	25.78958	3903
PH	Măneciu-Pământeni	45.29079	26.00613	3862
PH	Teșila	45.29404	25.72375	3836
PH	Comarnic	45.24887	25.6408	3667
PH	Blejoi	44.97571	25.99576	3638
PH	Liliești	45.03402	25.87901	3438
PH	Vărbilău	45.17018	25.95603	3388
PH	Măgurele	45.09297	26.04703	3297
PH	Poiana	45.23359	25.64191	3255
PH	Bărcănești	44.88333	26.05	3226
PH	Ploieștiori	44.97491	26.02457	3222
PH	Mărginenii de Jos	44.96338	25.75657	3187
PH	Brebu Mânăstirei	45.18405	25.7698	3134
PH	Ghioșești	45.24381	25.62017	3119
PH	Poiana Câmpina	45.12086	25.71587	3097
PH	Bănești	45.08609	25.78757	3096
PH	Bertea	45.23333	25.86667	3072
PH	Starchiojd	45.32746	26.1795	3033
PH	Tătărani	44.89331	26.03751	3013
PH	Slănic	45.2275	25.93653	2918
PH	Ariceștii Rahtivani	44.95	25.83333	2721
PH	Brebu Megieșesc	45.17517	25.76517	2613
PH	Gheaba	45.30203	26.00119	2613
PH	Aluniș	45.20332	25.85563	2609
PH	Filipeștii de Târg	44.96864	25.79405	2553
PH	Berceni	44.93333	26.1	2525
PH	Poiana Țapului	45.38097	25.54429	2518
PH	Sângeru	45.1337	26.33703	2483
PH	Nedelea	44.96526	25.81829	2449
PH	Vâlcănești	45.11667	25.93333	2433
PH	Pietroșani	44.83232	26.10385	2420
PH	Valea Călugărească	44.95996	26.16201	2419
PH	Măneciu-Ungureni	45.31609	25.99502	2401
PH	Păulești	45.00146	25.96169	2401
PH	Gornet	45.11667	26.06667	2391
PH	Ceptura de Jos	45.01146	26.32773	2358
PH	Șipotu	45.04409	26.01707	2354
PH	Drajna de Jos	45.22273	26.05888	2341
PH	Izvoarele	45.28268	25.99822	2329
PH	Trăisteni	45.34247	25.73085	2326
PH	Cioranii de Sus	44.83996	26.39572	2277
PH	Slon	45.35448	26.03847	2204
PH	Lipănești	45.05	26.01667	2160
PH	Satu Nou (Lipănești)	45.06511	26.03068	2160
PH	Urleta	45.08175	25.7952	2144
PH	Găgeni	45.02116	25.94734	2143
PH	Târgșoru Vechi	44.8946	25.94038	2133
PH	Gura Vitioarei	45.15	26.03333	2067
PH	Magula	44.92713	26.30283	2044
PH	Românești	44.85554	26.07245	1977
PH	Bătrâni	45.33779	26.11183	1976
PH	Homorâciu	45.26988	26.00957	1961
PH	Miroslăvești	44.80532	26.08725	1955
PH	Fântânele	45.0	26.38333	1952
PH	Sălciile	44.81626	26.49103	1945
PH	Tăriceni	44.79339	25.97343	1926
PH	Vadu Părului	44.92963	26.2093	1924
PH	Groșani	45.25073	25.94922	1914
PH	Mislea	45.09065	25.82548	1910
PH	Inotești	44.96357	26.35973	1901
PH	Fulga de Sus	44.8975	26.44497	1875
PH	Negoiești	44.87356	25.98084	1859
PH	Albești-Paleologu	44.95249	26.22786	1810
PH	Baba Ana	44.96861	26.4601	1810
PH	Satu Nou (Baba Ana)	44.95653	26.53363	1810
PH	Șoimari	45.1685	26.20844	1759
PH	Bătești	44.84368	26.04216	1716
PH	Podenii Vechi	45.08416	26.11367	1716
PH	Țânțăreni	44.96499	26.0346	1715
PH	Târgșoru Nou	44.91624	25.87689	1659
PH	Teișani	45.2352	26.013	1656
PH	Fulga de Jos	44.88174	26.44318	1607
PH	Podu Vadului	45.15149	25.68715	1598
PH	Plopeni	45.06507	25.98221	1590
PH	Plopeni (Dumbrăvești)	45.06507	25.98221	1590
PH	Mireșu Mare	45.13359	26.3751	1568
PH	Surani	45.1955	26.18527	1542
PH	Colceag	44.95	26.35	1522
PH	Loloiasca	44.96914	26.29183	1511
PH	Brazii de Sus	44.87354	26.0064	1486
PH	Ologeni	44.73094	25.94986	1483
PH	Puchenii-Moșneni	44.81088	26.08483	1476
PH	Vărbila	45.04592	26.19307	1469
PH	Cornu de Sus (Dumbrava)	44.84122	26.24471	1468
PH	Dumbrava	44.86667	26.2	1468
PH	Rachieri	44.96124	26.14153	1467
PH	Corlătești	44.9118	26.0891	1432
PH	Poienarii Apostoli	44.77327	26.05588	1419
PH	Țintea	45.0331	25.9136	1396
PH	Bordenii Mari	45.09023	25.86846	1390
PH	Minieri	44.97911	25.76096	1383
PH	Stoenești	44.92365	25.85657	1379
PH	Cărbunești	45.23333	26.2	1375
PH	Posada	45.26316	25.62296	1359
PH	Scorțeni	45.09549	25.85187	1358
PH	Potigrafu	44.77953	26.10132	1337
PH	Bălțești	45.1	26.13333	1332
PH	Puchenii Mari	44.81667	26.08333	1312
PH	Poiana Vărbilău	45.15134	25.98718	1275
PH	Poienarii Burchii	44.75	26.01667	1269
PH	Scurtești	45.25307	25.88803	1262
PH	Cornu de Jos (Drăgănești)	44.84183	26.27	1252
PH	Drăgănești	44.83333	26.3	1252
PH	Secăria	45.27987	25.67849	1243
PH	Valea Târsei	45.18233	25.64196	1241
PH	Gura Vadului	45.05	26.46667	1223
PH	Schiulești	45.28458	25.95438	1217
PH	Chițorani	44.97746	26.12878	1212
PH	Mocești	45.05337	26.24404	1212
PH	Cătina	45.00784	25.78379	1205
PH	Prăjani	45.20569	25.949	1202
PH	Conduratu	44.97095	26.43062	1199
PH	Salcia	45.186	26.31534	1171
PH	Pietriceaua	45.22119	25.80766	1170
PH	Pantazi	44.93524	26.13576	1161
PH	Făgetu	45.13513	26.02286	1155
PH	Provița de Sus	45.13329	25.63817	1150
PH	Ocina de Sus	45.19251	25.59168	1139
PH	Tinosu	44.81298	26.0102	1136
PH	Gorgota	44.78419	26.08229	1130
PH	Palanca	44.8148	26.19797	1125
PH	Călugăreni	45.08333	26.38333	1100
PH	Mănești	44.87089	25.84862	1100
PH	Bughea de Jos	45.17201	26.01527	1096
PH	Drajna de Sus	45.25841	26.07192	1090
PH	Albești-Muru	44.94001	26.20765	1088
PH	Provița de Jos	45.11667	25.65	1088
PH	Moara Nouă	44.94784	26.10468	1077
PH	Livadea	45.18482	25.92672	1061
PH	Parepa-Rușani	44.90385	26.35409	1061
PH	Plopu	45.01667	26.13333	1058
PH	Ostrovu	45.20008	25.89997	1052
PH	Meri	44.83389	26.30464	1049
PH	Apostolache	45.13333	26.26667	1048
PH	Bobolia	45.09346	25.74152	1032
PH	Seciu	45.03239	26.06495	1032
PH	Buda (Ariceștii Rahtivani)	44.96364	25.91997	1030
PH	Buda (Râfov)	44.83727	26.16979	1030
PH	Valea Cucului	45.06491	26.22763	1016
PH	Drăgăneasa	45.10123	25.67817	1015
PH	Poiana Copăceni	45.16106	26.0601	1010
PH	Zalhanaua	44.90442	25.82813	1008
PH	Șotrile	45.21667	25.71667	1007
PH	Valea Dulce	45.11531	26.20578	995
PH	Crivina	44.78639	26.05299	993
PH	Zănoaga	44.86634	26.16286	986
PH	Ariceștii Zeletin	45.21779	26.18131	982
PH	Goruna	45.08559	25.93897	978
PH	Cornu de Sus (Cornu)	45.17205	25.69512	972
PH	Coada Izvorului	44.8611	25.81464	963
PH	Poienarii-Rali	44.74815	26.04703	963
PH	Gura Beliei	45.21412	25.6449	935
PH	Tufeni	45.06068	25.83588	930
PH	Grădiștea	44.88904	26.51399	922
PH	Balta Doamnei	44.75764	26.17031	917
PH	Cocoșești	45.00703	25.98488	914
PH	Valea Popii	44.96437	26.12878	914
PH	Lunca Prahovei	45.0456	25.77061	909
PH	Bărăitaru	44.86074	26.34704	905
PH	Boldești	44.86436	26.55292	895
PH	Boldești-Grădiștea	44.86667	26.55	895
PH	Coțofenești	45.13609	25.98816	889
PH	Gherghița	44.79138	26.28041	887
PH	Varnița	44.8079	25.9444	878
PH	Perșunari (Cocorăștii Colț)	44.83977	25.8822	874
PH	Perșunari (Gura Vadului)	45.05521	26.44873	874
PH	Olarii Vechi	44.78964	26.20178	870
PH	Cioceni	44.90679	26.28174	861
PH	Talea	45.21667	25.55	853
PH	Coada Malului	45.12237	26.03416	847
PH	Hăbud	44.77596	25.93293	837
PH	Malu Vânăt	45.25489	26.02474	835
PH	Matița	45.1417	26.16717	835
PH	Nistorești	45.2067	25.66537	832
PH	Cerașu	45.3162	26.04089	828
PH	Moara Domnească	44.8564	26.15014	825
PH	Olari	44.78333	26.2	815
PH	Nisipoasa	45.02134	26.16097	811
PH	Șoimești	45.04521	26.30748	809
PH	Rotari	45.0564	26.30265	793
PH	Ogretin	45.26494	26.08626	792
PH	Nucșoara de Jos	45.28597	26.10288	790
PH	Ungureni (Filipeștii de Târg)	44.94286	25.80546	787
PH	Ungureni (Gherghița)	44.79259	26.28556	787
PH	Ungureni (Vadu Săpat)	45.03304	26.38689	787
PH	Băltița	44.83472	25.85182	778
PH	Cireșanu	44.98069	26.51194	776
PH	Mălăiești	44.86968	26.11881	776
PH	Șirna	44.8	25.95	771
PH	Tomșani	44.93333	26.3	768
PH	Ghighiu	44.89984	26.07443	755
PH	Vadu Săpat	45.03864	26.38448	753
PH	Novăcești	45.02699	25.77673	750
PH	Dumbrăvești	45.08333	26.0	749
PH	Ștefești	45.21753	25.90801	741
PH	Făcăieni	45.2933	25.99069	740
PH	Lopatnița	45.18964	26.2193	735
PH	Lapoș	45.15418	26.41939	727
PH	Ciupelnița	44.84635	26.23398	722
PH	Chiojdeanca	45.1557	26.26547	720
PH	Nucșoara de Sus	45.29249	26.11725	713
PH	Tisa	45.13323	26.32093	704
PH	Coslegi	44.90431	26.15773	701
PH	Podenii Noi	45.11122	26.16899	701
PH	Brazii de Jos	44.8508	26.03337	700
PH	Vitioara de Sus	45.17207	26.08675	700
PH	Bâra	44.75081	26.23841	699
PH	Valea Stâlpului	45.21632	26.01588	686
PH	Valea Largă	44.96897	26.1951	685
PH	Fundeni	45.11787	26.02185	675
PH	Valea Plopului	45.29113	26.16374	670
PH	Valea Nicovani	44.96189	26.18963	667
PH	Predești	44.80311	25.99468	657
PH	Stăncești	44.85501	25.91662	656
PH	Zamfira	45.06761	26.01533	652
PH	Pisculești	44.83073	26.01378	650
PH	Curcubeu	44.76509	26.15009	646
PH	Olteni	45.22138	26.02082	646
PH	Cârjari	45.10283	25.95279	642
PH	Țărculești	45.07103	26.25352	641
PH	Cornu de Jos (Cornu)	45.15309	25.70642	635
PH	Trenu	45.18463	26.27013	635
PH	Plavia	45.02522	26.23911	621
PH	Vâlcelele	44.93956	26.37858	619
PH	Popești (Brazi)	44.86088	25.99207	617
PH	Popești (Podenii Noi)	45.10972	26.23106	617
PH	Stejaru	44.84412	25.97672	609
PH	Iazu	45.08469	26.02211	605
PH	Belciug	44.81712	26.24661	602
PH	Buștenari	45.14213	25.83981	599
PH	Tătărăi	44.73494	25.9283	598
PH	Odăile	44.82235	26.05573	583
PH	Târlești	45.25467	26.19967	577
PH	Adunați	45.18328	25.60153	576
PH	Dârvari	44.91987	26.15524	575
PH	Ceptura de Sus	45.03134	26.32059	573
PH	Podu Lung	45.22708	25.65341	570
PH	Brătășanca	44.9321	25.8088	567
PH	Puchenii Mici	44.82744	26.05776	559
PH	Valea Borului	45.29209	26.03424	545
PH	Orzoaia de Sus	44.99997	26.23009	537
PH	Arva	44.95813	26.17703	535
PH	Măgura	45.14693	26.1892	532
PH	Iordăcheanu	45.05	26.25	526
PH	Moara	44.83361	26.07067	520
PH	Melicești	45.16545	25.82092	514
PH	Brătești	44.79663	25.91677	511
PH	Ștubeiu	45.22209	26.01406	511
PH	Pietrișu	45.11768	25.72647	510
PH	Bordenii Mici	45.07655	25.86309	509
PH	Frăsinet	45.19599	25.67873	509
PH	Coșerele	45.08625	26.25265	504
PH	Sicrita	44.83868	26.19189	504
PH	Mehedința	45.09722	26.17508	503
PH	Predeal	45.19429	26.10852	491
PH	Predeal-Sărari	45.19429	26.10852	491
PH	Rahova	45.09273	26.19844	482
PH	Mălăeștii de Jos	45.10406	25.9965	474
PH	Sârca	45.08339	25.86577	467
PH	Bărzila	45.14155	26.13723	466
PH	Cartierul Dâmbu	44.92437	26.07083	465
PH	Doftana	45.14158	25.78008	465
PH	Podgoria	45.10732	26.30924	465
PH	Fânari (Gorgota)	44.78889	26.08591	461
PH	Fânari (Olari)	44.80032	26.18865	461
PH	Lunca Mare	45.20067	25.7424	454
PH	Țipărești	45.09102	25.95513	454
PH	Goga	44.88905	26.13879	452
PH	Malamuc	44.79606	26.30675	449
PH	Fefelei	45.01446	26.43907	448
PH	Schela	45.03305	25.8367	438
PH	Hătcărău	44.81005	26.32058	432
PH	Păuleștii Noi	44.99339	25.97947	428
PH	Sfăcăru	45.10552	26.15148	428
PH	Trestioara	45.14342	25.9478	427
PH	Călinești	45.01722	25.78106	419
PH	Valea Screzii	45.29373	26.18126	419
PH	Cosmina de Sus	45.17423	25.89564	418
PH	Pușcași	44.85049	26.0931	413
PH	Vistieru	45.22145	25.70026	410
PH	Nevesteasca	45.09011	26.21671	408
PH	Valea Pietrei	45.01517	26.22921	406
PH	Valea Ursoii	44.95645	26.19911	402
PH	Ezeni	44.93289	25.81839	401
PH	Cosmina de Jos	45.16146	25.89413	397
PH	Valea Anei	45.30548	26.19481	392
PH	Lacu Turcului	44.76305	26.21895	390
PH	Ocina de Jos	45.16782	25.61131	389
PH	Izești	45.11331	26.14523	386
PH	Mârlogea	45.12809	26.28599	386
PH	Podu lui Galben	45.11614	26.16043	380
PH	Poienile	45.17474	26.11418	376
PH	Sfârleanca	45.09884	26.0102	376
PH	Lăpoșel	45.1492	26.39557	370
PH	Seciuri	45.23913	25.72815	367
PH	Buzota	45.11738	26.2406	366
PH	Gornet-Cricov	45.07707	26.25948	366
PH	Cătunu (Berceni)	44.9012	26.13493	362
PH	Cătunu (Drajna)	45.24791	26.09943	362
PH	Valea Lespezii	45.33353	26.0419	360
PH	Mărunțiș	44.99507	26.27779	359
PH	Tătaru	45.1082	26.3078	354
PH	Valea Tocii	45.31543	26.03118	348
PH	Cheia	45.45815	25.93825	346
PH	Bobicești	45.1898	26.09617	345
PH	Arioneștii Vechi	44.98853	26.2208	344
PH	Valea Brădetului	45.32612	26.03367	343
PH	Valea Nucetului	45.0091	26.25891	343
PH	Valea Mantei	44.97769	26.16213	334
PH	Piorești	44.76267	26.01804	327
PH	Curmătura	45.15343	26.14492	326
PH	Radila	44.92307	26.17518	326
PH	Valea Poienii	44.97283	26.16922	326
PH	Priseaca	45.09916	26.24849	325
PH	Păcureți	45.1418	26.1333	315
PH	Râfov	44.87005	26.13001	315
PH	Dobrota	45.09963	26.28971	310
PH	Podu Corbului	45.21664	25.65521	309
PH	Străoști	45.03903	26.23884	306
PH	Făget	45.25031	26.064	296
PH	Ghiocel	45.09936	26.1613	296
PH	Colțu de Jos	44.82565	25.90968	294
PH	Valea Crângului	44.99621	26.26305	292
PH	Cap Roșu	45.04937	25.79244	280
PH	Cuib	45.13257	26.07684	276
PH	Valea Cricovului	45.11068	26.24493	276
PH	Gogeasca	45.24338	26.17162	267
PH	Independența	44.80286	26.21874	266
PH	Hârsa	45.03655	26.16007	252
PH	Mireșu Mic	45.14671	26.36517	250
PH	Poiana Trestiei	45.1616	25.86263	247
PH	Arioneștii Noi	44.99412	26.21838	243
PH	Albinari	45.2119	26.16955	242
PH	Jugureni	45.09565	26.43713	241
PH	Izvoru	45.15458	25.63008	239
PH	Gâlmeia	45.03387	26.10991	238
PH	Butuci	45.1582	26.38455	234
PH	Poseștii-Ungureni	45.27652	26.14142	228
PH	Plaiu (Provița de Sus)	45.21751	25.58905	221
PH	Plaiu (Talea)	45.13852	25.62156	221
PH	Plaiu Câmpinei	45.18625	25.73738	221
PH	Jercălăi	45.01687	26.21849	220
PH	Poseștii-Pământeni	45.27103	26.15098	220
PH	Zahanaua	44.87434	25.93934	220
PH	Podu Văleni	44.74974	25.97699	217
PH	Nucet (Chiojdeanca)	45.1524	26.09676	212
PH	Nucet (Gornet)	45.1524	26.09676	212
PH	Orzoaia de Jos	45.00556	26.22767	212
PH	Piatra Mică	45.16432	26.33327	210
PH	Slavu	45.15888	26.12396	207
PH	Plaiu Cornului	45.21735	25.68349	202
PH	Ghioldum	44.838	25.8844	201
PH	Valea Mieilor	44.97299	26.23322	201
PH	Valea Stupinii	45.26452	26.13661	201
PH	Mălăeștii de Sus	45.12045	26.00359	200
PH	Rotarea	45.31111	26.21532	200
PH	Cheșnoiu	44.84294	25.87938	196
PH	Tohani	45.06058	26.43216	188
PH	Podu Cheii	45.20808	25.75054	186
PH	Valea Urloii	45.01079	26.28241	186
PH	Malu Roșu	45.06263	26.32422	184
PH	Trestienii de Sus	44.88109	26.22179	182
PH	Cărbunari	44.75729	25.98925	181
PH	Cernești	45.26175	26.02747	181
PH	Valea Scheilor	45.07403	26.40069	179
PH	Satu de Sus	44.84473	25.89632	178
PH	Trestienii de Jos	44.86429	26.2319	175
PH	Chiciureni	45.32608	25.99781	173
PH	Valea Seacă	45.10345	26.26663	172
PH	Poiana Mare	45.32354	26.12379	171
PH	Bodești	45.26383	26.15985	169
PH	Lutu Roșu	45.25403	25.8246	167
PH	Piatra (Cocorăștii Colț)	44.84068	25.93851	161
PH	Piatra (Drajna)	45.21101	26.05685	161
PH	Piatra (Provița de Jos)	45.1122	25.68183	161
PH	Cherba	44.99727	26.29038	157
PH	Sărățel	45.17625	26.09779	154
PH	Zâmbroaia	45.19878	26.12087	153
PH	Costeni	45.29944	26.01954	151
PH	Siliștea	45.10856	26.29156	150
PH	Găvănel	45.07951	25.99728	148
PH	Buchilași	44.87466	26.14292	147
PH	Gura Crivățului	44.83599	25.81582	145
PH	Valea Bradului	45.16184	25.61541	143
PH	Marginea Pădurii	45.10292	26.41544	142
PH	Valea Orlei	44.97478	26.11429	142
PH	Valea Unghiului	45.12439	26.42481	140
PH	Ghinoaica	45.04116	26.39196	138
PH	Sătucu	44.95526	26.29497	138
PH	Târșoreni	45.2367	25.90385	134
PH	Bighilin	44.99617	26.11351	128
PH	Poienarii Vechi	44.75252	26.0621	125
PH	Antofiloaia	44.86253	26.14038	123
PH	Păcuri	45.19206	26.14956	113
PH	Surdești	45.187	25.61986	112
PH	Vârfurile	44.99042	26.15732	111
PH	Răgman	45.14023	25.69502	107
PH	Glod	45.13909	26.4514	106
PH	Poiana Mierlei	45.26831	26.11346	97
PH	Boboci	45.08397	26.41356	90
PH	Udrești	45.11535	26.28435	88
PH	Brădet	45.34244	26.18376	87
PH	Valea Seman	45.01104	26.29655	82
PH	Valea Bobului	45.00903	26.23257	77
PH	Podurile	45.27591	26.05423	69
PH	Tulburea	45.20663	26.08882	67
PH	Tufani	44.79891	26.32537	66
PH	Zmeuret	45.34168	26.15106	57
PH	Chirițești	45.27369	26.02223	54
PH	Sălcioara	45.10806	26.18822	50
PH	Bogdănești	45.14238	26.06612	49
PH	Mânăstirea Suzana	45.39451	25.92963	45
PH	Siliștea Dealului	45.01513	25.71224	42
PH	Schiau (Urlați)	44.97849	26.23369	34
PH	Schiau (Valea Călugărească)	44.99074	26.18138	34
PH	Ciocrac	45.24069	26.0854	32
PH	Irimești	45.15281	25.66086	32
PH	Tulburea-Văleni	45.21245	26.10346	32
PH	Podu Ursului	45.17174	25.9239	31
PH	Pițigoi	45.21976	26.0659	27
PH	Pietricica	45.16321	26.44894	26
PH	Țonțești	45.1261	25.8312	22
PH	Plai	45.21716	26.08422	21
PH	Boșilcești	45.15161	25.83419	20
PH	Sărari	45.19814	26.13117	19
PH	Coceana	44.81701	25.92481	12
PH	Drăghicești	45.15773	25.91721	6
PH	Merdeala	45.25523	26.13995	3
PH	Bozieni	45.04501	26.34679	0
PH	Brazi	44.88333	26.0	0
PH	Breaza	45.18722	25.66222	0
PH	Brebu	45.18333	25.76667	0
PH	Bughea de Sus	45.20239	25.99337	0
PH	Ceptura	45.01667	26.33333	0
PH	Ciorani	44.84054	26.40442	0
PH	Cocorăștii Caplii	45.06848	25.75974	0
PH	Cocorăștii Colț	44.83183	25.89704	0
PH	Cocorăștii Grind	44.84687	25.8734	0
PH	Cocorăștii Mislii	45.08333	25.93333	0
PH	Colonia Brazi	44.88333	26.0	0
PH	Cornu	45.1568	25.7026	0
PH	Cosminele	45.15	25.88333	0
PH	Crângurile	44.99614	26.48797	0
PH	Dâmbu	45.04551	25.88819	0
PH	Drajna	45.21667	26.05	0
PH	Fulga	44.88333	26.43333	0
PH	Gresia	45.3498	26.15255	0
PH	Măneciu	45.32353	25.98981	0
PH	Plăiețu	45.34273	25.98618	0
PH	Posești	45.2704	26.1479	0
PH	Ulmi	44.95489	26.25541	0
PH	Valea Doftanei	45.3	25.71667	0
PH	Valea Oprii	45.16588	25.7143	0
SB	Sibiu	45.79833	24.12558	147226
SB	Mediaș	46.15728	24.34717	45879
SB	Cisnădie	45.71395	24.15485	13838
SB	Avrig	45.72883	24.37844	8637
SB	Agnita	45.97479	24.62627	7107
SB	Tălmaciu	45.66966	24.26264	5476
SB	Copșa Mică	46.11722	24.24406	5404
SB	Dumbrăveni	46.2298	24.57527	5196
SB	Rășinari	45.70896	24.06504	5086
SB	Șelimbăr	45.76844	24.18046	4180
SB	Jina	45.78496	23.67612	3750
SB	Cristian	45.78211	24.0295	3665
SB	Gura Râului	45.73187	23.98473	3621
SB	Ocna Sibiului	45.87462	24.06545	3422
SB	Orlat	45.75437	23.97376	3205
SB	Șeica Mare	46.02399	24.15825	3189
SB	Șura Mare	45.85007	24.15836	2974
SB	Slimnic	45.92113	24.15582	2569
SB	Vurpăr	45.89351	24.34007	2557
SB	Poiana Sibiului	45.81109	23.7359	2548
SB	Mârșa	45.69234	24.38434	2436
SB	Săliște	45.7941	23.8851	2425
SB	Moșna	46.09175	24.39608	2375
SB	Sadu	45.66964	24.17913	2365
SB	Brateiu	46.16924	24.4231	2319
SB	Târnava	46.1401	24.29421	2273
SB	Axente Sever	46.08992	24.21358	2114
SB	Racovița	45.68012	24.34406	2022
SB	Dârlos	46.18919	24.41063	1883
SB	Șura Mică	45.83528	24.06143	1854
SB	Turnu Roșu	45.61751	24.30494	1827
SB	Poplaca	45.72728	24.05038	1802
SB	Blăjel	46.21202	24.32377	1781
SB	Miercurea Sibiului	45.89005	23.79177	1736
SB	Șaroș pe Târnave	46.2075	24.54497	1640
SB	Bazna	46.20107	24.28233	1616
SB	Nou	45.82727	24.28214	1606
SB	Nou Român	45.80309	24.57712	1606
SB	Veștem	45.71889	24.23897	1583
SB	Laslea	46.137	24.63682	1539
SB	Boian	46.20367	24.22855	1518
SB	Roșia	45.81786	24.31269	1468
SB	Biertan	46.13629	24.52342	1467
SB	Boița	45.63366	24.25835	1460
SB	Apoldu de Sus	45.85125	23.8253	1427
SB	Valea Viilor	46.08374	24.27477	1362
SB	Micăsasa	46.0872	24.10725	1334
SB	Ighișu Nou	46.11272	24.34817	1325
SB	Nocrich	45.89657	24.45451	1287
SB	Agârbiciu	46.06468	24.19088	1269
SB	Cârțișoara	45.72807	24.57508	1243
SB	Ațel	46.16148	24.48516	1211
SB	Tălmăcel	45.64468	24.23722	1203
SB	Hoghilag	46.22853	24.61972	1177
SB	Arpașu de Sus	45.73454	24.61822	1138
SB	Tilișca	45.78317	23.80967	1135
SB	Mălâncrav	46.10926	24.64995	1102
SB	Buzd	46.14003	24.40938	1096
SB	Alțina	45.93027	24.46164	1094
SB	Apoldu de Jos	45.8793	23.84622	1067
SB	Șeica Mică	46.05705	24.12624	1064
SB	Porumbacu de Jos	45.72184	24.50875	1025
SB	Arpașu de Jos	45.78007	24.62271	1004
SB	Ruja	46.01114	24.64977	1003
SB	Iacobeni	46.03936	24.75284	992
SB	Daia	45.80125	24.28597	955
SB	Bradu	45.71953	24.32519	938
SB	Cârța	45.7906	24.56568	887
SB	Brădeni	46.07636	24.82866	863
SB	Șmig	46.22601	24.44411	857
SB	Porumbacu de Sus	45.71384	24.47216	832
SB	Chirpăr	45.89211	24.59577	813
SB	Alămor	45.92923	23.99544	812
SB	Marpod	45.87012	24.49319	800
SB	Hamba	45.86036	24.19099	795
SB	Alma	46.21253	24.47831	787
SB	Ruși	45.9619	24.16508	782
SB	Hosman	45.83427	24.42921	760
SB	Rusciori	45.81581	24.03044	752
SB	Dobârca	45.85213	23.77575	747
SB	Valchid	46.17022	24.58313	742
SB	Sebeșu de Sus	45.65273	24.35429	738
SB	Cașolț	45.77778	24.28136	719
SB	Curciu	46.24237	24.40559	713
SB	Merghindeal	45.96495	24.7297	698
SB	Mohu	45.74107	24.22685	697
SB	Bârghiș	45.98576	24.53682	683
SB	Richiș	46.09791	24.48051	679
SB	Scoreiu	45.75876	24.52876	660
SB	Velț	46.24007	24.27813	658
SB	Țapu	46.0725	24.08821	650
SB	Buia	45.97718	24.27667	648
SB	Loamneș	45.94064	24.08551	629
SB	Coveș	45.98079	24.56969	622
SB	Păuca	46.00942	23.88955	618
SB	Armeni	45.96669	23.97427	608
SB	Nemșa	46.08666	24.44365	593
SB	Sebeșu de Jos	45.64907	24.33444	588
SB	Colonia Târnava	46.13471	24.30409	585
SB	Săcădate	45.76027	24.38939	582
SB	Râu Sadului	45.56975	23.93717	571
SB	Bungard	45.71278	24.14972	568
SB	Hașag	45.978	24.08186	556
SB	Ernea	46.23461	24.52914	552
SB	Soroștin	46.02822	24.06035	525
SB	Netuș	46.05866	24.78453	524
SB	Galeș	45.79805	23.86441	518
SB	Dealu Frumos	45.98722	24.69886	514
SB	Motiș	46.06015	24.34285	511
SB	Ludoș	45.92586	23.90007	507
SB	Săcel	45.78122	23.93758	500
SB	Bogatu Român	45.99087	23.93345	494
SB	Noiștat	46.05143	24.79667	486
SB	Mag	45.81976	23.95341	472
SB	Fofeldea	45.83636	24.49477	470
SB	Pelișor	46.04527	24.51433	454
SB	Cornățel	45.79781	24.3541	446
SB	Stejărișu	46.03757	24.67801	445
SB	Cisnădioara	45.70793	24.10856	444
SB	Copșa Mare	46.13245	24.54857	444
SB	Retiș	46.04357	24.84985	444
SB	Presaca	45.97558	23.88874	440
SB	Rod	45.80222	23.78299	439
SB	Păucea	46.21808	24.3559	435
SB	Bruiu	45.876	24.69904	419
SB	Boarta	46.01102	24.19357	414
SB	Amnaș	45.84603	23.89722	377
SB	Broșteni	46.02884	23.9555	377
SB	Sărata	45.73976	24.50457	373
SB	Mândra	45.92911	24.07227	372
SB	Alma Vii	46.0476	24.43176	367
SB	Sibiel	45.76488	23.90662	363
SB	Vale	45.78001	23.89778	338
SB	Prislop	45.69016	24.07488	330
SB	Nou Săsesc	46.11092	24.60399	328
SB	Vărd	45.94693	24.60171	318
SB	Metiș	46.01895	24.40475	316
SB	Movile	46.02189	24.79016	310
SB	Șoala	46.05876	24.26498	307
SB	Ighișu Vechi	45.98846	24.48615	302
SB	Benești	45.95624	24.50004	284
SB	Sângătin	45.91094	23.85093	283
SB	Apoș	46.02998	24.5536	276
SB	Șomartin	45.85532	24.66822	270
SB	Prod	46.25916	24.64834	253
SB	Moardăș	46.00854	24.35308	252
SB	Giacăș	46.24265	24.47707	242
SB	Gusu	45.94029	23.90024	239
SB	Mihăileni	45.98922	24.34637	235
SB	Colonia Tălmaciu	45.68864	24.25352	226
SB	Valea Lungă	46.19158	24.36789	224
SB	Veseud (Chirpăr)	45.92993	24.63733	224
SB	Veseud (Slimnic)	45.9786	24.19182	224
SB	Aciliu	45.82962	23.87492	223
SB	Țichindeal	45.86841	24.38974	223
SB	Glâmboaca	45.78232	24.46121	222
SB	Dupuș	46.15112	24.49448	218
SB	Ilimbav	45.86972	24.52814	217
SB	Fântânele	45.75673	23.92358	205
SB	Roandola	46.16348	24.6126	201
SB	Ghijasa de Sus	45.97758	24.41728	184
SB	Colun	45.77979	24.49999	171
SB	Zlagna	46.03232	24.47034	170
SB	Ștenea	45.97263	24.23243	169
SB	Florești	46.16002	24.66093	157
SB	Săsăuș	45.84773	24.60229	149
SB	Lazaret	45.56129	24.26147	146
SB	Topârcea	45.88721	23.95805	140
SB	Țeline	46.07484	24.90369	134
SB	Răvășel	46.00942	24.37154	131
SB	Vecerd	45.98457	24.45605	130
SB	Ghijasa de Jos	45.92116	24.39059	128
SB	Șalcău	45.9709	24.34645	102
SB	Romanești	46.24552	24.33979	68
SB	Chesler	46.14456	24.18715	59
SB	Petiș	46.0166	24.28383	49
SB	Nucet	45.79264	24.37969	47
SB	Sădinca	45.98144	24.04102	20
SB	Păltiniș	45.6551	23.93002	19
SB	Poienița	45.81603	24.55218	19
SB	Văleni	46.11609	24.14343	15
SB	Gherdeal	45.85932	24.73587	14
SB	Paltin	45.54537	24.24471	4
SB	Albi	45.9352	24.24468	3
SB	Lotrioara	45.57487	24.22478	3
SB	Pădureni	45.92803	24.21769	3
SB	Crinț	45.72585	23.80397	0
SB	Mighindoala	45.99954	24.2797	0
SJ	Zalău	47.18546	23.05733	55924
SJ	Șimleu Silvaniei	47.22607	22.80379	11653
SJ	Jibou	47.2555	23.26011	8751
SJ	Cehu Silvaniei	47.41055	23.17473	4873
SJ	Crasna	47.15996	22.87393	4463
SJ	Șărmășag	47.34509	22.82534	4362
SJ	Nușfalău	47.19934	22.71048	3214
SJ	Pericei	47.22793	22.86841	2785
SJ	Pusta	47.24659	22.73642	1867
SJ	Chieșd	47.38465	22.88253	1853
SJ	Derșida	47.38702	22.79747	1837
SJ	Camăr	47.30142	22.61517	1741
SJ	Vârșolț	47.20793	22.91457	1628
SJ	Ip	47.23175	22.6041	1626
SJ	Cizer	47.04582	22.86779	1614
SJ	Boghiș	47.15467	22.73384	1578
SJ	Borla	47.28047	22.93663	1483
SJ	Bobota	47.38642	22.71399	1428
SJ	Crișeni	47.22736	23.0417	1403
SJ	Aghireș	47.16212	23.00978	1375
SJ	Buciumi	47.03507	23.01584	1340
SJ	Someș-Odorhei	47.32507	23.26045	1278
SJ	Marca	47.23419	22.55514	1274
SJ	Deja	47.35464	23.17646	1262
SJ	Mal	47.07	22.81366	1248
SJ	Surduc	47.25126	23.34593	1222
SJ	Ileanda	47.32711	23.61571	1146
SJ	Șamșud	47.34436	22.95133	1107
SJ	Halmășd	47.15481	22.57909	1084
SJ	Hida	47.08209	23.32462	1067
SJ	Agrij	47.05856	23.12256	1041
SJ	Carastelec	47.30062	22.69321	1031
SJ	Gâlgău Almașului	47.20058	23.32394	1030
SJ	Sânmihaiu Almașului	47.03728	23.26418	1026
SJ	Almașu	46.96623	23.0987	993
SJ	Românași	47.1107	23.17911	973
SJ	Panic	47.20833	22.99188	963
SJ	Stârciu	47.0894	22.91648	962
SJ	Zăuan	47.225	22.66129	962
SJ	Plopiș	47.12507	22.64823	948
SJ	Tihău	47.22808	23.32785	947
SJ	Bălan	47.14995	23.30796	941
SJ	Giurtelecu Șimleului	47.29554	22.79142	935
SJ	Horoatu Crasnei	47.12758	22.89966	928
SJ	Bocșa	47.29486	22.91722	917
SJ	Marin	47.12913	22.80071	900
SJ	Cheud	47.38465	23.32588	898
SJ	Ulciug	47.43383	23.18677	897
SJ	Peceiu	47.12228	22.8578	890
SJ	Popeni	47.24805	23.16238	876
SJ	Meseșenii de Sus	47.12729	22.98014	851
SJ	Cehei	47.257	22.77274	845
SJ	Dioșod	47.29391	23.01929	844
SJ	Lompirt	47.32054	22.84411	833
SJ	Valcău de Sus	47.11413	22.72529	825
SJ	Șimișna	47.23293	23.62114	815
SJ	Năpradea	47.35998	23.32647	772
SJ	Gârceiu	47.25352	23.06403	763
SJ	Bădăcin	47.25681	22.85339	748
SJ	Valcău de Jos	47.12146	22.73929	748
SJ	Făgetu	47.11356	22.57405	745
SJ	Motiș	47.42353	23.13807	745
SJ	Măeriște	47.32164	22.78975	738
SJ	Dragu	47.02444	23.40143	737
SJ	Tusa	47.04662	22.7724	737
SJ	Jac	47.16854	23.19715	731
SJ	Treznea	47.10614	23.10409	727
SJ	Chendrea	47.12537	23.29664	713
SJ	Iaz	47.1145	22.68052	712
SJ	Meseșenii de Jos	47.15459	22.94816	708
SJ	Poiana Blenchii	47.30642	23.7459	706
SJ	Rus	47.27571	23.59067	702
SJ	Ilișua	47.29586	22.83904	696
SJ	Bănișor	47.10625	22.8364	674
SJ	Cosniciu de Jos	47.20868	22.61623	661
SJ	Sâg	47.07263	22.77665	656
SJ	Badon	47.25169	22.97542	652
SJ	Gâlgău	47.28483	23.7028	647
SJ	Chechiș	47.1767	23.30925	637
SJ	Mirșid	47.23198	23.1169	630
SJ	Ciocmani	47.28893	23.35068	624
SJ	Preoteasa	47.07803	22.72632	624
SJ	Valea Pomilor	47.3197	22.95215	616
SJ	Doba	47.28983	23.08714	609
SJ	Cristolț	47.20857	23.43628	604
SJ	Aluniș	47.38459	23.27196	601
SJ	Gârbou	47.16013	23.4101	596
SJ	Inău	47.35991	23.2666	592
SJ	Guruslău	47.27779	22.97983	591
SJ	Cerișa	47.18216	22.56469	582
SJ	Cuzăplac	46.96651	23.1875	570
SJ	Huseni	47.1833	22.79331	570
SJ	Cuceu	47.2626	23.19076	569
SJ	Băbeni	47.30778	23.37699	554
SJ	Ratin	47.17415	22.83083	552
SJ	Sălăjeni	47.32016	22.9011	552
SJ	Brebi	47.20614	23.18983	550
SJ	Noțig	47.36562	23.21575	547
SJ	Criștelec	47.26755	22.72844	545
SJ	Șumal	47.28281	22.5623	544
SJ	Letca	47.34839	23.42822	542
SJ	Nadiș	47.3786	23.17914	531
SJ	Păușa	47.08751	23.14934	531
SJ	Racâș	47.10515	23.29503	526
SJ	Sălățig	47.36543	23.13799	523
SJ	Zimbor	47.00124	23.25878	516
SJ	Zalnoc	47.35861	22.6867	501
SJ	Biușa	47.42014	23.24478	493
SJ	Moigrad-Porolissum	47.20023	23.14514	493
SJ	Sighetu Silvaniei	47.35118	22.87002	492
SJ	Bogdana	47.0206	23.00548	480
SJ	Petrindu	46.9199	23.18242	480
SJ	Cristur-Crișeni	47.2587	23.0942	475
SJ	Var	47.23385	23.307	475
SJ	Ciumărna	47.125	23.13011	469
SJ	Archid	47.34609	23.01027	465
SJ	Ban	47.09162	22.80835	458
SJ	Verveghiu	47.31237	23.10842	457
SJ	Fodora	47.26463	23.677	456
SJ	Glod	47.29078	23.65192	448
SJ	Recea	47.19651	22.94433	448
SJ	Hereclean	47.24161	22.99334	446
SJ	Benesat	47.41076	23.28857	442
SJ	Uileacu Șimleului	47.27927	22.74618	442
SJ	Fildu de Sus	46.9284	22.96486	441
SJ	Sânpetru Almașului	47.08066	23.33725	436
SJ	Poarta Sălajului	47.08907	23.19018	435
SJ	Leșmir	47.25754	22.57264	425
SJ	Gostila	47.32503	23.80253	424
SJ	Creaca	47.19756	23.23598	423
SJ	Fildu de Mijloc	46.92317	22.99864	416
SJ	Drighiu	47.16632	22.65336	415
SJ	Someș-Guruslău	47.31062	23.29775	410
SJ	Cristolțel	47.24765	23.3866	408
SJ	Lemniu	47.35344	23.48259	404
SJ	Coșeiu	47.31553	22.99018	402
SJ	Sântă Măria	47.04076	23.20001	402
SJ	Gălpâia	47.13251	23.24536	401
SJ	Lozna	47.30194	23.49965	401
SJ	Pria	47.0481	22.88738	391
SJ	Bilghez	47.22901	22.70985	386
SJ	Voivodeni	47.054	23.42512	384
SJ	Popteleac	47.13123	23.41282	376
SJ	Văleni	47.23389	23.44735	376
SJ	Tămașa	46.94564	23.18927	371
SJ	Traniș	47.33094	23.30534	370
SJ	Fizeș	47.09129	22.76099	365
SJ	Sub Cetate	47.10383	22.70096	359
SJ	Hurez	47.06918	22.91506	357
SJ	Solomon	47.17386	23.41805	357
SJ	Domnin	47.33073	23.18574	355
SJ	Rona	47.2693	23.28594	355
SJ	Mineu	47.34642	23.09388	338
SJ	Tetișu	46.89766	23.04359	337
SJ	Chilioara	47.33311	23.02894	331
SJ	Răstolțu Deșert	47.0485	23.13366	329
SJ	Căpâlna	47.25359	23.73338	325
SJ	Cosniciu de Sus	47.19396	22.58825	322
SJ	Jebucu	46.88406	23.10456	321
SJ	Lupoaia	47.18962	23.24898	316
SJ	Șoimuș	47.30027	23.18341	312
SJ	Mesteacănu	46.96733	23.01514	309
SJ	Trestia	47.11603	23.33713	309
SJ	Turbuța	47.24688	23.30633	306
SJ	Aleuș	47.14809	22.63615	297
SJ	Sângeorgiu de Meseș	47.04438	23.00213	293
SJ	Hășmaș	47.18885	23.59847	288
SJ	Bozieș	47.15597	22.71531	280
SJ	Porț	47.23344	22.55256	278
SJ	Călacea	47.11606	23.4473	275
SJ	Dobrin	47.30153	23.11699	272
SJ	Romita	47.14687	23.20228	271
SJ	Sârbi	47.06409	22.79298	270
SJ	Brâglez	47.21653	23.37552	267
SJ	Husia	47.28597	23.29238	257
SJ	Zalha	47.19187	23.52531	257
SJ	Câmpia	47.31353	22.88362	254
SJ	Cozla	47.3513	23.37882	254
SJ	Poienița	47.30777	23.34707	252
SJ	Bârsău Mare	47.2712	23.66175	248
SJ	Fildu de Jos	46.91965	23.05596	247
SJ	Prodănești	47.21714	23.26477	244
SJ	Bulgari	47.34148	23.13832	243
SJ	Șeredeiu	47.10976	22.94161	238
SJ	Lazuri	47.09621	22.74356	236
SJ	Solona	47.26504	23.40168	236
SJ	Ceaca	47.19761	23.55825	233
SJ	Bodia	47.05908	23.06584	232
SJ	Doh	47.32984	22.71972	222
SJ	Sici	47.25695	22.87719	221
SJ	Bozna	47.08372	23.09478	220
SJ	Sâncraiu Almașului	46.9567	23.34077	219
SJ	Chichișa	47.1324	23.19182	215
SJ	Valea Loznei	47.26536	23.4927	215
SJ	Fântânele-Rus	47.249	23.5473	213
SJ	Răstolț	47.02883	23.07546	210
SJ	Vădurele	47.33242	23.34051	202
SJ	Cormeniș	47.35195	23.51631	200
SJ	Dobrocina	47.26306	23.71668	199
SJ	Mălădia	47.29735	22.73971	199
SJ	Cliț	47.29184	23.42547	198
SJ	Moiad	47.34349	22.80225	197
SJ	Adalin	47.01363	23.43364	193
SJ	Plesca	47.08418	22.8865	191
SJ	Bercea	47.02413	23.18178	189
SJ	Stupini	47.07131	23.38066	188
SJ	Cernuc	47.13482	23.46761	187
SJ	Fetindia	47.1419	23.01426	183
SJ	Cuciulat	47.32519	23.42203	180
SJ	Brusturi	47.16138	23.22466	179
SJ	Preluci	47.30849	23.46641	178
SJ	Borza	47.21788	23.27334	176
SJ	Sâncraiu Silvaniei	47.30013	23.13265	176
SJ	Muncel	47.22522	23.395	173
SJ	Horoatu Cehului	47.40488	23.24359	168
SJ	Ciglean	47.22145	23.24466	165
SJ	Firminiș	47.24941	23.13183	160
SJ	Bezded	47.1565	23.47455	156
SJ	Buzaș	47.30907	23.57987	156
SJ	Gălășeni	46.89328	23.17826	156
SJ	Mierța	46.99602	23.18132	155
SJ	Stâna	46.88653	23.1425	144
SJ	Stana	46.88653	23.1425	144
SJ	Răstoci	47.35992	23.52727	142
SJ	Țăudu	46.98369	23.04971	141
SJ	Sutoru	46.9861	23.25166	138
SJ	Podișu	47.31919	23.59274	135
SJ	Bârsa	47.32425	23.21	134
SJ	Chendremal	47.01205	23.25921	134
SJ	Recea Mică	47.18905	22.97054	133
SJ	Baica	47.0734	23.29929	126
SJ	Toplița	47.35926	23.46766	125
SJ	Perii Vadului	47.35333	23.56656	124
SJ	Petrinzel	46.90882	23.14293	123
SJ	Purcăreț	47.37161	23.43443	118
SJ	Sfăraș	46.90183	23.09767	118
SJ	Piroșa	47.31793	23.3838	114
SJ	Chizeni	47.27777	23.6405	111
SJ	Ciula	47.34404	23.41246	111
SJ	Negreni	47.34246	23.55705	110
SJ	Ciureni	47.20487	23.53966	108
SJ	Ruginoasa	46.93358	23.26951	98
SJ	Fabrica	47.19718	23.39504	97
SJ	Luminișu	47.36158	23.60887	97
SJ	Valea Hranei	47.22584	23.54702	89
SJ	Naimon	47.3269	23.1159	88
SJ	Fălcușa	47.27875	23.78067	87
SJ	Miluani	47.01503	23.33194	86
SJ	Dolheni	47.36255	23.65486	85
SJ	Ugruțiu	47.0057	23.37528	85
SJ	Valea Lungă	47.16658	23.51121	84
SJ	Poiana Onții	47.18903	23.46706	82
SJ	Șasa	47.37348	23.64038	81
SJ	Șoimușeni	47.33534	23.37495	80
SJ	Bocșița	47.30708	23.04836	79
SJ	Rogna	47.33805	23.58924	78
SJ	Valea Leșului	47.33023	23.47936	78
SJ	Bizușa-Băi	47.3431	23.60168	77
SJ	Zăuan-Băi	47.24752	22.67033	77
SJ	Colonia Sighetu Silvaniei	47.36195	22.91378	75
SJ	Teștioara	47.25309	23.42418	75
SJ	Dolu	46.98621	23.32579	74
SJ	Bic	47.19401	22.82496	71
SJ	Vârteșca	47.17563	23.50217	71
SJ	Ratovei	47.12962	22.76774	59
SJ	Deleni	47.32102	23.092	58
SJ	Dumuslău	47.34107	22.67199	58
SJ	Păduriș	47.09621	23.41119	49
SJ	Băbiu	46.94665	23.06134	48
SJ	Cutiș	46.9515	23.01737	40
SJ	Vălișoara	47.37888	23.40076	32
SJ	Huta	47.00588	22.94484	31
SJ	Fântânele	47.06518	23.41202	28
SJ	Cubleșu	46.93149	23.31502	23
SJ	Valea Ciurenilor	47.22588	23.51413	22
SJ	Marca-Huta	47.18806	22.50207	21
SJ	Viile Jacului	47.167	23.1592	19
SJ	Fufez	47.15698	22.54078	15
SJ	Periceiu Mic	47.24083	22.90794	14
SJ	Gura Vlădesei	47.26702	23.72368	13
SJ	Stoboru	46.93721	23.28841	11
SJ	Frâncenii de Piatră	47.3226	23.6764	9
SJ	Măgura	47.31527	23.70254	4
SJ	Măleni	47.359	23.637	3
SJ	Poiana Măgura	47.27971	22.80864	3
SJ	Bârsăuța	47.3461	23.69759	0
SJ	Dăbiceni	47.2996	23.5996	0
SJ	Ortelec	47.20874	23.09305	0
SJ	Pădureni	47.33495	22.63337	0
SJ	Țărmure	47.35701	22.7623	0
SM	Satu Mare	47.80167	22.85759	101029
SM	Carei	47.68145	22.46214	20775
SM	Negrești-Oaș	47.87348	23.42655	10334
SM	Tășnad	47.47839	22.58174	6781
SM	Livada	47.86874	23.11953	4824
SM	Turț	47.99077	23.19621	4384
SM	Odoreu	47.79649	22.99341	4220
SM	Ardud	47.63512	22.8842	4070
SM	Botiz	47.82848	22.94044	3622
SM	Halmeu	47.97995	23.01326	3564
SM	Vama	47.84125	23.39445	3486
SM	Gherța Mică	47.9438	23.22042	3412
SM	Certeze	47.90425	23.46553	3171
SM	Micula	47.89599	22.95374	3049
SM	Sanislău	47.64045	22.32146	3033
SM	Căpleni	47.70596	22.50035	3031
SM	Racșa	47.82073	23.33218	2761
SM	Lazuri	47.85305	22.8731	2666
SM	Călinești-Oaș	47.9145	23.25981	2662
SM	Târșolț	47.96448	23.34357	2649
SM	Bixad	47.9498	23.38758	2599
SM	Medieșu Aurit	47.78674	23.13766	2546
SM	Turulung	47.93758	23.07781	2523
SM	Cămărzana	47.99385	23.30417	2355
SM	Trip	47.92337	23.37678	2348
SM	Apa	47.76199	23.19278	2344
SM	Viile Satu Mare	47.66188	22.97878	2313
SM	Pișcolt	47.58308	22.28603	2252
SM	Bătarci	48.03333	23.15596	2199
SM	Vetiș	47.80114	22.77318	2141
SM	Tarna Mare	48.09154	23.19596	1951
SM	Acâș	47.5353	22.77992	1934
SM	Berveni	47.75468	22.47144	1898
SM	Foieni	47.69889	22.38356	1840
SM	Bârsău de Sus	47.59187	23.21686	1756
SM	Dorolț	47.84389	22.81127	1730
SM	Santău	47.50831	22.51194	1651
SM	Oar	47.8081	22.72113	1598
SM	Boinești	47.9131	23.35165	1557
SM	Tiream	47.58776	22.43976	1535
SM	Lucăceni	47.74298	22.47163	1478
SM	Poiana Codrului	47.62693	23.24709	1442
SM	Agriș	47.883	23.00296	1427
SM	Porumbești	47.98124	22.97003	1420
SM	Pir	47.45318	22.39136	1400
SM	Moișeni	47.92846	23.4684	1391
SM	Cămin	47.72842	22.47937	1388
SM	Sătmărel	47.73538	22.78955	1382
SM	Petrești	47.59884	22.38577	1331
SM	Beltiug	47.55029	22.8442	1306
SM	Moftinu Mic	47.68712	22.59775	1247
SM	Supuru de Jos	47.4713	22.78939	1235
SM	Păulești	47.73187	22.94238	1231
SM	Urziceni	47.73349	22.40429	1229
SM	Doba	47.76535	22.68319	1212
SM	Dara	47.81854	22.74589	1196
SM	Ciumești	47.66181	22.33711	1194
SM	Ghenci	47.63315	22.52693	1193
SM	Andrid	47.51369	22.33513	1187
SM	Valea Seacă	48.07896	23.16282	1158
SM	Tur	47.88229	23.38563	1146
SM	Iojib	47.81827	23.15469	1131
SM	Mădăras	47.68606	22.85158	1119
SM	Gherța Mare	47.9658	23.203	1116
SM	Stâna	47.50723	22.96277	1116
SM	Cidreag	47.98486	22.95902	1110
SM	Dumbrava	47.84368	23.0749	1088
SM	Domănești	47.71337	22.5899	1087
SM	Huta-Certeze	47.92329	23.49231	1074
SM	Cărășeu	47.74199	23.09727	1071
SM	Craidorolț	47.61349	22.70282	1063
SM	Ambud	47.77136	22.93995	1056
SM	Decebal	47.7688	22.75389	1049
SM	Coca	47.89542	23.25747	1041
SM	Potău	47.75743	23.12255	1032
SM	Săcășeni	47.48505	22.6802	1013
SM	Sărăuad	47.47441	22.62582	1013
SM	Dobra	47.49556	22.82772	989
SM	Pomi	47.69928	23.30358	984
SM	Drăgușeni	47.90014	23.07596	970
SM	Bogdand	47.41617	22.93503	948
SM	Amați	47.74345	22.91823	921
SM	Borlești	47.67885	23.33215	920
SM	Moftinu Mare	47.67589	22.6519	900
SM	Hodod	47.39995	23.04231	887
SM	Peleș	47.88573	22.81962	855
SM	Nisipeni	47.90086	22.89963	831
SM	Nadișu Hododului	47.40266	22.99597	824
SM	Românești	47.79326	23.11311	789
SM	Comlăușa	48.05612	23.1533	782
SM	Valea Vinului	47.71811	23.19119	775
SM	Cehal	47.37815	22.59269	772
SM	Lechința	47.92665	23.29762	766
SM	Culciu Mare	47.75395	23.06237	765
SM	Hrip	47.72182	22.98385	763
SM	Dindești	47.53603	22.37721	758
SM	Boghiș	47.76088	22.67346	752
SM	Ser	47.37927	22.96316	751
SM	Giorocuta	47.43353	22.79714	747
SM	Rătești	47.58552	22.88597	739
SM	Culciu Mic	47.76153	23.03576	737
SM	Terebești	47.67212	22.73224	736
SM	Ghirișa	47.59515	22.79068	724
SM	Giurtelecu Hododului	47.41758	23.09316	711
SM	Petin	47.77147	22.96408	700
SM	Căuaș	47.56979	22.53943	684
SM	Bârsău de Jos	47.59996	23.25791	678
SM	Babța	47.4569	22.93787	675
SM	Bocicău	48.09513	23.1514	665
SM	Băbășești	47.77528	23.09669	657
SM	Tătărești	47.68319	23.00693	653
SM	Eriu-Sâncrai	47.57309	22.66692	651
SM	Socond	47.56325	22.9487	639
SM	Lelei	47.37535	23.06699	634
SM	Prilog	47.85296	23.31568	618
SM	Mărtinești	47.79475	22.93381	607
SM	Cehăluț	47.42444	22.56828	603
SM	Bercu	47.91621	22.88857	590
SM	Mesteacăn	47.94546	23.02208	582
SM	Ciuperceni	47.87059	23.01548	576
SM	Crucișor	47.69334	23.22809	573
SM	Irina	47.55086	22.39932	561
SM	Remetea Oașului	47.87495	23.31654	561
SM	Sâi	47.67922	23.12366	557
SM	Adrian	47.90213	23.12501	549
SM	Chereușa	47.49165	22.44881	538
SM	Iegheriște	47.65469	23.26302	531
SM	Baba Novac	47.64842	22.78988	520
SM	Supuru de Sus	47.43477	22.76652	515
SM	Lipău	47.71797	23.13084	514
SM	Corund	47.42016	22.86704	498
SM	Gelu	47.68564	22.78545	486
SM	Mihăieni	47.55973	22.73105	485
SM	Pișcari	47.65312	22.73017	485
SM	Corod	47.76141	23.00559	484
SM	Petea	47.85179	22.78593	464
SM	Becheni	47.45307	22.44831	462
SM	Paulian	47.72652	22.67648	457
SM	Scărișoara Nouă	47.613	22.22793	456
SM	Vezendiu	47.57747	22.4332	455
SM	Resighea	47.59925	22.2954	453
SM	Tămășeni	48.01562	23.13163	452
SM	Roșiori	47.71382	23.24174	449
SM	Ghilvaci	47.67786	22.67045	447
SM	Hurezu Mare	47.46506	22.83764	438
SM	Gerăușa	47.60621	22.9354	421
SM	Băbești	47.96953	23.07795	417
SM	Atea	47.86978	22.79011	416
SM	Cig	47.52696	22.64014	413
SM	Aliceni	47.96373	23.30442	410
SM	Unimăt	47.50594	22.74725	408
SM	Săuca	47.46734	22.49167	395
SM	Homorodu de Mijloc	47.63156	23.06082	388
SM	Luna	47.84636	23.43734	387
SM	Micula Nouă	47.91792	22.93623	380
SM	Sânmiclăuș	47.63897	22.60511	370
SM	Dobolț	47.98371	23.03562	354
SM	Homorodu de Jos	47.66376	23.08638	353
SM	Pășunea Mare	47.87303	23.23712	342
SM	Cuța	47.53947	23.00615	337
SM	Ianculești	47.63136	22.42257	337
SM	Someșeni	47.74519	23.20446	323
SM	Soconzel	47.51685	22.99683	320
SM	Noroieni	47.88318	22.88462	316
SM	Apateu	47.7694	22.99237	313
SM	Livada Mică	47.8449	23.11215	312
SM	Prilog-Vii	47.85659	23.28348	310
SM	Marna Nouă	47.65876	22.38991	307
SM	Pelișor	47.90429	22.85538	304
SM	Medieș-Râturi	47.80592	23.19741	303
SM	Racșa-Vii	47.79544	23.29515	291
SM	Solduba	47.59793	23.04207	291
SM	Măriuș	47.66696	23.1843	286
SM	Homorodu de Sus	47.6184	23.05557	285
SM	Cean	47.44575	22.51509	275
SM	Șirlău	48.05863	23.1261	274
SM	Satu Mic	47.57628	22.70132	266
SM	Dindeștiu Mic	47.57144	22.34931	257
SM	Chilia	47.63747	23.08188	251
SM	Cionchești	47.69954	22.91092	248
SM	Racova	47.46207	22.88569	243
SM	Șandra	47.55869	22.91198	241
SM	Rușeni	47.71286	22.94322	238
SM	Portița	47.56593	22.41081	236
SM	Bercu Nou	47.93403	22.92782	230
SM	Hodișa	47.57614	22.97661	229
SM	Medieș-Vii	47.82064	23.2383	225
SM	Necopoi	47.68342	23.06716	223
SM	Orbău	47.40745	22.61915	219
SM	Medișa	47.60651	23.00149	218
SM	Urziceni-Pădure	47.74357	22.34084	218
SM	Berea	47.66987	22.33882	207
SM	Blaja	47.45773	22.55069	204
SM	Valea Morii	47.4933	22.54088	192
SM	Sudurău	47.53108	22.45786	188
SM	Turulung-Vii	47.94367	23.15364	187
SM	Crișeni	47.6414	22.6776	186
SM	Traian	47.76911	22.69632	182
SM	Hotoan	47.55615	22.48658	180
SM	Ghirolt	47.60916	22.61784	176
SM	Horea	47.68181	22.2391	175
SM	Chegea	47.45957	22.67859	165
SM	Dacia	47.73293	22.65499	157
SM	Giungi	47.57389	22.77474	155
SM	Silvaș	47.47418	22.52102	153
SM	Bicău	47.66128	23.28077	140
SM	Aciua	47.68178	23.3669	138
SM	Sărvăzel	47.4542	22.41777	138
SM	Ady Endre	47.58141	22.61444	124
SM	Rădulești	47.59991	22.56257	111
SM	Berindan	47.78411	23.00892	101
SM	Ghilești	47.53954	22.57946	96
SM	Turț-Băi	47.98189	23.22049	93
SM	Chisău	47.45955	22.44188	91
SM	Tireac	47.69353	23.03477	82
SM	Piru Nou	47.48521	22.39228	76
SM	Istrău	47.62399	22.64613	66
SM	Sechereșa	47.45203	22.7395	64
SM	Bolda	47.53174	22.91398	63
SM	Ardud-Vii	47.64634	22.93561	58
SM	Halmeu-Vii	48.01995	23.10199	51
SM	Țeghea	47.58674	22.73492	49
SM	Aliza	47.69475	22.7294	43
SM	Sărătura	47.62447	22.94096	43
SM	Rațiu	47.43915	22.60768	28
SM	Lunca Apei	47.74437	23.16255	14
SM	Cucu	47.7862	22.9673	11
SM	Vânătorești	47.83389	23.00425	7
SM	Viișoara	47.70887	22.29838	6
SM	Bârsău	47.59194	23.21942	0
SM	Culciu	47.7547	23.0608	0
SM	Eteni	47.78099	23.05849	0
SM	Ganaș	47.5193	22.698	0
SM	Homoroade	47.6333	23.0667	0
SM	Moftin	47.6875	22.6008	0
SM	Orașu Nou	47.83388	23.28907	0
SM	Orașu Nou-Vii	47.81043	23.27081	0
SM	Supur	47.4667	22.8	0
SM	Văgaș	48.06623	23.25019	0
SV	Suceava	47.66345	26.27323	92121
SV	Fălticeni	47.46156	26.30153	24066
SV	Rădăuți	47.84085	25.91383	23822
SV	Câmpulung Moldovenesc	47.5257	25.57075	16722
SV	Vatra Dornei	47.34476	25.3521	13427
SV	Gura Humorului	47.55251	25.88558	12985
SV	Vicovu de Sus	47.93046	25.62878	10456
SV	Marginea	47.81129	25.81737	8552
SV	Siret	47.95527	26.06417	7031
SV	Cajvana	47.70197	25.96412	6759
SV	Bosanci	47.58333	26.31667	6304
SV	Vicovu de Jos	47.88439	25.71093	5925
SV	Arbore	47.73226	25.92616	5259
SV	Baia	47.4203	26.2169	5197
SV	Horodnic de Sus	47.84752	25.77655	5136
SV	Straja	47.9207	25.54769	5094
SV	Volovăț	47.8063	25.8928	4952
SV	Pătrăuți	47.71869	26.18793	4567
SV	Voitinel	47.88046	25.74936	4387
SV	Frătăuții Noi	47.94247	25.84347	4112
SV	Bogdănești	47.36376	26.27203	3909
SV	Sfântu Ilie	47.63555	26.20958	3788
SV	Ipotești	47.62538	26.27788	3759
SV	Dornești	47.86667	26.01667	3664
SV	Bilca	47.91575	25.74553	3583
SV	Șcheia	47.6578	26.221	3445
SV	Dolhasca	47.42676	26.60113	3225
SV	Iaslovăț	47.75751	25.96353	3163
SV	Mitocu Dragomirnei	47.73158	26.24312	3065
SV	Hănțești	47.75389	26.36735	3032
SV	Plopeni	47.66423	26.33979	3010
SV	Milișăuți	47.78572	25.99962	2959
SV	Mălini	47.45365	26.08723	2924
SV	Bivolăria	47.91008	25.68089	2852
SV	Ostra	47.36486	25.72853	2823
SV	Stulpicani	47.4583	25.76471	2807
SV	Vama	47.56065	25.68801	2778
SV	Salcea	47.65306	26.36903	2769
SV	Adâncata	47.75	26.3	2765
SV	Frasin	47.54043	25.7941	2682
SV	Frasin (Broșteni)	47.22265	25.73873	2682
SV	Rașca	47.74633	25.51203	2681
SV	Râșca	47.36667	26.23333	2681
SV	Frătăuții Vechi	47.90283	25.89809	2653
SV	Pojorâta	47.52373	25.4688	2592
SV	Păltinoasa	47.54981	25.95649	2509
SV	Mironu	47.4872	26.00875	2433
SV	Stroiești	47.61556	26.12429	2414
SV	Corocăiești	47.63601	26.48596	2412
SV	Capu Codrului	47.52929	25.98689	2400
SV	Satu Mare	47.81667	26.0	2398
SV	Ilișești	47.60926	26.0421	2389
SV	Siminicea	47.69882	26.39763	2364
SV	Rotunda	47.48751	26.52634	2351
SV	Berchișești	47.52675	26.02437	2342
SV	Udești	47.57508	26.41234	2296
SV	Sadova	47.54013	25.50523	2285
SV	Putna	47.85785	25.60097	2271
SV	Hârtop	47.46906	26.36179	2269
SV	Rădășeni	47.48671	26.24202	2255
SV	Calafindești	47.85486	26.1121	2249
SV	Moldovița	47.74418	25.45827	2215
SV	Capu Câmpului	47.50476	25.97971	2214
SV	Solca	47.70408	25.83543	2188
SV	Gulia	47.40169	26.61198	2163
SV	Botoșana	47.68822	25.9338	2144
SV	Mihoveni	47.678	26.18164	2134
SV	Stamate	47.60576	26.51737	2121
SV	Burla	47.78487	25.92685	2111
SV	Mănăstirea Humorului	47.5984	25.85885	2108
SV	Frumosu	47.61667	25.65	2089
SV	Vatra Moldoviței	47.65	25.56667	2061
SV	Drăgușeni	47.28333	26.5	2019
SV	Horodnic de Jos	47.86858	25.86468	2003
SV	Găinești	47.4166	25.91038	1953
SV	Boroaia	47.34582	26.33424	1945
SV	Pârteștii de Jos	47.61469	25.95468	1945
SV	Dărmănești	47.73825	26.14574	1931
SV	Grămești	47.91306	26.15034	1919
SV	Preutești	47.46154	26.41352	1881
SV	Ciprian Porumbescu	47.57123	26.04694	1840
SV	Șerbăuți	47.82545	26.14048	1824
SV	Fântânele	47.57343	26.52537	1805
SV	Grănicești	47.80894	26.0563	1796
SV	Măneuți	47.89917	25.92419	1741
SV	Probota	47.37788	26.62831	1704
SV	Basarabi	47.45313	26.44745	1657
SV	Fundu Moldovei	47.53635	25.36013	1656
SV	Pârteștii de Sus	47.64788	25.91548	1640
SV	Poieni-Solca	47.6896	25.88454	1629
SV	Costișa	47.92459	25.90661	1624
SV	Neagra Șarului	47.23986	25.32989	1620
SV	Paltinu	47.64192	25.52355	1618
SV	Pâraie	47.46285	26.07104	1604
SV	Drăgoiești	47.54984	26.08073	1603
SV	Măriței	47.74539	26.12734	1589
SV	Iacobeni	47.42097	25.31687	1573
SV	Văratec	47.63892	26.39956	1563
SV	Herla	47.44144	26.00803	1543
SV	Gălănești	47.90685	25.80458	1539
SV	Soloneț	47.69002	26.02422	1527
SV	Bălăceana	47.64436	26.03856	1520
SV	Sucevița	47.78333	25.71667	1471
SV	Bădeuți	47.8009	25.98061	1448
SV	Prelipca	47.61411	26.35574	1429
SV	Bălcăuți	47.89125	26.0714	1425
SV	Valea Moldovei	47.47294	26.02419	1405
SV	Todirești	47.70521	26.05393	1381
SV	Băișești	47.48303	26.10139	1377
SV	Bursuceni	47.64954	26.47396	1374
SV	Moara Nica	47.60681	26.21926	1360
SV	Dorna Candrenilor	47.35626	25.25345	1356
SV	Bucșoaia	47.54141	25.81183	1355
SV	Verești	47.64002	26.4538	1346
SV	Slatina	47.46667	26.0	1325
SV	Gura Putnei	47.8992	25.58812	1298
SV	Voievodeasa	47.79959	25.748	1291
SV	Negostina	47.92553	26.07748	1272
SV	Vadu Moldovei	47.38333	26.36667	1265
SV	Budeni	47.41299	26.66153	1254
SV	Strâmtura	47.5857	25.67661	1253
SV	Dorna-Arini	47.33333	25.45	1212
SV	Bogata	47.4079	26.18309	1208
SV	Moldova-Sulița	47.7	25.25	1198
SV	Țibeni	47.81068	26.02197	1196
SV	Șerbănești	47.80961	26.31842	1193
SV	Costâna	47.69301	26.12022	1190
SV	Cotârgași	47.25692	25.7563	1179
SV	Clit	47.75337	25.84967	1174
SV	Brăiești	47.49932	26.06689	1168
SV	Hancea	47.59868	26.45819	1157
SV	Dolheștii Mici	47.4327	26.5562	1149
SV	Buda (Râșca)	47.36653	26.18328	1148
SV	Buda (Zvoriștea)	47.84813	26.25865	1148
SV	Falcău	47.90724	25.46532	1145
SV	Arghira	47.462	26.46478	1129
SV	Plăvălari	47.56824	26.35464	1127
SV	Cacica	47.63509	25.90301	1110
SV	Lămășeni	47.49236	26.22439	1107
SV	Zamostea	47.86474	26.19629	1106
SV	Poiana Mărului	47.41553	26.0498	1091
SV	Leucușești	47.42734	26.371	1084
SV	Comănești	47.66317	25.99368	1068
SV	Roșcani	47.53329	26.54889	1061
SV	Negrileasa	47.42727	25.81196	1049
SV	Părhăuți	47.71003	26.08829	1043
SV	Breaza	47.61667	25.33333	1036
SV	Bulai	47.61559	26.21841	1036
SV	Hurjuieni	47.91541	25.84044	1034
SV	Horodniceni	47.52107	26.16625	1030
SV	Humoreni	47.65152	25.99282	1026
SV	Călinești (Dărmănești)	47.77512	26.13543	1023
SV	Călinești (Șerbăuți)	47.80022	26.1517	1023
SV	Argel	47.76258	25.45283	1013
SV	Plutonița	47.48316	25.78671	998
SV	Tișăuți	47.62439	26.30869	997
SV	Cornu Luncii	47.46322	26.15557	993
SV	Demacușa	47.69931	25.50325	992
SV	Ciocănești	47.48333	25.28333	978
SV	Crucea	47.35678	25.58754	977
SV	Satu Mare (Crucea)	47.35978	25.61329	977
SV	Poiana Micului	47.67616	25.75993	954
SV	Zvoriștea	47.83971	26.29292	946
SV	Sasca Mică	47.43863	26.17554	931
SV	Cârlibaba	47.5776	25.12309	919
SV	Oniceni	47.32936	26.45912	919
SV	Poiana Negrii	47.31267	25.22254	917
SV	Valea Glodului	47.5105	26.44967	897
SV	Izvoarele Sucevei	47.75046	25.16347	886
SV	Fântâna Mare	47.40675	26.28936	882
SV	Lisaura	47.63874	26.29325	879
SV	Șoldănești	47.45424	26.32593	861
SV	Chilișeni	47.56118	26.47911	858
SV	Mihăiești	47.51596	26.21396	846
SV	Dealu	47.83347	26.25903	845
SV	Gemenea	47.45384	25.71234	843
SV	Doroteia	47.50099	25.79983	841
SV	Poiana Stampei	47.1695	25.14508	837
SV	Colacu	47.53995	25.36149	829
SV	Dumbrăvița	47.39781	26.34163	815
SV	Bărăști	47.35572	26.34197	799
SV	Țarna Mare	47.47237	26.32704	796
SV	Corni	47.47337	26.55672	792
SV	Zaharești	47.58628	26.15247	786
SV	Siliștea	47.52613	26.48226	784
SV	Cotu Băii	47.41578	26.27934	774
SV	Deia	47.5974	25.61672	772
SV	Holda	47.26033	25.67958	772
SV	Coverca	47.2327	25.39325	770
SV	Brodina	47.86248	25.40362	756
SV	Brodina (Izvoarele Sucevei)	47.77682	25.26976	756
SV	Manolea	47.40426	26.45365	755
SV	Petia	47.5061	26.31827	754
SV	Valea Bourei	47.42576	26.50476	743
SV	Mitocași	47.73099	26.26166	737
SV	Dănila	47.75225	26.09382	734
SV	Giurgești	47.50341	26.42246	734
SV	Siliștea Nouă	47.45453	26.63755	734
SV	Călugăreni	47.76678	26.28546	733
SV	Panaci	47.24745	25.38045	729
SV	Păiseni	47.42991	26.10383	713
SV	Gura Solcii	47.7407	26.05176	707
SV	Huși	47.44338	26.3912	704
SV	Molid	47.57053	25.72897	704
SV	Liteni	47.52085	26.53004	699
SV	Liteni (Moara)	47.5715	26.1833	699
SV	Moara Carp	47.58137	26.22899	698
SV	Săcuța	47.31543	26.28726	693
SV	Prisaca Dornei	47.5403	25.65791	691
SV	Văleni-Stânișoara	47.36901	25.97698	687
SV	Voroneț	47.5229	25.86409	682
SV	Solonețu Nou	47.65622	25.85097	673
SV	Benia	47.66143	25.26879	667
SV	Lupcina	47.83142	25.24736	654
SV	Slătioara (Râșca)	47.37722	26.11818	649
SV	Slătioara (Stulpicani)	47.46228	25.6662	649
SV	Slobozia (Fântânele)	47.56285	26.55729	649
SV	Slobozia (Zvoriștea)	47.79348	26.31943	649
SV	Deleni	47.63024	25.97199	622
SV	Poieni-Suceava	47.57342	26.46163	620
SV	Argestru	47.37419	25.33248	612
SV	Stânca	47.82417	26.27536	605
SV	Luncușoara	47.59667	26.3543	601
SV	Uncești	47.53228	26.31888	594
SV	Moișa	47.33332	26.29447	584
SV	Știrbăț	47.55569	26.49061	584
SV	Vășcăuți	47.97254	26.0258	584
SV	Bunești	47.51667	26.31667	581
SV	Boura	47.41143	26.47773	569
SV	Românești (Coșna)	47.3707	25.14737	569
SV	Românești (Grănicești)	47.77614	26.07706	569
SV	Giulești	47.34736	26.37582	568
SV	Bălinești	47.89976	26.17767	567
SV	Poiana (Dolhasca)	47.46061	26.56831	565
SV	Poiana (Zvoriștea)	47.78997	26.26911	565
SV	Brădățel	47.49951	26.15764	563
SV	Berești	47.78437	26.32954	561
SV	Vadu Negrilesei	47.38775	25.83733	556
SV	Dealu Floreni	47.36066	25.21528	554
SV	Gura Haitii	47.19959	25.2675	554
SV	Pleșești	47.5142	26.36017	554
SV	Botuș	47.57231	25.34652	551
SV	Șaru Dornei	47.29006	25.36832	545
SV	Sasca Mare	47.43258	26.1359	545
SV	Reuseni	47.58094	26.36727	544
SV	Fetești	47.70732	26.33909	534
SV	Ortoaia	47.34487	25.44539	532
SV	Sărișoru Mare	47.27196	25.33459	527
SV	Nicani	47.87417	26.22267	525
SV	Slobozia Sucevei	47.76668	26.05081	523
SV	Corlata	47.53895	26.05528	507
SV	Coșna	47.37667	25.17361	507
SV	Pădureni	47.94723	26.09991	506
SV	Măzănăești	47.5302	26.08039	491
SV	Sălăgeni	47.67785	26.39161	478
SV	Valea Poienei	47.4211	26.57636	471
SV	Rușii-Mănăstioara	47.59152	26.37781	470
SV	Bănești	47.58737	26.52234	465
SV	Nigotești	47.38614	26.43134	465
SV	Iacobești	47.76641	26.08445	454
SV	Spătărești	47.42943	26.30658	441
SV	Gara	47.77548	26.04992	439
SV	Botești	47.51629	26.13202	433
SV	Dumbrăveni	47.7	26.4	431
SV	Dumbrăveni (Râșca)	47.35337	26.21022	431
SV	Lipoveni	47.72485	26.22478	428
SV	Bobeica	47.72045	25.12892	421
SV	Ciumârna	47.707	25.60913	420
SV	Ruși	47.35332	26.4366	418
SV	Cumpărătura	47.56395	26.27309	415
SV	Țolești	47.37775	26.48635	414
SV	Jahalia	47.37557	26.24268	412
SV	Rotopănești	47.50825	26.18102	411
SV	Botoș	47.51285	25.23195	406
SV	Climăuți	47.96665	25.92435	395
SV	Podu Coșnei	47.36007	25.18996	394
SV	Nisipitu	47.87372	25.3252	392
SV	Dumbrava (Cornu Luncii)	47.49219	26.14726	391
SV	Dumbrava (Grănicești)	47.79903	26.09428	391
SV	Brodina de Jos	47.8212	25.38311	390
SV	Podeni	47.50507	26.28237	389
SV	Ciumulești	47.37726	26.39293	384
SV	Broșteni	47.24034	25.69767	382
SV	Broșteni (Drăgușeni)	47.30646	26.55655	382
SV	Hreațca	47.5296	26.35644	382
SV	Neagra	47.2278	25.69283	376
SV	Gropeni	47.89589	26.0999	373
SV	Brașca	47.62644	26.05264	372
SV	Ioneasa	47.37289	26.43712	364
SV	Dragoșa	47.64581	25.63405	359
SV	Cârlibaba Nouă	47.56951	25.12688	357
SV	Măgura	47.8203	25.24569	351
SV	Osoi	47.52327	26.45925	350
SV	Grigorești	47.71766	26.38023	346
SV	Ulma	47.85383	25.26128	345
SV	Roșu	47.35186	25.30818	339
SV	Sadău	47.87877	25.39607	339
SV	Roșiori	47.34899	26.41434	329
SV	Holdița	47.25555	25.69678	324
SV	Șaru Bucovinei	47.28946	25.34605	321
SV	Breaza de Sus	47.65503	25.29604	319
SV	Cozănești	47.33929	25.43591	316
SV	Valea Putnei	47.48437	25.37508	316
SV	Baineț	47.96761	25.94229	304
SV	Botoșanița Mare	47.87482	26.10625	300
SV	Antoceni	47.33399	26.47219	296
SV	Teșna (Coșna)	47.36576	25.12107	296
SV	Teșna (Poiana Stampei)	47.33347	25.12262	296
SV	Poienari	47.38834	26.59961	291
SV	Bodnăreni	47.7556	25.92784	286
SV	Gheorghițeni	47.36239	25.44035	286
SV	Racova	47.54944	26.44934	286
SV	Glodu	47.16761	25.47565	273
SV	Bahna Arin	47.4876	26.43846	270
SV	Dornișoara	47.2191	25.08296	270
SV	Mestecăniș	47.45553	25.33104	269
SV	Chiril	47.39264	25.57418	268
SV	Costileva	47.87708	25.23519	265
SV	Lunca (Milișăuți)	47.7704	26.01106	265
SV	Lunca (Zamostea)	47.88894	26.21917	265
SV	Merești	47.54825	26.40891	264
SV	Cămârzani	47.39998	26.386	263
SV	Iaz	47.9078	25.98144	262
SV	Vornicenii Mari	47.56027	26.12157	260
SV	Rusca	47.36857	25.45558	257
SV	Lucăcești	47.52947	26.10495	255
SV	Movileni	47.40033	26.40852	251
SV	Ciomârtan	47.87339	26.17717	250
SV	Botoșanița Mică	47.88725	26.13126	247
SV	Mușenița	47.94757	25.97579	245
SV	Mereni	47.66315	26.3281	244
SV	Cojoci	47.38123	25.5809	242
SV	Sunători	47.38533	25.48406	238
SV	Frumoasa	47.59906	26.19309	229
SV	Vicșani	47.93684	25.97909	227
SV	Lungeni	47.23435	25.71991	224
SV	Pilugani	47.33186	25.16849	221
SV	Călinești-Vasilache	47.78981	26.12127	216
SV	Pocoleni	47.50049	26.26622	213
SV	Cotu Dobei	47.58236	26.47746	211
SV	Dragomirna	47.76026	26.22585	208
SV	Plaiu Șarului	47.30443	25.37372	204
SV	Drăgoiasa	47.16525	25.43626	201
SV	Sărișor	47.25939	25.31336	201
SV	Hăleasa	47.23182	25.71955	199
SV	Sasca Nouă	47.4585	26.19093	189
SV	Mărițeia Mică	47.7503	26.10992	187
SV	Runcu	47.6737	25.84536	187
SV	Jacota	47.5078	26.38873	186
SV	Mesteceni	47.40181	26.41845	186
SV	Tărnicioara	47.41026	25.75474	186
SV	Tăutești	47.84762	26.22833	185
SV	Țibău	47.59256	25.08278	184
SV	Uidești	47.37764	26.46828	181
SV	Badragi	47.87674	26.16345	177
SV	Stâncuța	47.80952	26.27573	173
SV	Pleșa	47.62596	25.83731	171
SV	Vârfu Dealului	47.60586	25.93816	169
SV	Șinca	47.42686	26.15657	166
SV	Căsoi	47.30289	25.11135	163
SV	Verbia	47.88268	26.16081	162
SV	Vercicani	47.52768	26.57407	161
SV	Dârmoxa	47.18651	25.53298	160
SV	Pârâu Negrei	47.61387	25.36212	157
SV	Iedu	47.64479	25.11584	154
SV	Prăleni	47.33826	25.17453	152
SV	Paltin	47.86774	25.36458	143
SV	Securiceni	47.57699	26.34321	143
SV	Codru	47.72488	26.00557	142
SV	Praxia	47.37856	26.31987	140
SV	Valea Bancului	47.39925	25.18978	140
SV	Tătaru	47.33539	25.09766	138
SV	Rudești	47.90411	26.10693	137
SV	Cojocăreni	47.85705	26.21956	134
SV	Botușel	47.5808	25.32442	133
SV	Braniștea	47.61399	25.32266	125
SV	Trei Movile	47.63139	26.15522	123
SV	Corpaci	47.86486	26.16874	121
SV	Sârghiești	47.71947	26.09017	118
SV	Băncești	47.95477	26.00623	116
SV	Ehrește	47.837	25.34683	109
SV	Păltiniș	47.19007	25.42486	109
SV	Delnița	47.53966	25.30717	104
SV	Vâlcelele	47.65145	26.09464	104
SV	Zalomestra	47.85179	25.39027	104
SV	Maidan	47.66222	25.82472	102
SV	Vornicenii Mici	47.56529	26.16028	102
SV	Pietroasa	47.23559	25.74189	101
SV	Valea Stânei	47.55314	25.16312	101
SV	Florinta	47.64341	26.13165	87
SV	Răuțeni	47.8471	26.19801	86
SV	Catrinari	47.18713	25.4592	77
SV	Deluț	47.56105	25.29423	74
SV	Dubiusca	47.79491	25.41355	74
SV	Smida Ungurenilor	47.52398	25.34317	74
SV	Cununschi	47.78956	25.34144	57
SV	Todireni	47.29857	25.34335	51
SV	Obcina	47.57307	25.27654	42
SV	Varvata	47.61162	25.99855	42
SV	Mănăstioara (Siret)	47.94117	26.03223	37
SV	Mănăstioara (Udești)	47.55531	26.39369	37
SV	Șes	47.5205	26.27179	30
SV	Norocu	47.90043	25.41046	29
SV	Vulturești	47.52087	26.37845	28
SV	Gara Leu	47.33326	26.52204	21
SV	Arțari	47.77031	26.32354	14
SV	Plai	47.56536	25.36487	6
SV	Dolhești	47.46059	26.51968	0
SV	Dolheștii Mari	47.45041	26.50614	0
SV	Forăști	47.35166	26.4645	0
SV	Groapa Vlădichii	47.55986	26.24154	0
SV	Horodnic	47.8387	25.76411	0
SV	Iesle	47.3196	25.92298	0
SV	Moara	47.6	26.23333	0
SV	Șesuri	47.59731	24.96098	0
TL	Tulcea	45.17162	28.79144	73433
TL	Babadag	44.89131	28.71722	8940
TL	Măcin	45.24502	28.14016	8245
TL	Greci	45.19432	28.23467	5117
TL	Isaccea	45.26542	28.46073	4501
TL	Niculițel	45.18386	28.48035	4297
TL	Jijila	45.30272	28.15227	4056
TL	Sulina	45.15674	29.65955	3663
TL	Luncavița	45.28522	28.27438	3432
TL	Turcoaia	45.10531	28.18872	3187
TL	Baia	44.72591	28.67664	2789
TL	Sarichioi	44.94549	28.85146	2775
TL	Topolog	44.87712	28.37975	2464
TL	Carcaliu	45.19466	28.14825	2457
TL	Mahmudia	45.08317	29.08741	2341
TL	Văcăreni	45.32551	28.19532	2201
TL	Somova	45.19027	28.66211	2141
TL	Jurilovca	44.75965	28.87485	2121
TL	Chilia Veche	45.33945	29.29372	2089
TL	Dăeni	44.84908	28.12801	2016
TL	Ostrov	44.91973	28.14623	1921
TL	Ostrov Tătaru	45.39496	29.20983	1921
TL	Cerna	45.08333	28.31667	1844
TL	Mihail Kogălniceanu	45.03071	28.71643	1631
TL	Peceneaga	45.01081	28.14515	1569
TL	Mineri	45.16664	28.7113	1567
TL	Agighiol	45.0352	28.8754	1532
TL	Beștepe	45.09318	29.01475	1492
TL	Izvoarele	45.0368	28.53632	1453
TL	Valea Teilor	45.10591	28.48707	1447
TL	Casimcea	44.72029	28.38277	1420
TL	Grindu	45.40748	28.19814	1356
TL	Zebil	44.94695	28.76789	1324
TL	Ciucurova	44.93333	28.48333	1299
TL	Murighiol	45.03703	29.16177	1292
TL	Garvăn	45.34747	28.16081	1256
TL	Nicolae Bălcescu	44.99813	28.58538	1231
TL	I.C. Brătianu	45.3761	28.07745	1187
TL	Frecăței	45.10624	28.65355	1127
TL	Turda	44.9725	28.62372	1098
TL	Cataloi	45.09653	28.72615	1096
TL	Ceamurlia de Jos	44.77425	28.76678	1090
TL	Sălcioara	44.79866	28.88889	1087
TL	Smârdan	45.28462	28.00599	1077
TL	Lunca	44.73562	28.76982	1073
TL	Traian	45.03243	28.23416	1019
TL	Nufăru	45.14847	28.92527	969
TL	Valea Nucarilor	45.04229	28.94165	954
TL	Malcoci	45.13766	28.88614	953
TL	Nalbant	44.99357	28.59284	879
TL	Enisala	44.87847	28.81922	872
TL	Horia	45.02504	28.44906	863
TL	Slava Cercheză	44.87918	28.56748	852
TL	Ceamurlia de Sus	44.76396	28.61104	829
TL	Slava Rusă	44.85081	28.60677	814
TL	Rachelu	45.28665	28.32573	812
TL	Sfântu Gheorghe	44.88547	29.45743	797
TL	Iazurile	45.02143	28.94364	780
TL	Dorobanțu	44.95934	28.28528	776
TL	Vișina	44.75751	28.84144	727
TL	Parcheș	45.21522	28.58933	680
TL	Războieni	44.76425	28.42006	677
TL	Nifon	45.15379	28.37106	663
TL	Făgărașu Nou	44.85915	28.27817	661
TL	Poșta	45.11499	28.62151	659
TL	Mihai Bravu	44.9472	28.65616	650
TL	Stejaru	44.77177	28.5454	625
TL	Rândunica	45.00003	28.74514	614
TL	Satu Nou	44.9568	28.68117	608
TL	Sâmbăta Nouă	44.83941	28.40274	587
TL	Dunavățu de Jos	44.98352	29.22145	586
TL	Sarighiol de Deal	44.69875	28.5133	558
TL	Sabangia	44.97604	28.88306	556
TL	Plopul	45.02069	29.12468	551
TL	Telița	45.15553	28.56592	544
TL	Vasile Alecsandri	44.7967	28.50458	533
TL	Beidaud	44.67796	28.52972	530
TL	Pardina	45.30894	28.95802	527
TL	Neatârnarea	44.74382	28.50473	520
TL	Fântâna Mare	44.86177	28.49697	490
TL	Lăstuni	45.02359	28.69616	490
TL	Mircea Vodă	45.03632	28.35589	485
TL	Corugea	44.73368	28.33781	478
TL	Revărsarea	45.27638	28.38734	465
TL	Crișan	45.17439	29.3852	462
TL	Cârjelari	44.96327	28.34099	457
TL	Mila 23	45.22645	29.24524	457
TL	Sarinasuf	45.01092	29.0594	456
TL	Camena	44.80963	28.60519	443
TL	Panduru	44.69718	28.63906	435
TL	Mina Altân Tepe	44.78784	28.56496	412
TL	Trestenic	45.07664	28.59007	412
TL	Partizani	45.19137	28.94967	374
TL	Balabancea	45.06899	28.40358	354
TL	Rahman	44.80033	28.27232	349
TL	Letea	45.28607	29.52405	348
TL	Iulia	45.01259	28.53692	344
TL	Visterna	44.86272	28.7708	329
TL	Hamcearca	45.13258	28.37921	314
TL	Ceatalchioi	45.25769	28.81545	311
TL	Caraorman	45.07323	29.39574	309
TL	Cerbu	44.82949	28.4208	292
TL	Florești	45.0749	28.44723	284
TL	Măgurele	44.90198	28.23595	279
TL	Tudor Vladimirescu	45.19004	28.79752	274
TL	Luminița	44.89423	28.33034	263
TL	Caugagia	44.7912	28.66348	262
TL	Alba	45.06341	28.5176	252
TL	Maliuc	45.17645	29.1136	238
TL	C.A. Rosetti	45.29662	29.56364	223
TL	Periprava	45.39962	29.54424	220
TL	Victoria	45.12791	28.96741	211
TL	Dunavățu de Sus	45.0153	29.22136	199
TL	Atmagea	44.96384	28.43234	188
TL	General Praporgescu	45.01399	28.37305	181
TL	Pătlăgeanca	45.23061	28.75639	156
TL	Calfa	44.82515	28.3483	152
TL	Meșteru	44.92666	28.30359	151
TL	Gorgova	45.17915	29.17023	146
TL	Ilganii de Jos	45.15751	28.9248	140
TL	Colina	45.0265	29.03071	126
TL	Sfiștofca	45.29371	29.59649	105
TL	Cloșca	45.01193	28.47412	101
TL	Băltenii de Sus	45.12665	28.99952	92
TL	Băltenii de Jos	45.12084	29.05488	83
TL	Căprioara	45.12227	28.40327	83
TL	Sălceni	45.27325	28.76346	70
TL	Tichilești	45.2634	28.35774	60
TL	Plauru	45.32153	28.82911	56
TL	Ilganii de Sus	45.19483	28.94407	52
TL	Vulturu	45.17476	29.0739	46
TL	Fântâna Oilor	44.92521	28.25269	45
TL	Tatanir	45.35228	29.03448	43
TL	Cișmeaua Nouă	44.80059	28.33207	41
TL	Cardon	45.23774	29.62217	14
TL	Haidar	44.77009	28.27257	11
TL	Uzlina	45.07308	29.22618	7
TL	Piatra	44.89721	28.14212	4
TL	Ardealu	44.97343	28.31551	0
TL	Câșlița	45.35723	29.29884	0
TL	Stânca	44.74484	28.28942	0
TM	Timișoara	45.74887	21.20868	319279
TM	Lugoj	45.69099	21.90346	39314
TM	Sânnicolau Mare	46.05934	20.62245	12312
TM	Jimbolia	45.79943	20.71196	10808
TM	Dumbrăvița	45.79748	21.23908	7522
TM	Giroc	45.70175	21.23464	5652
TM	Deta	45.39774	21.22558	5553
TM	Giarmata	45.84016	21.31295	5210
TM	Buziaș	45.64869	21.60619	4746
TM	Recaș	45.80116	21.51191	4722
TM	Ghiroda	45.76808	21.30103	4605
TM	Săcălaz	45.76036	21.11088	4596
TM	Periam	46.04437	20.87237	4505
TM	Cenad	46.11354	20.54568	4207
TM	Gătaia	45.42652	21.43096	3998
TM	Variaș	45.98474	20.96321	3858
TM	Făget	45.8528	22.17291	3658
TM	Dudeștii Vechi	46.08192	20.44868	3648
TM	Jebel	45.56239	21.2145	3584
TM	Cărpiniș	45.79103	20.89951	3551
TM	Comloșu Mare	45.89255	20.62509	3389
TM	Biled	45.8886	20.95949	3294
TM	Lovrin	45.96918	20.77098	3223
TM	Dudeștii Noi	45.84759	21.10833	3179
TM	Tomnatic	45.98982	20.66179	3144
TM	Peciu Nou	45.60298	21.05551	3092
TM	Sânandrei	45.8534	21.16813	3065
TM	Liebling	45.5818	21.31766	3034
TM	Șag	45.6539	21.17545	3009
TM	Satchinez	45.94179	21.04456	2937
TM	Becicherecu Mic	45.83333	21.05	2853
TM	Moșnița Nouă	45.72064	21.31565	2833
TM	Sânmihaiu Român	45.69483	21.07867	2805
TM	Chișoda	45.70118	21.21213	2736
TM	Ciacova	45.50978	21.12982	2721
TM	Saravale	46.0716	20.74203	2628
TM	Nădrag	45.65276	22.18125	2548
TM	Utvin	45.71296	21.1257	2451
TM	Teremia Mare	45.93591	20.52607	2301
TM	Orțișoara	45.96704	21.19712	2289
TM	Șandra	45.92619	20.89262	2286
TM	Iecea Mare	45.84746	20.90228	2231
TM	Coșteiu	45.7447	21.84605	2181
TM	Parța	45.62752	21.13303	2172
TM	Denta	45.35923	21.24674	2168
TM	Sânpetru Mare	46.04574	20.8177	2030
TM	Pesac	45.99659	20.83595	1990
TM	Voiteg	45.46925	21.23732	1938
TM	Ghilad	45.46814	21.14145	1932
TM	Checea	45.73887	20.84873	1838
TM	Darova	45.64007	21.76787	1818
TM	Grabaț	45.87513	20.74367	1798
TM	Carani	45.9096	21.15998	1773
TM	Cenei	45.71651	20.90117	1770
TM	Beregsău Mare	45.76221	21.02414	1747
TM	Gottlob	45.9433	20.711	1716
TM	Bulgăruș	45.91985	20.82164	1696
TM	Lenauheim	45.87408	20.80151	1615
TM	Tormac	45.5257	21.49059	1599
TM	Giarmata-Vii	45.79889	21.29554	1595
TM	Fibiș	45.968	21.4093	1590
TM	Moșnița Veche	45.73353	21.32571	1590
TM	Belinț	45.75304	21.76711	1519
TM	Gavojdia	45.61457	22.02428	1501
TM	Bacova	45.66435	21.55201	1500
TM	Remetea Mare	45.78186	21.37643	1495
TM	Banloc	45.38333	21.13333	1457
TM	Izvin	45.8014	21.46022	1396
TM	Vălcani	46.01212	20.39666	1350
TM	Gelu	46.00428	21.05576	1325
TM	Jamu Mare	45.25457	21.40577	1323
TM	Urseni	45.69375	21.30756	1315
TM	Giulvăz	45.54651	20.99018	1298
TM	Cerneteaz	45.84445	21.25901	1292
TM	Chevereșu Mare	45.66713	21.48769	1289
TM	Foeni	45.50305	20.84407	1204
TM	Nițchidorf	45.5785	21.5359	1183
TM	Răchita	45.84264	22.10644	1149
TM	Hodoni	45.90548	21.08482	1139
TM	Mănăștiur	45.83002	22.06431	1131
TM	Pișchia	45.90566	21.34006	1116
TM	Igriș	46.11113	20.78307	1115
TM	Bazoș	45.73675	21.49263	1106
TM	Topolovățu Mare	45.77405	21.62403	1062
TM	Nerău	45.9695	20.55858	1061
TM	Livezile	45.38745	21.05004	1034
TM	Beba Veche	46.13202	20.29925	992
TM	Margina	45.86124	22.27196	977
TM	Dumbrava	45.80692	22.11679	972
TM	Diniaș	45.65209	21.00547	969
TM	Moravița	45.25676	21.26902	953
TM	Bethausen	45.82105	21.9485	944
TM	Alioș	46.0379	21.49291	943
TM	Uivar	45.65527	20.87269	938
TM	Birda	45.42851	21.3391	937
TM	Stamora Germană	45.28132	21.24991	933
TM	Iecea Mică	45.8205	20.92021	926
TM	Sânmartinu Sârbesc	45.6072	20.95642	921
TM	Bobda	45.73674	20.94409	900
TM	Mașloc	45.99734	21.45652	890
TM	Covaci	45.83248	21.23124	879
TM	Știuca	45.56667	21.98333	869
TM	Sânmihaiu German	45.71174	21.02935	865
TM	Sacoșu Turcesc	45.65449	21.42609	864
TM	Beregsău Mic	45.7511	20.97892	861
TM	Comloșu Mic	45.85013	20.66622	853
TM	Sacoșu Mare	45.58531	21.72603	851
TM	Petroasa Mare	45.61703	21.84592	849
TM	Bencecu de Sus	45.88373	21.4267	844
TM	Racovița	45.70133	21.64053	842
TM	Chizătău	45.75365	21.72669	835
TM	Hitiaș	45.71021	21.59569	828
TM	Șipet	45.50678	21.39853	821
TM	Ianova	45.84057	21.41876	807
TM	Ohaba-Forgaci	45.71601	21.74127	795
TM	Țipari	45.7631	21.85336	795
TM	Silagiu	45.60815	21.61103	777
TM	Petroman	45.54287	21.11154	763
TM	Iohanisfeld	45.56454	20.86365	756
TM	Colonia Fabricii	45.76271	22.3181	753
TM	Otelec	45.61374	20.84468	743
TM	Măguri	45.66281	21.99716	741
TM	Cebza	45.55146	21.06699	734
TM	Rudna	45.49797	21.00578	728
TM	Pustiniș	45.63296	20.85385	727
TM	Călacea	45.95164	21.14819	723
TM	Clopodia	45.28312	21.46653	714
TM	Lugojel	45.66121	21.96513	711
TM	Opatița	45.41492	21.26999	707
TM	Sculia	45.4447	21.4324	706
TM	Uliuc	45.67809	21.35611	697
TM	Criciova	45.63068	22.06714	674
TM	Bărăteaz	45.9707	21.09454	667
TM	Giera	45.42251	20.95698	664
TM	Teremia Mică	45.96031	20.49501	657
TM	Curtea	45.84368	22.32723	653
TM	Murani	45.92523	21.30347	646
TM	Obad	45.53978	21.15303	644
TM	Boldur	45.69295	21.78229	608
TM	Ivanda	45.56469	20.94028	596
TM	Uihei	45.91175	20.85771	596
TM	Seceani	45.9742	21.31388	590
TM	Cornești	45.91336	21.22389	588
TM	Dragșina	45.69887	21.43326	570
TM	Fârdea	45.73591	22.16016	568
TM	Sinersig	45.67143	21.72242	562
TM	Bichigi	45.85759	22.14018	557
TM	Jdioara	45.61733	22.10852	549
TM	Românești	45.81257	22.31485	541
TM	Cladova	45.86293	21.96919	539
TM	Bucovăț (Dumbrava)	45.78774	22.14992	538
TM	Bucovăț (Remetea Mare)	45.75306	21.3779	538
TM	Răuți	45.67305	20.92828	534
TM	Cruceni	45.47466	20.87694	533
TM	Dolaț	45.43039	21.06309	532
TM	Cheglevici	46.11569	20.4409	527
TM	Jena	45.59994	22.07204	525
TM	Berini	45.58374	21.42765	522
TM	Balinț	45.81375	21.85485	515
TM	Temerești	45.87376	22.2107	506
TM	Folea	45.49605	21.30211	499
TM	Sânpetru Mic	46.02921	21.03614	499
TM	Lunga	45.88492	20.5965	495
TM	Sângeorge	45.39863	21.31577	494
TM	Jupani	45.80399	22.02076	493
TM	Leucușești	45.83671	22.00043	490
TM	Cliciova	45.79457	21.96266	488
TM	Macedonia	45.5176	21.05734	486
TM	Cherestur	46.12726	20.38539	485
TM	Bodo	45.81631	21.8793	481
TM	Jabăr	45.71508	21.80185	474
TM	Șanovița	45.79659	21.72931	471
TM	Sintești	45.87424	22.24496	463
TM	Breștea	45.35018	21.27434	457
TM	Bătești	45.84623	22.20513	456
TM	Ficătar	45.71436	21.69353	456
TM	Crai Nou	45.48939	20.99919	453
TM	Remetea Mică	45.96537	21.47975	452
TM	Brănești	45.81488	22.25186	448
TM	Drăgoiești	45.70961	21.6675	447
TM	Remetea-Luncă	45.86277	22.044	436
TM	Herneacova	45.86111	21.51652	435
TM	Ferendia	45.31514	21.49722	434
TM	Traian Vuia	45.78317	22.03758	434
TM	Iosifalău	45.78217	21.67692	430
TM	Soca	45.37094	21.16105	429
TM	Ictar-Budinți	45.77018	21.67481	423
TM	Ohaba Lungă	45.90755	21.98273	416
TM	Vucova	45.61927	21.51089	413
TM	Butin	45.3374	21.37756	404
TM	Suștra	45.78723	21.58251	403
TM	Herendești	45.64937	21.85143	399
TM	Victor Vlad Delamarina	45.60049	21.86049	398
TM	Bencecu de Jos	45.90565	21.42906	396
TM	Coșava	45.85265	22.31388	396
TM	Otvești	45.62251	21.43784	392
TM	Visag	45.5471	21.81213	390
TM	Stanciova	45.86792	21.57021	388
TM	Albina	45.71292	21.37415	386
TM	Iosif	45.5694	21.2783	383
TM	Hodoș (Brestovăț)	45.89486	21.67906	380
TM	Hodoș (Darova)	45.66443	21.79477	380
TM	Gladna Română	45.75093	22.22677	376
TM	Ofsenița	45.41448	21.14554	374
TM	Partoș	45.33373	21.12498	371
TM	Pogănești	45.72101	22.01623	366
TM	Cireșu	45.64902	22.03167	364
TM	Cireșu Mic	45.6755	22.0361	364
TM	Toager	45.41074	20.96069	362
TM	Pietroasa	45.76657	22.45961	359
TM	Cutina	45.82912	21.92696	357
TM	Oloșag	45.60157	21.95982	356
TM	Bârna	45.72096	22.05635	352
TM	Rovinița Mare	45.37577	21.29429	350
TM	Honorici	45.61678	21.90887	341
TM	Dragomirești	45.54403	21.95057	340
TM	Ghizela	45.84001	21.75464	337
TM	Târgoviște	45.81526	21.82248	332
TM	Luncanii de Jos	45.72149	22.3068	325
TM	Vizejdia	45.94291	20.6539	325
TM	Stamora Română	45.61038	21.39886	324
TM	Sârbova	45.69889	21.55896	323
TM	Tomești	45.78298	22.31031	323
TM	Susani	45.80286	21.99553	319
TM	Begheiu Mic	45.83413	22.14831	314
TM	Surducu Mic	45.76792	22.09445	308
TM	Poieni	45.79846	22.45299	307
TM	Cerna	45.56359	21.40449	306
TM	Tapia	45.68523	21.9752	306
TM	Sudriaș	45.78726	22.02967	304
TM	Percosova	45.31858	21.34822	298
TM	Sălbăgel	45.56859	22.03731	297
TM	Șemlacu Mare	45.36114	21.43823	296
TM	Cadăr	45.53576	21.53349	294
TM	Crivina	45.65112	22.11919	288
TM	Bazoșu Nou	45.75059	21.42215	283
TM	Dubești	45.92694	22.02562	281
TM	Petrovaselo	45.81604	21.58119	281
TM	Căpăt	45.68566	21.66329	272
TM	Icloda	45.64159	21.38465	271
TM	Fădimac	45.84698	21.86284	268
TM	Breazova	45.84152	22.27086	266
TM	Hezeriș	45.7272	21.92702	266
TM	Brestovăț	45.87372	21.67902	261
TM	Colonia Mică	45.83649	22.18872	258
TM	Sânmartinu Maghiar	45.63522	20.90666	254
TM	Gherman	45.27223	21.35941	253
TM	Zgribești	45.52985	22.02084	248
TM	Lățunaș	45.21084	21.48179	247
TM	Păru	45.77563	21.84664	247
TM	Fărășești	45.79766	22.38589	241
TM	Paniova	45.84356	21.79291	240
TM	Nevrincea	45.78841	21.93153	239
TM	Unip	45.65587	21.3369	237
TM	Mânăstire	45.40782	21.33483	235
TM	Bunea Mare	45.91364	22.09747	226
TM	Babșa	45.81108	21.78744	225
TM	Botinești	45.74113	22.08861	223
TM	Duboz	45.54531	21.55393	223
TM	Secaș	45.88496	21.82232	223
TM	Dejan	45.28657	21.29223	222
TM	Drinova	45.68608	22.06917	219
TM	Crivina de Sus	45.84258	22.4371	213
TM	Grănicerii	45.44056	20.8818	213
TM	Gruni	45.76515	21.81215	210
TM	Ohaba Română	45.95058	21.94245	208
TM	Sărăzani	45.7372	22.06204	208
TM	Săceni	45.76282	22.06132	201
TM	Pădureni	45.59736	21.21232	196
TM	Pădureni (Victor Vlad Delamarina)	45.57823	21.90664	196
TM	Zolt	45.75662	22.25676	194
TM	Bara	45.91036	21.90069	192
TM	Jupânești	45.78948	22.271	188
TM	Buzad	45.94216	21.54705	184
TM	Gaiu Mic	45.29631	21.2106	181
TM	Berecuța	45.41267	21.34777	180
TM	Jurești	45.70783	22.06906	180
TM	Ierșnic	45.88539	22.00607	179
TM	Drăgsinești	45.76844	22.19888	166
TM	Mâtnicu Mic	45.76425	22.17671	163
TM	Coșteiu de Sus	45.903	22.36943	161
TM	Șemlacu Mic	45.35009	21.4131	159
TM	Teș	45.84858	21.65531	154
TM	Cralovăț	45.82744	21.62087	152
TM	Coșarii	45.92563	21.73716	150
TM	Povârgina	45.88249	22.13416	150
TM	Gad	45.46674	20.98908	146
TM	Gladna Montană	45.74318	22.20076	146
TM	Valea Lungă Română	45.75471	21.95385	146
TM	Homojdia	45.85567	22.35688	144
TM	Hăuzești	45.71588	22.15788	137
TM	Charlotenburg	45.97755	21.51913	124
TM	Baloșești	45.77743	22.28884	120
TM	Blajova	45.59064	21.48372	117
TM	Hisiaș	45.84224	21.72474	107
TM	Lucareț	45.83761	21.66986	106
TM	Topolovățu Mic	45.75925	21.6392	104
TM	Botești	45.70245	22.08338	92
TM	Pădurani	45.87854	22.06148	88
TM	Zorani	45.87203	22.27563	87
TM	Groși	45.91497	22.28681	85
TM	Rudicica	45.70729	21.273	79
TM	Nemeșești	45.89034	22.31562	76
TM	Bogda	45.95991	21.55176	74
TM	Crivobara	45.91373	21.81547	66
TM	Dobrești	45.90891	21.93885	62
TM	Pordeanu	46.14912	20.40166	62
TM	Lăpușnic	45.8924	21.92181	58
TM	Rădmănești	45.92662	21.90347	49
TM	Sălciua Nouă	45.90377	21.50187	49
TM	Coșevița	45.8789	22.38497	47
TM	Comeat	45.96054	21.6147	32
TM	Luncanii de Sus	45.74012	22.30847	31
TM	Pini	45.63189	21.89221	31
TM	Altringen	45.98147	21.55297	28
TM	Colonia Bulgară	46.09982	20.41258	28
TM	Spata	45.9317	21.87197	27
TM	Bulza	45.93744	22.33404	24
TM	Sintar	45.97426	21.59574	18
TM	Vizma	45.92812	21.83074	10
TM	Nadăș	45.90364	21.54359	8
TM	Rovinița Mică	45.34827	21.30935	7
TM	Topla	45.89931	22.03891	3
TM	Bunea Mică	45.92573	22.09438	0
TM	Checheș	45.89633	21.75298	0
TR	Alexandria	43.97506	25.32826	45434
TR	Roșiori de Vede	44.10856	24.99498	27416
TR	Turnu Măgurele	43.75171	24.87739	24772
TR	Zimnicea	43.65783	25.36058	14058
TR	Videle	44.27485	25.53326	11097
TR	Peretu	44.04416	25.08608	6329
TR	Plosca	44.02417	25.15069	5900
TR	Țigănești	43.90277	25.37743	4508
TR	Islaz	43.72523	24.7575	4416
TR	Măldăeni	44.12647	24.92057	4092
TR	Bragadiru	43.76297	25.51743	3969
TR	Buzescu	44.01062	25.22897	3922
TR	Nanov	43.99201	25.28733	3586
TR	Drăgănești-Vlașca	44.09889	25.59501	3481
TR	Conțești	43.79298	25.49299	3479
TR	Piatra	43.8074	25.16623	3392
TR	Dobrotești	44.28267	24.88752	3333
TR	Cervenia	43.83532	25.45748	3190
TR	Poroschia	43.94015	25.35784	3132
TR	Pietroșani	43.71477	25.63819	2941
TR	Orbeasca de Sus	44.14527	25.31813	2914
TR	Brânceni	43.87961	25.39337	2881
TR	Troianul	44.00081	25.01715	2753
TR	Mavrodin	44.0374	25.23904	2693
TR	Lița	43.77915	24.83168	2687
TR	Izvoarele	43.82491	25.3942	2578
TR	Blejești	44.29239	25.4751	2445
TR	Lăceni	44.08823	25.33275	2413
TR	Suhaia	43.73883	25.25246	2338
TR	Orbeasca de Jos	44.11947	25.32421	2298
TR	Scrioaștea	44.1442	24.95411	2241
TR	Olteni	44.17949	25.2971	2026
TR	Ciolăneștii din Deal	44.31208	25.08616	1977
TR	Smârdioasa	43.85057	25.43406	1925
TR	Băbăița	44.16292	25.38258	1916
TR	Lunca	43.83566	24.7697	1913
TR	Traian	43.74717	25.00067	1902
TR	Nenciulești	44.0562	25.16942	1890
TR	Viișoara	43.77641	25.17478	1889
TR	Măgura	44.05692	25.41355	1866
TR	Frăsinet	44.18192	25.3796	1852
TR	Slobozia Mândra	43.91113	24.69877	1819
TR	Valea Cireșului	44.16592	25.55958	1796
TR	Gălăteni	44.21892	25.35736	1776
TR	Merenii de Jos	44.23447	25.64065	1760
TR	Tătărăștii de Jos	44.3674	25.18393	1717
TR	Fântânele	43.72137	25.29066	1700
TR	Ștorobăneasa	43.88574	25.45427	1664
TR	Udupu	44.38974	25.15137	1651
TR	Frumoasa	43.7841	25.46935	1642
TR	Năsturelu	43.6585	25.45935	1623
TR	Moșteni	44.19597	25.48481	1622
TR	Moșteni (Furculești)	43.86088	25.13915	1622
TR	Călinești	44.09309	25.21935	1572
TR	Poeni	44.42707	25.33611	1557
TR	Zâmbreasca	44.30791	25.00987	1540
TR	Ciuperceni	43.75629	24.93037	1523
TR	Ciuperceni (Cosmești)	44.31482	25.37556	1523
TR	Crângeni	44.02032	24.79198	1497
TR	Lisa	43.79301	25.14517	1455
TR	Târnava	44.14146	25.56491	1449
TR	Beiu	43.86897	25.45348	1437
TR	Prundu	43.82457	24.69211	1437
TR	Saelele	43.84754	24.73384	1437
TR	Botoroaga	44.15003	25.54437	1407
TR	Seaca	43.75707	25.05125	1392
TR	Gratia	44.43687	25.45507	1380
TR	Cernetu	43.90536	25.44825	1375
TR	Tătărăștii de Sus	44.40659	25.12128	1348
TR	Merișani (Băbăița)	44.11664	25.39783	1272
TR	Merișani (Dobrotești)	44.25441	24.87268	1272
TR	Perii Broșteni	44.2066	25.25975	1263
TR	Vârtoapele de Sus	44.19357	25.19599	1221
TR	Segarcea-Deal	43.82601	24.83761	1189
TR	Vitănești	44.01495	25.42128	1182
TR	Merenii de Sus	44.22952	25.62052	1180
TR	Sfințești	44.18853	25.098	1153
TR	Beuca	44.27037	24.98246	1150
TR	Putineiu	43.90867	24.9708	1149
TR	Drăgănești de Vede	44.14486	25.04003	1126
TR	Rădoiești-Deal	44.1486	25.13848	1090
TR	Vârtoapele de Jos	44.17866	25.19719	1088
TR	Deparați	44.28116	25.22151	1085
TR	Spătărei	43.88922	25.13178	1084
TR	Segarcea-Vale	43.84064	24.84741	1080
TR	Cosmești	44.29479	25.39297	1077
TR	Baciu	44.33175	25.44346	1068
TR	Crângu	43.84534	25.06612	1062
TR	Băcălești	44.05915	24.81281	1058
TR	Drăghinești	44.43284	25.42042	1057
TR	Trivalea-Moșteni	44.25979	25.24122	1037
TR	Calomfirești	43.91594	25.35766	1034
TR	Beciu	44.00313	24.66146	1031
TR	Bogdana	43.92149	25.09218	1023
TR	Călugăru	44.1484	25.49496	1003
TR	Dracea	43.85508	25.04509	1001
TR	Zimnicele	43.66045	25.41306	996
TR	Talpa-Ogrăzile	44.28249	25.29515	983
TR	Teleormanu	43.96021	25.46247	980
TR	Crevenicu	44.24385	25.58621	977
TR	Brâncoveanca	43.93677	24.69237	975
TR	Balaci	44.34052	24.92224	968
TR	Bâscoveni	44.24267	25.35501	957
TR	Furculești	43.88404	25.15902	953
TR	Guruieni	44.05862	25.39611	945
TR	Olteanca	43.8306	24.79687	942
TR	Moldoveni	43.77786	24.72759	923
TR	Tecuci	44.34152	24.85473	916
TR	Băneasa	43.93991	24.95092	908
TR	Copăceanca	44.13565	25.21951	905
TR	Albești	44.06923	25.11906	892
TR	Cucueți	44.18563	24.9434	888
TR	Salcia	43.93627	24.92493	885
TR	Năvodari	43.74158	25.09689	878
TR	Socetu	44.19442	24.85306	868
TR	Tudor Vladimirescu	43.94736	24.90322	866
TR	Valea Părului	43.91982	25.46393	865
TR	Pleașov	43.85137	24.74862	856
TR	Nicolae Bălcescu	43.95916	24.83136	855
TR	Călmățuiu de Sus	44.02545	24.81178	840
TR	Băduleasa	43.92186	24.98687	838
TR	Gărăgău	44.23433	25.18861	836
TR	Plopii-Slăvitești	43.97169	24.69825	832
TR	Răsmirești	43.99587	25.55752	821
TR	Vedea	44.09176	25.06433	820
TR	Uda-Paciurea	43.87249	24.72501	804
TR	Stejaru	44.18544	24.86555	796
TR	Stejaru (Crângeni)	44.02455	24.77894	796
TR	Drăcșenei	44.2243	24.98132	783
TR	Uda-Clocociov	43.88807	24.71502	778
TR	Dudu	43.98345	24.6734	774
TR	Sârbeni	44.47242	25.38295	773
TR	Clănița	44.19546	25.37908	771
TR	Balta Sărată	44.01316	24.82301	770
TR	Puranii de Sus	44.37148	25.39481	758
TR	Butești	44.3888	25.3786	748
TR	Purani	44.36529	25.43119	735
TR	Purani (Vitănești)	43.98775	25.43349	735
TR	Brebina	44.16693	24.97148	724
TR	Ulmeni	43.90044	25.10455	717
TR	Brătășani	44.23644	25.25738	715
TR	Călmățuiu	43.96881	24.86289	713
TR	Dulceanca	44.08838	25.10477	686
TR	Văcărești	44.1337	25.02011	683
TR	Slăvești	44.33315	25.19951	678
TR	Ciolăneștii din Vale	44.2942	25.09992	671
TR	Mârzănești	43.9386	25.46661	665
TR	Rădoiești-Vale	44.14022	25.15343	661
TR	Vânători	43.75403	25.15185	652
TR	Coșoteni	44.12249	25.02386	651
TR	Voievoda	43.84213	25.13663	651
TR	Necșești	44.25196	25.1499	643
TR	Bujoreni	44.1383	25.64432	638
TR	Siliștea	44.36668	25.36337	633
TR	Siliștea (Vitănești)	43.99175	25.46777	633
TR	Siliștea Gumești	44.38401	25.00847	633
TR	Poiana	43.74263	24.94766	625
TR	Păru Rotund	44.04416	25.16379	587
TR	Rădulești	44.24461	25.55236	587
TR	Licuriciu	44.09623	25.19569	574
TR	Ciurari-Deal	44.43162	25.44621	568
TR	Păuleasca	43.81326	25.45354	561
TR	Ciurari	44.25853	25.04368	554
TR	Comoara	44.11167	25.50582	551
TR	Meri	44.09939	25.05251	543
TR	Udeni	44.4626	25.42947	542
TR	Urluiu	43.95847	25.05315	542
TR	Didești	44.21221	24.8866	531
TR	Satu Nou	44.22312	24.88156	498
TR	Baldovinești	44.33836	25.05737	495
TR	Scurtu Mare	44.36297	25.27548	484
TR	Negreni	44.41003	25.19533	480
TR	Șoimu	43.83567	25.44074	460
TR	Prunaru	44.12324	25.68165	454
TR	Smârdan	44.01455	24.66445	448
TR	Sericu	44.28787	25.43242	437
TR	Cetatea	44.1352	25.16963	436
TR	Drăcșani	44.2133	24.99195	431
TR	Săceni	44.23649	25.06493	424
TR	Odobeasca	44.19748	25.00756	421
TR	Rotărești	44.25859	25.32131	413
TR	Coșoaia	44.27892	25.62368	411
TR	Preajba	44.43274	25.35878	411
TR	Secara	43.84361	25.089	405
TR	Cătunu	44.42466	25.32038	396
TR	Butculești	44.21715	25.0668	395
TR	Schitu Poienari	43.98953	25.47709	395
TR	Drăcești	44.36699	25.24288	387
TR	Cârlomanu	43.91832	24.95531	384
TR	Ionașcu	44.04429	24.81415	384
TR	Vătași	44.44299	25.35696	382
TR	Siliștea Mică	44.35821	25.31122	366
TR	Dorobanțu	43.99225	24.82437	357
TR	Belciug	44.26476	25.11616	352
TR	Talpa-Bâscoveni	44.267	25.32449	350
TR	Măgura cu Liliac	44.12955	25.06651	345
TR	Caravaneți	43.95438	24.88338	344
TR	Lada	44.31662	25.21262	343
TR	Negrenii de Sus	44.41773	25.18342	335
TR	Antonești	44.11812	25.18018	328
TR	Gârdești	44.26036	25.13491	311
TR	Sârbenii de Jos	44.46182	25.40177	302
TR	Însurăței	44.23122	24.8834	293
TR	Văceni	44.06854	25.53343	293
TR	Scurtu-Slăvești	44.34854	25.24845	279
TR	Bujoru	43.7105	25.56012	276
TR	Bujoru (Călmățuiu)	43.95757	24.8487	276
TR	Florica	43.8891	25.01848	253
TR	Albeni	44.4	25.2587	246
TR	Tunari	44.13624	25.58674	244
TR	Grădișteanca	44.20241	25.37037	234
TR	Negrilești	44.33358	25.24965	233
TR	Plopi	44.28007	24.99055	221
TR	Vatra	44.02466	25.00067	220
TR	Broșteanca	43.94129	25.07484	211
TR	Valea Poștei	44.32493	25.27594	209
TR	Linia Costii	44.27943	25.31329	207
TR	Dobreni	44.42148	25.12568	198
TR	Banov	44.44544	25.33622	197
TR	Negrenii-Osebiți	44.39979	25.19718	189
TR	Ludăneasca	44.00248	25.57817	172
TR	Bârseștii de Jos	44.01804	24.65451	162
TR	Bratcovu	44.157	24.86757	158
TR	Satul Vechi	44.19239	25.02939	156
TR	Burdeni	44.37002	24.94778	150
TR	Gresia	44.17147	24.91792	146
TR	Ștefeni	44.2271	25.66627	144
TR	Brătești	44.43238	25.30848	115
TR	Zlata	43.8743	25.01973	104
TR	Talpa Poștei	44.31398	25.2809	102
TR	Marița	44.11809	25.21913	94
TR	Dulceni	43.98687	25.0457	75
TR	Țăvârlău	44.45363	25.33532	60
TR	Obârtu	44.3204	25.19134	37
TR	Ciolănești	44.31667	25.08333	0
TR	Dărvaș	44.11913	25.6403	0
TR	Mereni	44.23333	25.63333	0
TR	Orbeasca	44.13333	25.31667	0
TR	Rădoiești	44.15	25.15	0
TR	Talpa	44.28333	25.3	0
TR	Vârtoape	44.18333	25.2	0
TR	Viile	44.16385	24.92977	0
VL	Râmnicu Vâlcea	45.09968	24.36932	86758
VL	Drăgășani	44.66318	24.26087	16405
VL	Valea Caselor (Drăgășani)	44.647	24.22926	16405
VL	Băbeni	44.97039	24.23533	5590
VL	Valea Mare (Băbeni)	44.93594	24.23484	5590
VL	Brezoi	45.33709	24.24731	4387
VL	Călimănești	45.2391	24.33986	3813
VL	Horezu	45.14954	23.98163	3496
VL	Bălcești	44.62139	23.93844	2587
VL	Vaideeni	45.17055	23.93164	2575
VL	Copăcelu	45.06776	24.30785	2149
VL	Stolniceni	45.03673	24.3028	2120
VL	Prajila	45.08121	24.18219	2036
VL	Jiblea Veche	45.24312	24.35505	1964
VL	Orlești	44.7971	24.22785	1759
VL	Livadia	45.2039	24.24273	1564
VL	Vlădești	45.12241	24.30163	1547
VL	Bodești (Alunu)	45.06728	23.80885	1538
VL	Bodești (Bărbătești)	45.14115	24.11358	1538
VL	Mateești	45.05879	23.86684	1523
VL	Pietrari	45.10447	24.11705	1521
VL	Pietrari (Păușești-Măglași)	45.12974	24.25265	1521
VL	Gura Suhașului	45.08647	24.30176	1513
VL	Prundeni	44.73726	24.248	1485
VL	Șirineasa	44.93017	24.1782	1463
VL	Băile Olănești	45.2	24.23333	1417
VL	Olănești	45.2	24.23333	1417
VL	Dealu Mare (Ionești)	44.7074	24.11037	1392
VL	Ionești	44.87575	24.23114	1392
VL	Pietrarii de Sus	45.11845	24.09327	1360
VL	Călina	44.72283	24.25208	1354
VL	Costești	45.15045	24.06645	1353
VL	Sălătrucel	45.28249	24.37337	1328
VL	Coșani	45.01351	24.18633	1281
VL	Zlătărei	44.63589	24.25142	1278
VL	Drăgoești	44.8268	24.29264	1275
VL	Șușani	44.60825	24.09625	1272
VL	Oteșani	45.05521	24.03868	1253
VL	Măldărești	45.12592	23.99877	1156
VL	Măldărești (Lădești)	44.90013	24.03157	1156
VL	Măldărești (Măciuca)	44.76963	24.02129	1156
VL	Bunești	45.11434	24.18899	1117
VL	Valea Cheii	45.16199	24.24431	1110
VL	Dealu Mare (Galicea)	44.7074	24.11037	1102
VL	Galicea	44.92594	24.27922	1102
VL	Priporu	45.1241	24.26672	1096
VL	Voicești	44.61232	24.29074	1086
VL	Olteni	45.1452	24.38177	1082
VL	Dobrușa	44.6301	24.20364	1050
VL	Glăvile	44.82606	24.11526	1046
VL	Râmești (Horezu)	45.16612	23.9878	1044
VL	Râmești (Șușani)	44.5658	24.11104	1044
VL	Laloșu	44.54146	24.07232	1041
VL	Cheia	45.18542	24.21458	1022
VL	Turcești	45.05253	23.8784	1013
VL	Ștefănești	44.60604	24.22076	1009
VL	Ștefănești (Măciuca)	44.78229	24.02785	1009
VL	Barza	45.04515	24.36404	1006
VL	Gura Văii	45.1862	24.36509	992
VL	Slătioara	45.11401	23.88531	985
VL	Fedeleșoiu	45.14993	24.39374	984
VL	Romanii de Sus	45.18684	23.99765	978
VL	Băbeni-Oltețu	44.6171	23.97979	973
VL	Târgu Gângulești	44.96773	23.86027	962
VL	Malaia	45.35038	24.03809	961
VL	Igoiu	45.0424	23.81251	948
VL	Jiblea Nouă	45.22022	24.35742	928
VL	Bistrița	45.1873	24.0401	926
VL	Voineasa	45.41549	23.9636	907
VL	Cernișoara	45.04387	23.96196	901
VL	Bărbătești	45.16258	24.11746	897
VL	Buleta	45.04362	24.26405	880
VL	Stroești	45.08486	23.91085	870
VL	Români	44.97352	24.20503	854
VL	Mănăilești	45.01945	24.1268	836
VL	Sânbotin	45.17774	24.3805	834
VL	Poenari	45.1056	24.32671	812
VL	Păușești-Măglași	45.14292	24.24918	810
VL	Cireșu	45.06137	23.91094	798
VL	Milostea	45.12665	23.83373	791
VL	Râureni	45.06129	24.33649	790
VL	Lungești	44.57483	24.19081	782
VL	Cârstănești	45.05351	24.03241	759
VL	Foleștii de Jos	45.0522	24.07983	757
VL	Sinești	44.94275	23.83588	748
VL	Ghioroiu	44.6738	23.8288	746
VL	Tomșani	45.10784	24.05114	742
VL	Lunca (Bujoreni)	45.17167	24.36347	739
VL	Lunca (Ocnele Mari)	45.09508	24.26356	739
VL	Tetoiu	44.75501	23.92141	738
VL	Vlăduceni	45.13765	24.25881	736
VL	Romanești	44.90199	23.93463	733
VL	Mihăești	45.02273	24.24427	727
VL	Alunu	45.01751	23.82466	725
VL	Bârsești (Budești)	45.03704	24.3452	725
VL	Bârsești (Mihăești)	45.05858	24.2498	725
VL	Rădăcinești	45.28626	24.44722	723
VL	Romanii de Jos	45.15978	24.00793	720
VL	Stănești-Lunca	44.56337	24.21732	714
VL	Troian	45.07444	24.33305	709
VL	Dezrobiți	45.02388	24.18419	708
VL	Casa Veche	44.86814	24.31952	706
VL	Bogdănești (Bujoreni)	45.17807	24.34619	704
VL	Bogdănești (Oteșani)	45.03373	24.0519	704
VL	Bogdănești (Tomșani)	45.13677	24.03897	704
VL	Dobriceni	45.15826	24.14229	697
VL	Câinenii Mari	45.49465	24.30061	692
VL	Coasta (Golești)	45.14249	24.47836	687
VL	Coasta (Păușești-Măglași)	45.13539	24.23857	687
VL	Fumureni	44.6195	24.15539	678
VL	Zăvideni	44.75587	24.2363	676
VL	Greblești	45.4709	24.30625	666
VL	Amărăști	44.764	24.15636	664
VL	Câinenii Mici	45.49528	24.30892	657
VL	Cioboți	44.84949	24.29028	651
VL	Frâncești	44.999	24.19046	648
VL	Mitrofani	44.77615	24.18433	648
VL	Armășești	45.01808	24.01129	647
VL	Sutești	44.67456	24.20484	641
VL	Linia (Budești)	45.0731	24.40184	640
VL	Linia (Grădiștea)	44.8908	23.79893	640
VL	Foleștii de Sus	45.09171	24.05791	636
VL	Dealu Aluniș	44.99589	23.88899	635
VL	Valea Mare	44.66695	23.99779	632
VL	Boroșești	44.65254	24.221	623
VL	Șerbănești (Lăpușata)	44.94373	23.99069	623
VL	Șerbănești (Păușești)	45.0583	24.14921	623
VL	Șerbănești (Sălătrucel)	45.27911	24.36356	623
VL	Șerbănești (Ștefănești)	44.58708	24.24244	623
VL	Măgura	45.00477	24.2472	621
VL	Stupărei	45.01896	24.28293	601
VL	Colțești	44.98164	23.8252	600
VL	Valea lui Stan	45.34966	24.19556	598
VL	Drăgioiu	44.88387	24.29083	597
VL	Rugetu (Mihăești)	44.99412	24.24238	593
VL	Rugetu (Slătioara)	45.14035	23.87247	593
VL	Roșia	45.00034	23.80192	592
VL	Drăganu	44.72241	24.0019	590
VL	Mlăceni	45.38193	24.43463	587
VL	Mrenești	44.70967	24.17959	583
VL	Muereasca	45.18662	24.31933	581
VL	Cueni	44.89229	24.07772	580
VL	Gurișoara	45.07511	24.21208	574
VL	Pietreni	45.1875	24.06419	568
VL	Condoiești	44.60865	24.23635	566
VL	Ruda	45.01582	24.32696	566
VL	Boișoara	45.44231	24.38297	562
VL	Greci	45.10233	23.86546	560
VL	Streminoasa	44.68574	24.17419	560
VL	Modoia	44.97369	24.05541	557
VL	Bârsoiu	44.88132	24.34574	555
VL	Dăești	45.20535	24.39014	551
VL	Dăești (Popești)	44.97129	24.11034	551
VL	Ocracu	44.96513	23.8163	551
VL	Scundu	44.85585	24.17996	548
VL	Izvoru	44.72891	24.17319	547
VL	Izvoru Rece (Stoilești)	44.93693	24.39707	547
VL	Izvoru Rece (Vaideeni)	45.16793	23.8988	547
VL	Vețelu	44.98099	23.98113	544
VL	Aldești	45.0679	24.43839	542
VL	Verdea	44.68812	24.22366	534
VL	Negrulești	45.13091	24.09294	529
VL	Titești	45.41925	24.3911	528
VL	Ușurei	44.63359	24.08968	527
VL	Dianu	45.08677	23.9468	526
VL	Ocnița	45.09013	24.27729	526
VL	Muereasca de Sus	45.2028	24.29167	524
VL	Olanu	44.87153	24.28541	524
VL	Blejani	44.82547	24.20017	519
VL	Slătioarele	45.07649	24.25542	509
VL	Mologești	44.52314	24.05314	505
VL	Obârșia	45.07552	23.9863	500
VL	Marcea	44.90705	24.2317	499
VL	Botorani	44.74551	24.04138	498
VL	Buzdugan	45.05943	24.13591	495
VL	Spârleni	44.70486	24.13268	494
VL	Bratia din Vale	44.94716	24.29456	492
VL	Scăueni	45.26472	24.45032	491
VL	Bătășani	44.6829	23.99078	489
VL	Berislăvești	45.28738	24.43955	489
VL	Predești	44.96405	24.37003	489
VL	Otetelișu	44.63839	23.96107	485
VL	Râpănești	45.09252	24.23923	485
VL	Cocoru	44.95141	24.32083	483
VL	Diculești	44.59107	23.98956	482
VL	Mereșești	44.74551	24.15115	480
VL	Blidari	45.08421	24.46474	476
VL	Ciungetu	45.38703	23.94886	476
VL	Balota	45.43444	24.29362	475
VL	Bărbuceni	44.74139	24.24603	475
VL	Malu Vârtop	45.18458	24.35304	474
VL	Dobricea	44.89646	23.85686	471
VL	Contea	44.70475	23.89098	468
VL	Hotarele	45.18435	24.34034	467
VL	Voineșița	45.42768	23.97747	467
VL	Gănțulei	44.56987	24.21561	466
VL	Dămțeni	45.00344	23.89947	465
VL	Ulmețel	45.13958	24.23372	464
VL	Măldăreștii de Jos	45.10512	24.00885	462
VL	Crețeni	44.69942	24.17607	461
VL	Avrămești	44.85457	24.16646	460
VL	Sășcioara	44.8012	23.87081	460
VL	Copăceni	45.00238	23.97925	459
VL	Copăceni (Racovița)	45.39702	24.31296	459
VL	Păușești-Otăsău	45.06846	24.12872	459
VL	Procopoaia	44.78508	24.22937	459
VL	Cremenari	44.97865	24.31918	457
VL	Genuneni	45.03407	24.10842	457
VL	Păușești	45.07842	24.1367	456
VL	Benești	44.66018	23.9042	451
VL	Berbești	45.00903	23.87976	450
VL	Berbești (Laloșu)	44.51287	24.06089	450
VL	Valea Mare (Berbești)	45.02134	23.90775	450
VL	Roșioara	45.03389	23.87614	446
VL	Urșani	45.17979	23.95415	445
VL	Pârâienii de Jos	44.80238	23.82658	444
VL	Călinești	45.36972	24.29313	440
VL	Negreni	45.04134	24.2467	440
VL	Vlădulești	44.92002	24.32731	439
VL	Geamăna (Drăgoești)	44.80473	24.30316	435
VL	Geamăna (Stoilești)	44.92495	24.39003	435
VL	Meieni	44.98519	24.09232	435
VL	Spinu	45.38994	24.39934	434
VL	Stoenești	45.12212	24.16537	433
VL	Stoenești (Berislăvești)	45.26594	24.43261	433
VL	Bucșani	44.85959	24.23181	431
VL	Moșteni	45.03567	24.17569	431
VL	Groși	45.00142	24.03069	430
VL	Țepești	44.80375	23.92028	421
VL	Zărnești	44.89234	24.0085	417
VL	Scărișoara	45.06919	24.21776	414
VL	Nenciulești	44.84361	23.91783	412
VL	Valea Râului	44.94745	24.3397	411
VL	Dozești	44.80117	23.95956	410
VL	Băroiu	44.71594	23.92068	408
VL	Gorunești (Bălcești)	44.568	23.95588	408
VL	Gorunești (Slătioara)	45.09599	23.89409	408
VL	Tina	44.85737	23.82231	407
VL	Cățetu	44.83657	23.95509	403
VL	Milești	44.57529	24.00279	402
VL	Bălțățeni	45.09546	24.06603	401
VL	Găujani	45.45491	24.37696	400
VL	Grădiștea	44.8811	23.8206	399
VL	Văratici	45.15395	24.05908	397
VL	Fârtățești	44.77738	23.98094	395
VL	Bârlogu	45.10562	24.15057	392
VL	Mogești	45.11785	23.87634	391
VL	Silea	44.77544	24.23398	388
VL	Mărgineni	44.69499	24.0039	387
VL	Mădulari	44.67224	24.09214	386
VL	Mădulari (Cernișoara)	45.05201	23.99203	386
VL	Șerbăneasa	44.97935	24.3925	386
VL	Gănești	44.72051	23.89176	381
VL	Sărulești	44.91197	24.00607	381
VL	Zgubea	44.91935	23.90078	381
VL	Tepșenari	45.01711	24.47665	380
VL	Bălteni	45.01907	23.95133	378
VL	Dângești	45.29171	24.42322	377
VL	Teiușu	45.07941	24.23699	377
VL	Stănești	44.81894	24.04256	376
VL	Stănești (Stoilești)	44.90131	24.34188	376
VL	Popești	45.00598	24.07663	375
VL	Popești (Fârtățești)	44.75035	23.96728	375
VL	Popești (Golești)	45.10085	24.4597	375
VL	Popești (Lădești)	44.87608	24.02624	375
VL	Popești (Măciuca)	44.73949	24.01333	375
VL	Popești (Nicolae Bălcescu)	44.98508	24.49002	375
VL	Popești (Sinești)	44.93756	23.81563	375
VL	Popești (Stoenești)	45.15252	24.17064	375
VL	Popești (Tetoiu)	44.78696	23.91294	375
VL	Rusănești	44.72048	23.97752	375
VL	Valea Caselor (Popești)	44.94879	24.12542	375
VL	Stoiculești	44.58976	24.10233	374
VL	Ilaciu	44.98616	23.81309	371
VL	Berești	44.93489	24.03314	370
VL	Ulmetu	45.01004	23.96421	370
VL	Vulpuești	45.06191	24.22125	370
VL	Păușa	45.26488	24.32756	367
VL	Corbii din Vale	44.99207	24.4644	365
VL	Firești	45.09411	24.21291	364
VL	Lădești	44.87634	24.04165	364
VL	Roești	44.90852	24.06848	359
VL	Roești (Pesceana)	44.93078	24.08742	359
VL	Poiana	45.33928	24.45776	358
VL	Bârzești	45.12039	24.11506	354
VL	Bratia din Deal	44.96505	24.29734	353
VL	Pârâienii de Sus	44.82438	23.82149	353
VL	Bumbuești	45.43279	24.35886	351
VL	Ceretu	44.89053	24.4601	350
VL	Obrocești	45.10068	23.92869	349
VL	Livezi	44.84122	23.82032	347
VL	Budești	45.06425	24.38901	346
VL	Budești (Diculești)	44.59791	23.98906	346
VL	Dealu Bisericii	44.92056	23.85358	345
VL	Gătejești	45.09627	24.20051	344
VL	Roșiile	44.87212	23.92232	341
VL	Băile Govora	45.07937	24.18455	339
VL	Govora	45.07937	24.18455	339
VL	Tătărani	44.98376	24.24451	338
VL	Cermegești (Lădești)	44.84193	24.04697	335
VL	Cermegești (Pesceana)	44.86441	24.13633	335
VL	Urși (Popești)	44.99278	24.09149	335
VL	Urși (Stoilești)	44.91068	24.33317	335
VL	Crângu	44.87973	24.15862	334
VL	Marița	45.17771	23.87698	333
VL	Țuțuru	44.91148	23.786	333
VL	Lăcusteni	44.69207	23.89293	331
VL	Hotăroaia	44.85099	23.91918	328
VL	Negraia	44.90376	24.11457	328
VL	Palanga	44.78249	24.10944	328
VL	Pârâienii de Mijloc	44.81441	23.82212	327
VL	Bercioiu	45.00347	24.31867	324
VL	Buciumeni	44.788	24.29281	324
VL	Chiceni	45.10972	24.05205	323
VL	Bujoreni	45.15634	24.34893	320
VL	Valea Bălcească	44.98043	24.42316	320
VL	Broșteni	44.93406	23.99537	317
VL	Linia Hanului	44.98467	24.41264	317
VL	Aurești	44.77311	24.2675	316
VL	Mogoșești	45.13052	24.14996	316
VL	Cârlogani	44.68168	23.92044	314
VL	Prodănești	44.88408	24.2215	314
VL	Urzica	44.91482	23.82108	312
VL	Giulești	44.73967	23.97808	311
VL	Pesceana	44.8816	24.13653	311
VL	Stănculești	44.77989	23.96001	311
VL	Racovița	45.41028	24.30948	310
VL	Racovița (Budești)	45.07596	24.39196	310
VL	Fișcălia	44.83547	24.24053	307
VL	Dosu Râului	44.96179	24.39093	304
VL	Fotești	44.84419	24.22365	300
VL	Barcanele	45.09094	24.12499	299
VL	Burdălești	44.73444	24.11566	299
VL	Ciocâltei	44.9381	24.074	299
VL	Vârleni	44.79018	24.02826	298
VL	Delureni (Ionești)	44.84514	24.23307	297
VL	Delureni (Stoilești)	44.88999	24.37553	297
VL	Delureni (Valea Mare)	44.64024	24.00086	297
VL	Stoicănești	44.8771	24.2771	297
VL	Poienari	44.71908	23.80672	295
VL	Pripoare	45.36135	24.40723	295
VL	Iacovile	44.68194	24.10223	294
VL	Pleșoiu (Livezi)	44.84009	23.85047	294
VL	Pleșoiu (Nicolae Bălcescu)	44.96011	24.34925	294
VL	Suseni	45.17354	24.13493	294
VL	Tighina	44.57234	24.29154	292
VL	Gușoianca	44.7513	24.10614	291
VL	Andreiești	45.22055	24.28175	288
VL	Ciutești	45.04932	24.4983	286
VL	Rotărăști	44.99541	24.44156	286
VL	Valea Babei	45.18637	24.48462	283
VL	Curtea	44.96353	24.13672	282
VL	Dealu Lăunele	44.9215	24.45958	279
VL	Viișoara	44.99644	24.16337	279
VL	Runcu	45.17472	24.4403	278
VL	Bănțești	44.69139	24.06818	277
VL	Scaioși	44.79481	24.25714	276
VL	Găgeni	44.84797	24.01161	273
VL	Perișani	45.37093	24.4227	273
VL	Robaia	45.24479	24.46548	273
VL	Chiricești	44.86285	24.05521	272
VL	Găinești	44.58077	24.00014	272
VL	Slăvitești	44.92437	24.21775	272
VL	Cherăști	44.85864	23.93874	271
VL	Scorușu	44.92504	24.00822	270
VL	Turburea	44.88271	23.85226	270
VL	Ciucheți	44.94408	23.82516	269
VL	Bălșoara	44.67513	24.12307	268
VL	Butanu	44.74462	23.86035	266
VL	Pojogi-Cerna	45.03745	23.93249	266
VL	Săliștea	45.11692	24.44355	266
VL	Valea Viei	44.97064	24.36548	263
VL	Herăști	44.66084	23.86669	262
VL	Nemoiu	44.74715	24.16303	261
VL	Arsanca	45.00863	24.23826	260
VL	Mijlocu	44.92544	23.83708	258
VL	Dealu Malului	45.13288	24.33076	253
VL	Oltețani	44.49986	24.06995	248
VL	Budurăști	45.14336	24.1452	247
VL	Munteni	44.98949	24.26018	245
VL	Cernelele	45.06689	24.15501	243
VL	Bratovești	45.4105	24.36091	239
VL	Hotărasa	44.95119	24.01253	237
VL	Titireci	45.108	24.2034	236
VL	Cucești	45.02331	24.0626	234
VL	Voiceștii din Vale	44.60875	24.30928	234
VL	Măzili	44.66626	24.21725	233
VL	Cerna	45.17639	23.86057	231
VL	Bradu-Clocotici	45.40523	24.32908	229
VL	Căciulata	45.26008	24.32129	229
VL	Giuleștii de Sus	44.69656	23.9638	229
VL	Opătești	45.11003	24.47383	229
VL	Părăușani	44.8645	23.84844	229
VL	Zătreni	44.76868	23.84582	225
VL	Lupoaia	44.87899	24.1152	224
VL	Băiașu	45.36987	24.38887	221
VL	Budele	44.8224	23.89431	221
VL	Bungețani	44.5725	24.01535	221
VL	Milcoiu	45.04347	24.46417	221
VL	Ciocănari	44.73399	24.01599	219
VL	Aninoasa	44.79421	24.15312	217
VL	Șuta	45.21691	24.26213	216
VL	Pietroasa	44.63789	23.99218	215
VL	Pădurețu	44.97428	24.17684	214
VL	Dumbrava	44.63696	24.15122	212
VL	Portărești	44.54093	24.04457	211
VL	Robești	45.45112	24.29709	210
VL	Știrbești	44.65243	23.87288	210
VL	Bulagei	44.91891	24.37309	209
VL	Gruieri	45.16336	24.15548	207
VL	Malu Alb	45.13483	24.38101	207
VL	Drăgănești (Brezoi)	45.35503	24.30302	206
VL	Drăgănești (Golești)	45.15097	24.4779	206
VL	Teiu	44.90011	24.28166	206
VL	Zătrenii de Sus	44.76213	23.85605	205
VL	Frâncești-Coasta	45.20726	24.29665	203
VL	Glodu	44.89419	24.43857	203
VL	Măciuceni	44.76208	24.02212	201
VL	Piscu Pietrei	45.03758	24.36197	201
VL	Balomireasa	44.91363	24.3855	197
VL	Ghiobești	44.915	24.3495	194
VL	Ostroveni	44.92952	24.26337	194
VL	Carcadiești	44.64852	24.13655	193
VL	Bocșa	44.75154	24.06662	189
VL	Surpatele	45.04749	24.16434	189
VL	Zmeurătu	45.14581	24.18951	189
VL	Telechești	45.08372	24.00503	188
VL	Cioponești	44.79978	24.02926	186
VL	Ifrimești	45.18869	23.97543	186
VL	Dealu Mare (Gușoeni)	44.7074	24.11037	185
VL	Gușoeni	44.72722	24.11772	185
VL	Linia Dealului	44.78834	24.05028	184
VL	Păscoaia	45.3538	24.15356	184
VL	Afânata	44.70678	23.97572	182
VL	Bădeni	44.90152	24.42802	182
VL	Dobrești	44.92381	24.43585	182
VL	Bărbărigeni	44.88824	24.06555	181
VL	Capu Dealului	44.98982	24.2409	181
VL	Măgureni	44.6996	24.15067	181
VL	Colelia	44.62934	23.99351	180
VL	Rățălești	44.88357	23.89841	178
VL	Tănăsești	45.18319	23.96672	178
VL	Lăcustenii de Sus	44.72565	23.89066	177
VL	Irimești	44.66256	23.95007	176
VL	Șotani	44.816	24.01438	176
VL	Dealu Văleni	44.78941	23.80194	175
VL	Dimulești	44.68263	24.0731	174
VL	Stanomiru	44.74407	23.86203	174
VL	Râpa Cărămizii	44.93144	24.09276	172
VL	Obislavu	44.9025	23.79886	171
VL	Valea Grădiștei	44.88739	23.78931	171
VL	Dealu Scheiului	44.95635	24.45299	170
VL	Aranghel	45.11668	24.32427	169
VL	Cireșul	44.86465	24.43561	169
VL	Mărcușu	44.56035	24.0191	169
VL	Izbășești	45.04104	24.449	168
VL	Oltețu	44.79056	23.86895	167
VL	Stoilești	44.88961	24.34179	167
VL	Mănicea	44.74899	23.86127	166
VL	Preotești	44.54125	23.98282	166
VL	Băiașa	44.93094	24.0619	165
VL	Vărateci	45.15821	24.43107	160
VL	Băluțoaia	45.04875	24.18075	159
VL	Racu	44.74207	24.20207	158
VL	Băjenari	44.92049	24.08108	156
VL	Valea Ursului	44.79664	23.97443	156
VL	Mângureni	45.01943	24.45286	155
VL	Mecea	44.76848	23.80231	155
VL	Balaciu	44.93332	23.93496	153
VL	Drăgulești	44.94509	24.44275	151
VL	Dejoi	44.82053	24.00232	150
VL	Ursoaia	44.84793	24.13296	149
VL	Mijați	44.92034	23.98506	147
VL	Cornet	45.15824	23.89784	146
VL	Obogeni	44.94125	24.37804	145
VL	Pleșești	44.88274	23.93269	144
VL	Priloage	45.45388	24.30007	142
VL	Piscu Mare	45.1601	24.17553	141
VL	Bonciu	44.95497	24.22431	140
VL	Văleni (Păușești)	45.0844	24.12104	139
VL	Văleni (Zătreni)	44.79106	23.82507	139
VL	Tuțulești	45.40062	24.2998	138
VL	Olteanca (Glăvile)	44.78473	24.13513	135
VL	Olteanca (Lădești)	44.86123	24.09551	135
VL	Bărcănești	44.80523	24.0379	134
VL	Diaconești	44.90452	23.81482	134
VL	Gruiu	45.14768	24.17013	133
VL	Râu Vadului	45.51787	24.278	133
VL	Bondoci	44.95754	23.984	132
VL	Cucoiu	45.40745	24.38813	131
VL	Gibești	45.08804	24.49419	131
VL	Păsculești	44.85612	24.03025	131
VL	Saioci	44.9488	24.07025	131
VL	Făurești	44.57457	24.01155	129
VL	Făurești (Zătreni)	44.73219	23.88327	129
VL	Oveselu	44.75184	24.013	129
VL	Gruiu Lupului	45.42881	24.33784	128
VL	Valea Scheiului	44.93853	24.47699	128
VL	Valea Văleni	44.77936	23.83358	127
VL	Coasta Cerbului	45.13535	23.90899	125
VL	Nețești	44.92667	24.35385	125
VL	Lăunele de Jos	44.88241	24.44698	124
VL	Valea Lungă	44.80966	24.04422	124
VL	Căzănești (Ghioroiu)	44.63868	23.89078	123
VL	Căzănești (Milcoiu)	45.05207	24.46719	123
VL	Căzănești (Râmnicu Vâlcea)	45.05624	24.28213	123
VL	Găvănești	45.21081	24.28641	122
VL	Păsărei	44.87306	23.94303	121
VL	Cosota	45.08532	24.27391	120
VL	Lăcustenii de Jos	44.68486	23.89783	120
VL	Ciumagi	44.8631	24.00994	118
VL	Fundătura	45.15005	24.30549	117
VL	Nicolești	44.88408	24.2653	115
VL	Pătești	45.27885	24.3908	114
VL	Zăvoieni	44.77512	24.02146	114
VL	Malu	44.93357	24.35198	112
VL	Măneasa	44.76465	23.91392	108
VL	Măricești	44.70613	23.9676	107
VL	Șolicești	45.08582	24.11468	105
VL	Guguianca	44.86319	24.21032	104
VL	Neghinești	45.15641	24.18228	104
VL	Becșani	44.80097	23.9991	103
VL	Vătășești	45.11674	24.4607	103
VL	Seaca (Călimănești)	45.21999	24.3447	102
VL	Seaca (Sălătrucel)	45.2575	24.40952	102
VL	Dăncăi	44.76442	23.96469	101
VL	Golotreni	45.34241	24.2762	99
VL	Băbuești	45.21409	24.41733	97
VL	Surpați	45.20233	24.48276	96
VL	Gropeni	45.18068	24.4332	93
VL	Gâltofani	44.99957	24.36872	91
VL	Tanislavi	44.77179	23.96604	91
VL	Dumbrăvești	45.07823	24.08642	90
VL	Proieni	45.35594	24.27829	90
VL	Buda	45.10166	24.30302	88
VL	Giuroiu	44.91851	24.34217	88
VL	Pertești	44.87158	23.8859	87
VL	Șuricaru	45.03207	24.43126	87
VL	Văratica	45.33651	24.28143	87
VL	Chirculești	44.66725	23.93305	86
VL	Tulei-Câmpeni	45.13451	24.48072	86
VL	Surdoiu	45.34813	24.4078	84
VL	Blănoiu	45.42226	24.33095	83
VL	Cuculești	44.82511	24.04522	82
VL	Padina	44.77211	24.12288	81
VL	Valea Măceșului	45.40172	24.00032	81
VL	Suiești	44.846	24.05629	79
VL	Zărneni	44.62633	24.2272	77
VL	Mirești	45.07535	24.04951	76
VL	Trundin	45.13474	24.31565	76
VL	Nisipi	44.80024	24.0079	75
VL	Mierea	44.71808	23.79738	74
VL	Podeni	45.396	24.41935	74
VL	Sârbi	44.64696	24.08465	74
VL	Poenița	45.15366	24.48517	73
VL	Bănești	44.99384	24.39128	70
VL	Curăturile	45.06742	24.17746	69
VL	Giurgiuveni	45.12253	24.50061	68
VL	Cuci	44.81761	23.9685	67
VL	Pripoara	45.19555	24.28801	66
VL	Dealu Corni	44.90759	24.05198	65
VL	Sărsănești	45.07521	23.97831	65
VL	Voiculeasa	44.8092	24.10303	65
VL	Ciortești	44.77391	23.82076	64
VL	Linia pe Vale	44.90617	24.41026	64
VL	Coasta Mare	45.09981	24.23431	60
VL	Mamu	44.68337	24.11911	60
VL	Satu Poieni	44.6198	23.90977	60
VL	Brădișor	45.26971	24.42012	58
VL	Sub Deal	45.06227	24.00974	57
VL	Aricioaia	44.92089	24.22224	54
VL	Seciu	44.8073	23.97068	54
VL	Deleni	45.16207	24.16534	52
VL	Gurguiata	45.21505	24.19038	52
VL	Măzăraru	45.00201	24.40157	50
VL	Căligi	45.22334	24.46139	48
VL	Pleașa	45.14776	24.29095	47
VL	Dealu Glămeia	44.77757	23.80139	46
VL	Piscu Scoarței	44.90517	24.08211	46
VL	Cetățeaua	44.76169	24.19126	45
VL	Tisa	45.20274	24.21481	44
VL	Corbu	45.35208	24.26227	43
VL	Firijba	44.987	24.13108	42
VL	Gârnicet	44.8095	24.01047	41
VL	Mosoroasa	45.1578	24.29041	38
VL	Jaroștea	44.79133	24.09603	35
VL	Străchinești	44.90427	23.83682	33
VL	Ginerica	45.0043	24.48129	26
VL	Comanca	45.23593	24.22452	25
VL	Gura Crucilor	44.90946	24.42568	24
VL	Pietrișu	45.22206	24.22547	24
VL	Valea Alunișului	44.949	24.14512	24
VL	Ghindari	44.55728	24.01919	23
VL	Gârnicetu	44.83539	24.05013	22
VL	Lupuiești	44.88077	23.91107	22
VL	Snamăna	45.19639	24.45423	22
VL	Tufanii	44.97918	24.47759	21
VL	Frasina	44.91613	24.06198	16
VL	Udrești	44.9298	24.45565	15
VL	Teiul	44.75976	24.12319	12
VL	Făcăi	45.08006	24.28352	11
VL	Schitu	44.98321	24.48702	10
VL	Priba	45.12693	24.33786	9
VL	Roșoveni	45.10879	24.03404	3
VL	Câineni	45.5	24.3	0
VL	Ciorăști	44.95717	24.15958	0
VL	Dănicei	44.9	24.38333	0
VL	Golești	45.111	24.48048	0
VL	Izvorașu	44.76956	24.19453	0
VL	Lăpușata	44.9167	24.0167	0
VL	Măciuca	44.75	24.01667	0
VL	Nicolae Bălcescu	44.98893	24.39928	0
VL	Ocnele Mari	45.08333	24.31667	0
VL	Țeica	45.09922	24.28501	0
VN	Focșani	45.69647	27.18404	77313
VN	Adjud	46.0962	27.18219	13354
VN	Mărășești	45.87666	27.22321	8844
VN	Odobești	45.76019	27.06464	7008
VN	Gugești	45.56988	27.13197	5394
VN	Homocea	46.13469	27.24256	5250
VN	Păunești	46.03449	27.10231	5034
VN	Suraia	45.67373	27.39087	4595
VN	Panciu	45.90811	27.09054	4564
VN	Satu Nou (Panciu)	45.88521	27.10006	4564
VN	Golești	45.65804	27.16508	3489
VN	Vulturu	45.6179	27.41944	3344
VN	Gologanu	45.61024	27.27178	3040
VN	Jariștea	45.79516	27.06755	2869
VN	Ploscuțeni	46.07774	27.26899	2632
VN	Urechești	45.60304	27.07189	2532
VN	Unirea	45.74724	27.09038	2356
VN	Popești	45.58835	27.08957	2312
VN	Sihlea	45.48517	27.15541	2302
VN	Tulnici	45.91974	26.67133	2253
VN	Milcovul	45.64676	27.26838	2200
VN	Slobozia Bradului	45.4818	27.05713	2106
VN	Câmpuri	46.01833	26.7799	2058
VN	Străoane	45.96225	27.00373	2033
VN	Cotești	45.6463	27.05681	1996
VN	Câmpineanca	45.70921	27.12939	1992
VN	Cornetu	45.50307	27.0483	1984
VN	Bălești	45.4414	27.23698	1941
VN	Dumbrăveni	45.54857	27.10606	1864
VN	Budești	45.62437	27.06303	1843
VN	Biliești	45.70714	27.33073	1833
VN	Negrilești	45.9397	26.70369	1816
VN	Răstoaca	45.66227	27.28233	1811
VN	Nereju Mic	45.71016	26.71959	1810
VN	Mândrești-Munteni	45.68262	27.24783	1729
VN	Movilița	45.95394	27.10654	1724
VN	Dragosloveni (Dumbrăveni)	45.56117	27.07913	1715
VN	Dragosloveni (Soveja)	45.9945	26.66871	1715
VN	Vizantea Mănăstirească	45.98943	26.77021	1712
VN	Ruginești	46.07049	27.13364	1660
VN	Obrejița	45.47667	27.08959	1583
VN	Liești	45.49721	27.0464	1528
VN	Bordeasca Veche	45.53923	27.31538	1507
VN	Adjudu Vechi	46.13489	27.1867	1469
VN	Râmniceni	45.51056	27.44571	1459
VN	Vidra	45.91184	26.90513	1452
VN	Burca	45.90633	26.95705	1430
VN	Pufești	46.00069	27.20413	1388
VN	Mera	45.75237	26.9051	1355
VN	Cândești	45.53886	27.06958	1313
VN	Nereju	45.71748	26.71068	1294
VN	Cârligele	45.67965	27.08067	1269
VN	Fitionești	45.97973	27.06074	1250
VN	Tâmboești	45.51791	27.05225	1220
VN	Găgești	45.85802	27.04139	1210
VN	Vânători	45.72299	27.25448	1200
VN	Păulești	45.89238	26.6888	1172
VN	Domnești-Târg	46.02797	27.19285	1169
VN	Răcoasa	46.00031	26.89424	1160
VN	Tătăranu	45.51165	27.32377	1157
VN	Bordești	45.55671	27.04191	1152
VN	Paltin	45.787	26.7277	1146
VN	Voetin	45.43958	27.14536	1146
VN	Ciușlea	45.78802	27.30922	1143
VN	Șindrilari	45.78944	26.88954	1139
VN	Vârteșcoiu	45.72941	27.08034	1105
VN	Măicănești	45.50164	27.48984	1099
VN	Țifești	45.85065	27.12024	1091
VN	Petrești	45.72992	27.22255	1057
VN	Vâlcele	45.69959	27.14209	1020
VN	Lespezi	46.15951	27.24112	1015
VN	Luncile	45.56061	26.81173	998
VN	Hângulești	45.59214	27.40094	994
VN	Vulcăneasa	45.7733	26.90794	993
VN	Anghelești	46.07912	27.06322	976
VN	Faraoanele	45.71418	27.04019	971
VN	Boțârlău	45.63427	27.38085	966
VN	Slimnic	45.50987	27.04837	961
VN	Bogza	45.50938	27.19456	919
VN	Gura Caliței	45.58771	27.01743	895
VN	Oleșești	45.84815	27.09504	891
VN	Ciorani	45.98897	27.21482	873
VN	Bătinești	45.83026	27.15491	860
VN	Coroteni	45.48042	27.03027	850
VN	Năruja	45.8266	26.77785	848
VN	Bârsești	45.91026	26.73953	833
VN	Muncelu	45.95046	27.03495	825
VN	Sârbi	45.86983	27.06271	802
VN	Coza	45.90597	26.66261	799
VN	Lămotești	45.65851	27.25113	795
VN	Tătaru	45.49971	27.47037	785
VN	Irești	45.93171	26.93765	780
VN	Verdea	46.01238	26.89209	779
VN	Mihălceni	45.44353	27.30252	772
VN	Crucea de Sus	45.9204	27.08251	771
VN	Rădulești	45.74853	27.31378	768
VN	Broșteni	45.75857	27.0435	754
VN	Șișcani	46.15266	27.16759	739
VN	Dălhăuți	45.69222	27.04642	733
VN	Mirceștii Noi	45.74969	27.26966	728
VN	Vităneștii de sub Măgură	45.87541	27.02831	705
VN	Pitulușa	45.76717	27.0123	698
VN	Viișoara (Păunești)	46.05315	27.09455	687
VN	Viișoara (Vidra)	45.92099	26.82104	687
VN	Mărtinești	45.50413	27.30371	686
VN	Căiata	45.52573	27.15311	672
VN	Vizantea Răzășească	45.96889	26.81104	671
VN	Garoafa	45.78225	27.21261	668
VN	Hăulișca	45.87852	26.68303	662
VN	Diocheți-Rediu	45.92778	27.14369	661
VN	Bolotești	45.8385	27.07283	651
VN	Poiana Cristei	45.68878	26.95496	648
VN	Livezile	45.95587	26.82968	641
VN	Biceștii de Jos	45.54182	26.93096	639
VN	Poiana	45.87198	26.7572	639
VN	Făurei	45.78631	27.1993	633
VN	Ceardac	45.67204	27.1651	626
VN	Copăcești	46.09109	27.11686	618
VN	Vărsătura	45.78491	27.04272	610
VN	Găloiești	45.5519	26.95632	607
VN	Biceștii de Sus	45.55571	26.93745	605
VN	Putna	45.82492	27.09595	604
VN	Arva	45.76689	26.98333	602
VN	Călienii Vechi	45.60143	27.50733	598
VN	Bahnele	45.64325	26.73052	591
VN	Neicu	45.92004	27.07391	586
VN	Vintileasca	45.60649	26.70265	574
VN	Răchitașu	45.7304	26.80829	572
VN	Bizighești	45.81895	27.2164	571
VN	Colacu	45.89126	26.83504	571
VN	Pădureni (Jariștea)	45.79341	27.0319	569
VN	Pădureni (Mărășești)	45.93207	27.21581	569
VN	Pădureni (Tâmboești)	45.52631	27.06033	569
VN	Vrâncioaia	45.86368	26.7243	562
VN	Jiliște	45.59975	27.23841	553
VN	Andreiașu de Jos	45.75331	26.8335	549
VN	Spulber	45.74831	26.74989	549
VN	Oreavu	45.58971	27.15128	548
VN	Călimănești	45.96078	27.21477	547
VN	Mărăști	46.01346	26.84484	545
VN	Maluri	45.56239	27.44202	536
VN	Bordeștii de Jos	45.53659	27.03871	531
VN	Podu Lacului	45.64256	26.99168	525
VN	Clipicești	45.89389	27.02352	522
VN	Slobozia Botești	45.51676	27.39979	520
VN	Spinești	45.89287	26.70462	516
VN	Dumitrești	45.56281	26.92073	514
VN	Haret	45.91949	27.20845	514
VN	Șerbești	45.92043	26.97449	511
VN	Tichiriș	45.89889	26.87557	510
VN	Pătrășcani	45.82811	27.17329	505
VN	Buda	46.13288	27.30203	489
VN	Bonțești	45.6788	27.0491	486
VN	Burcioaia	46.07315	27.22691	483
VN	Argea	46.04353	27.25964	482
VN	Ivăncești	45.8095	27.13875	480
VN	Fetești	46.0323	26.75497	478
VN	Podu Nărujei	45.8189	26.75782	472
VN	Valea Beciului	45.49061	27.04247	471
VN	Topești	45.90564	26.75023	466
VN	Valea Sării	45.86829	26.80975	466
VN	Muncei	45.85172	26.67549	460
VN	Neculele	45.62634	26.7145	454
VN	Prahuda	45.78744	26.76386	452
VN	Rucăreni	45.9931	26.66748	444
VN	Varnița	45.97435	26.95995	444
VN	Jitia	45.57907	26.74608	443
VN	Chiricani	45.6929	26.71239	442
VN	Terchești	45.58265	27.05718	441
VN	Vadu Roșca	45.63804	27.45476	437
VN	Goleștii de Sus	45.6421	27.10061	424
VN	Salcia Nouă	45.45654	27.34052	424
VN	Feldioara	46.09291	27.3522	421
VN	Jitia de Jos	45.56867	26.7823	416
VN	Piscu Radului	45.96331	26.80025	398
VN	Livada	45.7757	26.91857	391
VN	Răchitosu	45.79002	27.26181	390
VN	Crucea de Jos	45.89785	27.10064	387
VN	Bordeasca Nouă	45.53822	27.28974	382
VN	Trotușanu	45.97902	27.09612	378
VN	Valea Cotești	45.62935	27.07835	378
VN	Lacu lui Baban	45.6033	26.97618	376
VN	Beciu	45.73771	27.04783	375
VN	Stupina	45.46131	27.4397	375
VN	Belciugele	45.50988	27.48505	374
VN	Plopu	45.62769	26.9602	372
VN	Mesteacănu	45.93779	26.83292	371
VN	Scafari	45.90333	26.88829	371
VN	Roșioara	45.76931	26.96632	367
VN	Mahriu	45.66672	26.96419	353
VN	Sahastru	45.72818	26.68582	348
VN	Milcovel	45.78832	26.9191	347
VN	Boghești	46.15882	27.43827	345
VN	Carșochești-Corăbița	45.72881	26.74653	345
VN	Lăstuni	45.60406	26.88319	343
VN	Tănăsoaia	46.1169	27.36143	338
VN	Voloșcani	45.92404	26.91752	334
VN	Ghimicești	45.96576	27.07532	332
VN	Poenile	45.62192	26.9829	329
VN	Podu Șchiopului	45.81141	26.65335	328
VN	Nistorești	45.82793	26.72199	323
VN	Repedea	45.92139	27.03101	321
VN	Rotileștii Mari	46.03601	26.74024	321
VN	Podurile	45.55591	26.86287	320
VN	Mănăstioara	45.95429	27.0801	318
VN	Salcia Veche	45.45804	27.30524	315
VN	Gura Văii	46.0528	26.73457	313
VN	Măgura	45.59963	26.74752	311
VN	Târâtu	45.70295	26.88662	310
VN	Lepșa	45.94837	26.57743	309
VN	Dealu Cucului	45.67447	26.98996	305
VN	Rotileștii Mici	46.03742	26.74988	305
VN	Brădăcești	45.69985	26.67463	293
VN	Călienii Noi	45.59109	27.48833	292
VN	Vetrești-Herăstrău	45.80978	26.65986	291
VN	Rădăcinești	46.18614	27.29773	285
VN	Șerbănești	46.16491	27.29766	281
VN	Cătăuți	45.54261	26.84533	279
VN	Dumitreștii de Sus	45.55854	26.89504	275
VN	Tulburea	45.5646	26.83608	274
VN	Mândrești-Moldova	45.68938	27.25377	273
VN	Râmniceanca	45.72476	27.05612	271
VN	Olteni	45.73208	27.10103	269
VN	Vitănești	45.88186	27.04312	266
VN	Românești	45.81748	26.69004	264
VN	Igești	45.82023	27.19402	260
VN	Poduri	45.88121	26.82179	256
VN	Codrești	45.41916	27.2692	255
VN	Holbănești	45.9657	27.06804	253
VN	Prisecani	46.17926	27.42403	251
VN	Costișa de Sus	46.09984	27.41244	245
VN	Ocheșești	46.1627	27.31619	244
VN	Cerbu	45.59024	26.72689	243
VN	Mirceștii Vechi	45.74349	27.28385	243
VN	Vladnicu de Sus	46.11356	27.35693	243
VN	Tișița	45.84486	27.21008	239
VN	Motnău	45.5829	26.87903	238
VN	Gogoiu	45.99957	26.839	234
VN	Reghiu	45.81601	26.85509	234
VN	Satu Nou (Ciorăști)	45.43202	27.32743	233
VN	Podu Stoica	45.82037	26.78485	228
VN	Străjescu	45.81782	27.28533	226
VN	Balta Raței	45.762	27.26897	225
VN	Dumbrava (Panciu)	45.90626	27.11028	225
VN	Dumbrava (Poiana Cristei)	45.65462	27.0055	225
VN	Ploștina	45.85031	26.65571	225
VN	Spătăreasa	45.42713	27.29479	224
VN	Scânteia	45.82204	27.02725	223
VN	Călimăneasa	46.11423	27.40656	222
VN	Doaga	45.83019	27.29191	220
VN	Ruget	45.90302	26.85925	220
VN	Vâjâitoarea	45.47995	27.30638	220
VN	Dumitreștii-Față	45.58593	26.93711	219
VN	Galbeni	46.10716	27.37423	217
VN	Domnești-Sat	46.02609	27.21266	216
VN	Plăcințeni	46.15489	27.38257	216
VN	Bâtcari	45.82723	26.71209	213
VN	Rașca	45.64068	26.93158	209
VN	Valea Milcovului	45.78218	26.85405	207
VN	Dealu Sării	45.57348	26.75568	196
VN	Petreanu	45.6889	26.93823	192
VN	Bichești	46.18628	27.4094	190
VN	Blidari (Cârligele)	45.66386	27.05532	189
VN	Blidari (Dumitrești)	45.56451	26.91279	189
VN	Armeni	45.60099	27.19153	187
VN	Poienița	45.58564	26.90828	187
VN	Precistanu	45.77254	27.21043	186
VN	Iugani	46.15214	27.42924	185
VN	Frecăței	45.96415	27.08915	184
VN	Ungureni	45.81323	26.67148	184
VN	Chiojdeni	45.56197	26.86901	182
VN	Țipău	45.7508	26.71979	181
VN	Arșița	45.74183	26.83107	176
VN	Bodești	45.8908	26.72299	174
VN	Trestia	45.60707	26.85875	173
VN	Tinoasa	45.61509	26.88725	170
VN	Tănăsari	45.61163	26.72508	169
VN	Mătăcina	45.8844	26.8117	168
VN	Farcaș	45.80352	26.82761	162
VN	Lărgășeni	46.19449	27.29282	161
VN	Pietroasa (Bolotești)	45.866	27.03515	160
VN	Pietroasa (Câmpineanca)	45.71242	27.11935	160
VN	Pietroasa (Tâmboești)	45.52251	27.04166	160
VN	Pietroasa (Vârteșcoiu)	45.69904	27.04213	160
VN	Ursoaia	45.77638	26.79761	159
VN	Roșcari	45.57227	26.91372	155
VN	Bogheștii de Sus	46.17052	27.40556	151
VN	Făgetu	45.82307	26.70076	148
VN	Brădetu	45.80125	26.62277	147
VN	Prisaca	45.86337	26.78124	147
VN	Corbița	46.15351	27.29941	146
VN	Covrag	46.08488	27.33349	146
VN	Titila	45.72728	26.83574	145
VN	Chițcani	46.14255	27.41407	143
VN	Păvălari	45.73886	26.68128	142
VN	Siminoc	45.59194	26.8709	141
VN	Trestieni	45.51498	27.02022	137
VN	Ciolănești	45.95942	27.05751	133
VN	Țepa	45.77986	26.68895	125
VN	Mărăcini	45.58055	26.84619	119
VN	Răiuți	45.82085	26.8385	119
VN	Andreiașu de Sus	45.73744	26.83582	115
VN	Rebegari	45.82372	26.74123	111
VN	Pleșești	46.15482	27.44872	107
VN	Cocoșari	45.61176	26.96541	101
VN	Nănești	45.54867	27.49973	101
VN	Nănești (Tănăsoaia)	46.09806	27.37209	101
VN	Poiana Stoichii	45.66006	26.74949	98
VN	După Măgura	45.63006	26.73755	95
VN	Odobasca	45.65951	26.9788	92
VN	Tăbucești	46.16894	27.44148	92
VN	Izvoarele	46.15549	27.34413	90
VN	Greșu	45.95037	26.49779	89
VN	Vâlcani	45.77026	26.78275	85
VN	Jgheaburi	45.81502	26.83004	82
VN	Lojnița	45.58561	26.83689	78
VN	Valea Mică	45.59715	26.91793	75
VN	Tuțu	46.17558	27.27122	74
VN	Lupoaia	45.54268	26.90819	72
VN	Seciu	45.53617	26.83069	72
VN	Olăreni	45.48447	27.00692	71
VN	Alexandru Vlahuță	45.54225	27.10738	70
VN	Fetig	45.73875	26.78153	57
VN	Groapa Tufei	45.60066	26.999	57
VN	Văleni (Movilița)	45.9537	27.09495	56
VN	Văleni (Ruginești)	46.0712	27.15444	56
VN	Văleni (Străoane)	45.91126	27.05567	56
VN	Ghebari	45.77982	26.78525	53
VN	Morărești	45.73336	26.75622	50
VN	Modruzeni	45.90571	27.23093	43
VN	Hotaru	45.72632	26.85212	41
VN	Costișa (Homocea)	46.1769	27.20602	24
VN	Costișa (Tănăsoaia)	46.09383	27.42443	24
VN	Piscu Reghiului	45.79463	26.80227	24
VN	Vâlcelele	46.16193	27.33414	23
VN	Șotârcari	45.60778	26.98228	19
VN	Valea Neagră	45.80832	26.63649	19
VN	Vladnicu de Jos	46.09657	27.3617	15
VN	Bălănești	45.6	26.95	8
VN	Tojanii de Jos	45.76972	26.72049	6
VN	Tojanii de Sus	45.76972	26.72049	6
VN	Ciorăști	45.43535	27.31452	0
VN	Dealu Lung	45.62126	26.9455	0
VN	Jorăști	45.71275	27.2645	0
VN	Siretu	45.88421	27.23614	0
VN	Slobozia Ciorăști	45.61662	27.20248	0
VN	Soveja	45.9945	26.66871	0
VN	Vizantea-Livezi	45.95	26.83333	0
VS	Bârlad	46.22766	27.66923	55837
VS	Vaslui	46.64069	27.72765	49792
VS	Huși	46.67586	28.05899	26266
VS	Negrești	46.83655	27.45717	5707
VS	Valea Mare (Negrești)	46.81343	27.46068	5707
VS	Zorleni	46.26359	27.71958	4621
VS	Murgeni	46.20639	28.01941	3612
VS	Perieni	46.30627	27.61093	3536
VS	Vetrișoaia	46.4296	28.20937	2662
VS	Popeni (Găgești)	46.35482	27.97542	2588
VS	Popeni (Zorleni)	46.24685	27.80294	2588
VS	Stănilești	46.6206	28.1731	2531
VS	Ivești	46.19268	27.53621	2409
VS	Băcești	46.8115	27.24057	2355
VS	Pușcași	46.6196	27.64397	2312
VS	Fălciu	46.29305	28.1416	2245
VS	Berezeni	46.39281	28.12311	2129
VS	Satu Nou (Berezeni)	46.35386	28.14728	2129
VS	Codăești	46.8711	27.76603	2024
VS	Dumești	46.83762	27.30139	1993
VS	Valea Mare (Dumești)	46.83249	27.3289	1993
VS	Lunca Banului	46.59731	28.16737	1930
VS	Ferești	46.78322	27.69691	1897
VS	Costești	46.49625	27.76204	1846
VS	Rafaila	46.80191	27.36391	1835
VS	Laza	46.64634	27.59149	1767
VS	Muntenii de Jos	46.60514	27.76873	1760
VS	Ghermănești (Banca)	46.32471	27.83671	1753
VS	Ghermănești (Drânceni)	46.82897	28.07902	1753
VS	Râșești	46.77197	28.14038	1697
VS	Tanacu	46.67511	27.84479	1668
VS	Valea Grecului	46.71952	28.10137	1601
VS	Moara Grecilor	46.67221	27.74173	1568
VS	Fundu Văii (Lipovăț)	46.54667	27.67645	1520
VS	Lipovăț	46.56723	27.70972	1520
VS	Grivița	46.16148	27.6606	1504
VS	Vutcani	46.46443	27.9467	1481
VS	Dodești	46.34927	27.91555	1457
VS	Buda (Alexandru Vlahuță)	46.46874	27.60423	1436
VS	Buda (Bogdănești)	46.49186	27.71192	1436
VS	Buda (Oșești)	46.76267	27.42481	1436
VS	Zăpodeni	46.74749	27.64872	1416
VS	Puiești	46.42425	27.48616	1321
VS	Viișoara	46.38148	27.89681	1280
VS	Viișoara (Todirești)	46.83074	27.36098	1280
VS	Viișoara (Vaslui)	46.38148	27.89681	1280
VS	Oșești	46.76229	27.48163	1277
VS	Rădeni	46.59193	27.37003	1273
VS	Băcani	46.32377	27.67764	1267
VS	Pribești	46.91215	27.79439	1247
VS	Trestiana	46.19009	27.66966	1223
VS	Corni-Albești	46.51949	27.87138	1220
VS	Chircești	46.84558	27.84809	1217
VS	Pogonești	46.15454	27.53406	1209
VS	Bunești	46.83162	27.9703	1208
VS	Bunești-Averești	46.83333	27.96667	1208
VS	Duda	46.74981	28.04164	1202
VS	Duda-Epureni	46.70528	28.03167	1202
VS	Pădureni	46.62272	28.07702	1198
VS	Pădureni (Oșești)	46.78569	27.43922	1198
VS	Șuletea	46.30059	27.9231	1194
VS	Bădeana	46.16308	27.59527	1188
VS	Iana	46.37456	27.56257	1185
VS	Doagele	46.66728	27.33006	1156
VS	Tutova	46.1168	27.55525	1148
VS	Moara Domnească	46.7166	27.75661	1147
VS	Gara Banca	46.33602	27.79379	1146
VS	Fâstâci	46.73089	27.4468	1140
VS	Roșiești	46.44447	27.88946	1140
VS	Simila	46.26617	27.69496	1137
VS	Pogănești	46.69327	28.16539	1099
VS	Blăgești	46.13451	28.01248	1096
VS	Bârzești	46.74293	27.56111	1054
VS	Gugești	46.76592	27.89194	1044
VS	Satu Nou (Solești)	46.78267	27.79864	1043
VS	Solești	46.76863	27.80727	1043
VS	Muntenii de Sus	46.69382	27.75387	1039
VS	Satu Nou (Muntenii de Sus)	46.69703	27.74662	1039
VS	Bursuci	46.22109	27.86627	1018
VS	Fruntișeni	46.20463	27.76683	1010
VS	Vulturești	46.79873	27.53238	1010
VS	Banca	46.34703	27.78642	1008
VS	Satu Nou (Banca)	46.69703	27.74662	1008
VS	Sauca	46.65744	27.59887	1008
VS	Cârja	46.15531	28.1043	1003
VS	Chițoc	46.59399	27.67217	996
VS	Gherghești	46.49757	27.53473	983
VS	Miclești	46.8248	27.8325	975
VS	Miclești (Banca)	46.32379	27.8991	975
VS	Hălărești	46.39659	27.55509	970
VS	Rânzești	46.22033	28.09347	956
VS	Sălceni	46.06177	27.56875	951
VS	Bălteni	46.67497	27.60664	950
VS	Gârceni	46.75422	27.30606	944
VS	Vinderei	46.14803	27.79538	934
VS	Emil Racoviță	46.8737	27.6812	929
VS	Boțești	46.78727	27.89535	922
VS	Târzii	46.5681	27.86977	922
VS	Epureni	46.24506	27.89798	915
VS	Epureni (Duda-Epureni)	46.70629	28.038	915
VS	Ciocani	46.26212	27.55217	895
VS	Pungești	46.70703	27.33747	892
VS	Todirești	46.85094	27.39149	889
VS	Unțești	46.3995	27.72987	889
VS	Obârșenii Lingurari	46.59046	27.43596	886
VS	Brodoc	46.65144	27.67421	885
VS	Drăxeni	46.5823	27.47493	848
VS	Draxeni	46.5823	27.47493	848
VS	Focșeasca	46.93347	27.633	837
VS	Tăcuta	46.93029	27.67024	833
VS	Gușiței	46.45757	28.02648	829
VS	Buhăiești	46.78348	27.5207	825
VS	Alexandru Vlahuță	46.44554	27.62843	822
VS	Tomești	46.35315	27.58013	816
VS	Mânjești	46.60397	27.80785	812
VS	Șerbotești	46.80959	27.77586	806
VS	Oprișița	46.61377	27.56905	804
VS	Mărășeni	46.70017	27.66491	795
VS	Fundu Văii (Poienești)	46.57459	27.52336	791
VS	Poienești	46.62839	27.53039	791
VS	Grăjdeni	46.1899	27.77862	785
VS	Oțetoaia	46.58126	28.17367	776
VS	Bălești	46.71681	27.52109	755
VS	Pogana	46.31575	27.57464	753
VS	Delești	46.68886	27.55335	745
VS	Gârdești	46.5509	27.45068	728
VS	Bârlălești	46.22074	27.91649	719
VS	Barboși	46.48765	27.96712	712
VS	Arsura	46.81393	28.02219	711
VS	Bogești	46.34393	27.54843	707
VS	Hurdugi	46.50806	28.05694	699
VS	Protopopești	46.96636	27.63761	683
VS	Mânzați	46.44285	27.594	680
VS	Bălțați	46.699	27.89781	675
VS	Crețeștii de Sus	46.63699	27.9791	669
VS	Floreni	46.23828	27.97732	668
VS	Raiu	46.24138	28.01442	659
VS	Vinețești	46.62285	27.88951	655
VS	Rusca	46.64201	28.06344	654
VS	Florești	46.55271	27.56122	640
VS	Mălușteni	46.17566	27.92557	638
VS	Rediu Galian	46.89073	27.72369	637
VS	Ibănești	46.39559	27.62351	634
VS	Armășoaia	46.68216	27.39087	633
VS	Portari	46.73585	27.69816	633
VS	Parpanița	46.83343	27.48683	624
VS	Valea lui Darie	46.45428	27.93592	623
VS	Docani	46.14166	27.75089	621
VS	Avrămești	46.55313	27.35928	617
VS	Copăceana	46.35532	28.06392	617
VS	Dragomirești	46.62968	27.33962	615
VS	Dănești	46.84687	27.67114	605
VS	Stoișești	46.3418	27.85056	604
VS	Băcăoani	46.5811	27.7784	598
VS	Țuțcani	46.16177	27.94874	593
VS	Fedești	46.30441	27.87434	581
VS	Tătărăni	46.69509	27.96195	581
VS	Tătărăni (Dănești)	46.80515	27.6731	581
VS	Giurcani	46.28138	27.9809	579
VS	Huc	46.83021	27.406	573
VS	Rânceni	46.40361	28.10702	573
VS	Oțeleni	46.5391	27.97933	570
VS	Corbu	46.58237	27.70658	569
VS	Bogdana	46.52666	27.63114	568
VS	Odaia Bursucani	46.15144	27.70875	566
VS	Peicani	46.3038	27.98677	564
VS	Crețești	46.63991	27.97794	561
VS	Satu Nou (Crețești)	46.65508	27.97489	561
VS	Brădești	46.16188	27.77219	557
VS	Măscurei	46.33937	27.52371	556
VS	Schineni	46.20133	27.95071	544
VS	Coroiești	46.2434	27.48761	543
VS	Coroiești (Bogdănița)	46.43777	27.67302	543
VS	Bogdănești	46.45322	27.72305	542
VS	Bogdănești (Fălciu)	46.25208	28.11047	542
VS	Hârsova	46.66928	27.54347	530
VS	Rateșu Cuzei	46.83979	27.56043	530
VS	Chersăcosu	46.71835	28.13763	526
VS	Deleni	46.53058	27.7601	526
VS	Deleni (Hoceni)	46.5196	27.98411	526
VS	Teișoru	46.60507	27.58745	514
VS	Hoceni	46.51408	27.98036	512
VS	Slobozia	46.75143	27.22823	498
VS	Lălești	46.47399	27.42438	495
VS	Lupești	46.1786	27.88026	495
VS	Găgești	46.33092	27.97012	494
VS	Lunca	46.4558	27.54433	490
VS	Băltățeni	46.32958	27.69006	483
VS	Grumezoaia	46.55758	28.03735	483
VS	Bahnari	46.64158	27.7987	481
VS	Crasna	46.50875	27.8282	478
VS	Ivănești	46.63252	27.45438	477
VS	Ivănești (Pădureni)	46.56286	28.1155	477
VS	Valea Mare (Ivănești)	46.66035	27.4876	477
VS	Fundătura (Arsura)	46.79666	28.02306	474
VS	Fundătura (Delești)	46.68705	27.53027	474
VS	Mușata	46.44228	28.08883	472
VS	Rebricea	46.85502	27.5572	472
VS	Mireni	46.31462	27.48953	467
VS	Broscoșești	46.56881	28.22018	461
VS	Vladia	46.6383	27.31378	456
VS	Ghergheleu	46.85336	27.71635	454
VS	Crâng	46.24461	27.60936	453
VS	Chetrosu	46.56958	27.50388	450
VS	Ștefan cel Mare	46.71648	27.62999	450
VS	Cepești	46.38582	27.68068	447
VS	Crivești	46.09	27.56171	446
VS	Pâhnești	46.78024	28.03555	445
VS	Bălteni-Deal	46.66068	27.61393	444
VS	Popești (Dragomirești)	46.59206	27.39967	444
VS	Popești (Miclești)	46.79289	27.83933	444
VS	Drujești	46.30725	27.67398	439
VS	Cristești	46.46336	27.45539	436
VS	Dumeștii Vechi	46.83237	27.30655	434
VS	Băbușa	46.80819	27.22553	433
VS	Broșteni	46.6341	27.4909	433
VS	Tufeștii de Jos	46.8809	27.62119	433
VS	Cetățuia	46.43015	27.43346	432
VS	Oltenești	46.58291	27.90248	431
VS	Gura Văii	46.64501	28.15755	430
VS	Horga	46.27949	27.89017	429
VS	Căzănești	46.86629	27.49878	428
VS	Sârbi	46.39343	27.80478	428
VS	Știoborăni	46.74901	27.85693	427
VS	Țifu	46.33423	27.88903	421
VS	Păltiniș	46.79058	27.24328	418
VS	1 Decembrie	46.35805	27.8086	417
VS	Suseni	46.35244	27.6646	417
VS	Secuia	46.56581	27.79939	414
VS	Recea	46.44696	27.55089	411
VS	Ruși	46.4583	27.50482	408
VS	Ulea	46.41997	27.73347	406
VS	Iaz	46.82013	27.75817	404
VS	Bleșca	46.65799	27.40379	403
VS	Frasinu	46.61665	27.50546	396
VS	Călimănești	46.49929	27.42438	395
VS	Gura Idrici	46.41428	27.88077	391
VS	Mânzătești	46.15636	27.88617	391
VS	Bozia	46.34035	28.12007	389
VS	Drăgești	46.8669	27.38791	388
VS	Docăneasa	46.11254	27.79782	385
VS	Chițcani	46.45324	27.78228	378
VS	Drânceni	46.77031	28.11714	377
VS	Plotonești	46.55573	28.07374	375
VS	Voinești	46.56159	27.42702	373
VS	Voinești (Vulturești)	46.81828	27.51244	373
VS	Benești	46.69673	27.82719	372
VS	Mălăiești	46.46322	27.97089	370
VS	Cioatele	46.82986	27.43004	368
VS	Bulboaca	46.54834	27.77671	367
VS	Brăhășoaia	46.71701	27.60295	365
VS	Dumasca	46.92504	27.70532	365
VS	Dobroslovești	46.77023	27.60667	359
VS	Telejna	46.78273	27.64636	359
VS	Cotic	46.87222	27.36479	358
VS	Mitoc	46.38139	27.78151	358
VS	Hreasca	46.33972	27.49995	354
VS	Odaia Bogdana	46.28835	28.08145	354
VS	Idrici	46.46886	27.90048	353
VS	Tupilați	46.39382	27.9777	346
VS	Poiana lui Alexa	46.61839	27.61622	343
VS	Coșca	46.68132	27.47456	342
VS	Gara Roșiești	46.42941	27.83328	339
VS	Siliștea (Iana)	46.42796	27.56157	339
VS	Siliștea (Pungești)	46.69067	27.36803	339
VS	Siliștea (Todirești)	46.83901	27.40985	339
VS	Crăciunești	46.87136	27.5296	335
VS	Lacu Babei	46.5854	27.58801	333
VS	Șișcani	46.58187	27.99504	332
VS	Lățești	46.1848	27.98376	329
VS	Mircești	46.90007	27.67051	324
VS	Valea Oanei	46.66685	27.4299	321
VS	Vovriești	46.87119	27.2038	317
VS	Poiana Pietrei	46.6465	27.34755	312
VS	Vadurile	46.37117	27.54326	312
VS	Sărățeni	46.1938	27.95959	304
VS	Igești	46.151	27.99419	300
VS	Budu Cantemir	46.61409	28.12655	295
VS	Puntișeni	46.47794	27.76495	294
VS	Cursești-Vale	46.71831	27.37451	293
VS	Plopi	46.771	27.99143	290
VS	Urlați	46.56686	28.05151	290
VS	Valea Siliștei	46.7461	27.82825	290
VS	Râșnița	46.66074	27.57373	287
VS	Obârșeni (Vinderei)	46.18325	27.84309	286
VS	Obârșeni (Voinești)	46.58325	27.45376	286
VS	Boușori	46.7312	27.82528	284
VS	Valea Lungă	46.14802	27.83214	280
VS	Averești	46.78564	27.98561	277
VS	Căpușneni	46.52485	27.68527	277
VS	Ursoaia	46.65041	27.40541	277
VS	Borodești	46.05576	27.58438	276
VS	Crângu Nou	46.27562	27.56732	272
VS	Iezer	46.41116	27.52403	272
VS	Sasova	46.88027	27.57831	272
VS	Stejaru	46.68575	27.31649	272
VS	Cozmești	46.72607	27.49049	270
VS	Trohan	46.72999	27.28628	270
VS	Tunsești	46.48337	27.65756	269
VS	Urdești	46.34865	27.9424	267
VS	Podu Oprii	46.83285	27.94589	266
VS	Racovița	46.75805	27.25827	266
VS	Corodești	46.52928	27.51143	262
VS	Jigălia	46.31275	27.92121	261
VS	Dumbrăveni	46.76463	27.33902	255
VS	Belzeni	46.62076	27.30616	253
VS	Rășcani (Dănești)	46.85634	27.62992	252
VS	Rășcani (Șuletea)	46.31625	27.90062	252
VS	Buscata	46.63383	27.41668	251
VS	Plopoasa	46.81629	27.37142	250
VS	Dealu Mare	46.22468	27.71755	249
VS	Leoști (Pădureni)	46.61151	28.07252	249
VS	Leoști (Tătărăni)	46.66302	27.94493	249
VS	Stuhuleț	46.41419	28.06732	247
VS	Bereasa	46.83147	27.65496	246
VS	Glodeni	46.84027	27.51839	245
VS	Budești	46.61109	27.95369	243
VS	Tatomirești	46.90142	27.53227	243
VS	Uncești	46.79859	27.59812	243
VS	Coșești	46.67482	27.45192	240
VS	Movileni	46.27025	27.5135	236
VS	Halta Dodești	46.37588	27.82216	235
VS	Cănțălărești	46.7302	27.61995	234
VS	Curteni	46.60064	27.93406	232
VS	Morăreni	46.50825	27.58967	229
VS	Răduiești	46.69609	27.58316	228
VS	Bolați	46.84616	27.5937	226
VS	Viltotești	46.37889	27.87714	226
VS	Davidești	46.60417	28.0903	224
VS	Delea	46.69627	27.70224	223
VS	Mărășești	46.52368	27.4129	221
VS	Ghireasca	46.19837	27.89594	219
VS	Suceveni	46.53629	27.64652	219
VS	Poiana	46.8062	27.48603	218
VS	Polocin	46.13706	27.5294	217
VS	Albești	46.50001	27.86136	216
VS	Albești (Delești)	46.70461	27.54544	216
VS	Chilieni	46.30241	27.47681	214
VS	Băncești	46.5404	27.44608	213
VS	Pochidia	46.04618	27.55454	213
VS	Satu Nou (Pochidia)	46.04398	27.59501	213
VS	Racova	46.7438	27.24779	210
VS	Zizinca	46.54892	27.7646	210
VS	Vulpășeni	46.36217	27.67692	208
VS	Țibăneștii Buhlii	46.86338	27.2444	207
VS	Verdeș	46.54803	27.61654	206
VS	Stroiești	46.72397	27.97879	205
VS	Cursești-Deal	46.71268	27.38874	204
VS	Stâncășeni	46.5181	27.47448	203
VS	Bogdana-Voloseni	46.63846	28.11844	199
VS	Gara Tălășman	46.13417	27.84061	199
VS	Rediu (Hoceni)	46.54633	27.93117	196
VS	Rediu (Roșiești)	46.47471	27.8685	196
VS	Rediu (Vaslui)	46.63512	27.6942	196
VS	Ghicani	46.3939	27.65228	195
VS	Orgoiești	46.48952	27.6936	193
VS	Tulești	46.60235	27.32713	193
VS	Vizureni	46.08272	27.5896	190
VS	Bărtăluș-Mocani	46.39365	27.45431	188
VS	Poșta Elan	46.41496	27.99595	184
VS	Roșiori	46.7962	27.97544	182
VS	Cârțibași	46.4565	27.66842	180
VS	Focșa	46.56429	28.19074	179
VS	Gura Albești	46.46906	27.83816	179
VS	Armășeni (Băcești)	46.84334	27.25123	178
VS	Armășeni (Bunești-Averești)	46.8073	27.98297	178
VS	Coroiu	46.10537	27.54227	175
VS	Măcrești (Rebricea)	46.8916	27.53479	175
VS	Măcrești (Zăpodeni)	46.81234	27.59551	175
VS	Rădești	46.4778	27.7902	172
VS	Strâmtura-Mitoc	46.36138	27.78362	172
VS	Fulgu	46.49712	27.39268	170
VS	Hârșoveni	46.64305	27.50657	169
VS	Bumbăta	46.48471	28.22487	168
VS	Văleni	46.74641	27.7625	168
VS	Văleni (Pădureni)	46.59478	28.06426	168
VS	Văleni (Viișoara)	46.38544	27.84495	168
VS	Coroieștii de Sus	46.26279	27.49001	165
VS	Ciortolom	46.11137	27.5736	164
VS	Sofronești	46.88034	27.37639	162
VS	Cârjoani	46.32272	27.53049	160
VS	Butucăria	46.79659	27.6258	159
VS	Horoiata	46.35673	27.74707	159
VS	Valea Târgului	46.65549	27.65248	159
VS	Ciofeni	46.75755	27.6327	157
VS	Rotari	46.41602	27.45921	156
VS	Gâlțești	46.43291	27.51517	151
VS	Dinga	46.49508	27.73434	149
VS	Valea lui Bosie	46.71025	27.97381	148
VS	Bobești	46.72217	28.00039	147
VS	Călugăreni	46.72835	27.5745	144
VS	Vișinari	46.46395	27.69947	142
VS	Hupca	46.40602	27.71246	139
VS	Fundătura Mare	46.70357	27.44907	138
VS	Puțu Olarului	46.37503	27.64513	137
VS	Crăsnășeni	46.67029	27.95693	136
VS	Fântânele	46.49634	27.45078	136
VS	Tomșa	46.56832	27.99447	136
VS	Belcești	46.15506	27.51474	135
VS	Bogdănița	46.45899	27.6837	130
VS	Băbuța	46.60911	27.35256	129
VS	Chetrești	46.68282	27.59154	129
VS	Valea Popii	46.86231	27.41072	127
VS	Mânăstirea (Delești)	46.69529	27.55371	126
VS	Mânăstirea (Mălușteni)	46.17879	27.95524	126
VS	Poienești-Deal	46.58788	27.53354	124
VS	Căpotești	46.5938	28.09736	119
VS	Sipeni	46.13602	27.98247	119
VS	Muntenești	46.75864	27.53084	118
VS	Pârvești	46.47459	27.74185	114
VS	Cujba	46.95655	27.66258	112
VS	Zgura	46.56902	27.93773	111
VS	Giurgești	46.73596	27.97552	110
VS	Codreni	46.48048	27.90325	109
VS	Rădăești	46.40896	27.68021	109
VS	Iezerel	46.65229	27.43587	105
VS	Gara Docăneasa	46.11384	27.78555	104
VS	Mihail Kogălniceanu	46.79506	28.06852	103
VS	Soci	46.49224	27.55579	103
VS	Bărtăluș-Răzeși	46.38127	27.46084	101
VS	Lunca Veche	46.52944	28.17469	101
VS	Fântâna Blănarului	46.59329	27.59892	95
VS	Sofieni	46.95154	27.64663	94
VS	Vlădești	46.45248	27.70854	93
VS	Uricari	46.57471	27.36375	88
VS	Găvanu	46.508	27.61053	86
VS	Rugăria	46.60354	27.46328	80
VS	Lazu	46.57756	27.4932	75
VS	Schinetea	46.86243	27.25824	75
VS	Albița	46.79799	28.14358	73
VS	Boțoaia	46.82559	27.63494	71
VS	Vâlcele	46.74704	27.44614	70
VS	Sălcioara	46.34384	27.77145	67
VS	Similișoara	46.5176	27.60738	65
VS	Schitu	46.50287	27.67116	62
VS	Dragomănești	46.50056	27.52758	58
VS	Fundătura Mică	46.70411	27.43693	58
VS	Ciuperca	46.61031	27.40702	53
VS	Condrea	46.54089	28.21476	53
VS	Bejenești	46.65098	27.61489	52
VS	Rapșa	46.71118	27.41467	47
VS	Băile Drânceni	46.81557	28.10226	46
VS	Semenea	46.60709	27.37047	46
VS	Tălpigeni	46.83719	27.88733	42
VS	Gănești	46.81276	27.92401	41
VS	Hordilești	46.7444	27.50908	37
VS	Săratu	46.62218	28.23797	37
VS	Moreni	46.51369	27.73278	36
VS	Păcurărești	46.28325	27.48462	35
VS	Valea Seacă	46.75101	27.9755	35
VS	Manțu	46.73547	27.92798	32
VS	Arșița	46.56002	27.62356	30
VS	Podeni	46.80006	27.56617	28
VS	Șopârleni	46.75963	28.11912	27
VS	Podu Petriș	46.23892	27.53397	18
VS	Corobănești	46.51501	27.46389	13
VS	Valea Lupului	46.48419	27.54685	7
VS	Hordila	46.709	27.43029	6
VS	Albina	46.65821	27.37209	3
VS	Botoi	46.60364	27.38519	0
VS	Dealu Secării	46.51918	27.56707	0
VS	Dimitrie Cantemir	46.5	28.05	0
VS	Pâhna	46.55528	27.86895	0
VS	Plopeni	46.58003	27.59985	0
VS	Răducani	46.58576	28.22918	0
VS	Tăbălăiești	46.76314	27.97664	0
VS	Todireni	46.51091	28.12777	0
VS	Toporăști	46.69014	27.41289	0
